;party_rk;gender_cd;age;citizenship_country_nm;monthly_income_amt;first_bank_product_date;first_session_dttm;lvn_state_nm;risk_level_cd
0;689735108;F;27;˜˜;0;2023-04-12;2023-04-12 19:12:48;˜˜˜˜˜˜˜˜˜˜˜ ˜˜˜;LWR
1;288221639;M;55;˜˜;370;2023-06-13;2023-06-13 12:48:41;˜˜˜˜˜˜˜˜˜˜˜ ˜˜˜;LWR
2;1019345691;M;19;˜˜;185;2022-04-07;2022-04-07 16:09:35;0;LWR
3;330896377;F;17;˜˜;0;2023-01-24;2024-01-10 10:45:29;0;LWR
4;757439767;M;39;˜˜;879;2010-06-11;2019-05-31 15:42:05;˜˜˜˜˜˜˜˜˜˜ ˜˜˜;LWR
5;524338857;M;44;˜˜;805;2013-06-14;2018-03-30 14:03:04;˜˜˜˜˜˜˜˜ ˜˜˜˜;LWR
6;509084107;F;18;˜˜;0;2021-03-19;2022-03-11 06:22:15;0;LWR
7;1147863622;F;54;˜˜;648;2017-08-01;2017-08-17 14:38:08;˜˜˜˜˜˜;MED
8;670790603;M;29;˜˜;879;2019-09-23;2019-09-27 17:31:39;˜˜˜˜˜˜˜˜˜˜˜ ˜˜˜;LWR
9;683759;M;18;˜˜;740;2021-12-09;2022-05-15 22:29:11;˜˜˜˜˜˜˜˜˜˜˜ ˜˜˜;LWR
10;1050831842;F;39;˜˜;0;2021-06-16;2021-06-17 15:10:07;˜˜˜˜˜˜˜˜˜˜˜ ˜˜˜;LWR
11;1058390684;M;54;˜˜;490;2018-06-25;2022-02-09 23:02:03;˜ ˜˜˜˜˜-˜˜˜˜˜˜˜˜˜;LWR
12;314582469;F;51;˜˜;370;2021-07-29;2022-02-16 19:18:20;˜˜˜˜ ˜˜˜˜˜˜˜˜;LWR
13;848626305;M;54;˜˜;1574;2015-12-01;2022-10-13 11:24:29;˜˜˜˜˜˜˜˜˜˜ ˜˜˜;LWR
14;861834197;F;33;˜˜;1851;2018-04-03;2018-04-05 19:30:19;˜˜˜˜˜˜˜˜˜˜˜˜˜ ˜˜˜˜;LWR
15;1171398406;M;22;˜˜;231;2020-05-22;2020-05-23 11:22:28;˜˜˜˜˜˜˜˜˜˜ ˜˜˜;LWR
16;237654083;F;36;˜˜;324;2019-12-11;2019-12-18 17:53:04;˜˜˜˜˜˜˜˜˜˜˜˜˜˜ ˜˜˜˜;LWR
17;329922842;M;26;˜˜;648;2019-12-15;2019-12-16 18:19:23;˜ ˜˜˜˜˜˜;LWR
18;908936091;M;39;˜˜;555;2020-05-20;2020-05-21 19:37:51;˜˜˜˜˜˜˜˜˜˜˜ ˜˜˜;LWR
19;388754870;M;25;˜˜;879;2019-05-25;2019-11-30 14:36:14;˜˜˜˜˜˜˜˜˜˜˜˜˜ ˜˜˜;LWR
20;852579510;F;48;˜˜;1111;2021-04-04;2022-02-20 07:58:54;˜˜˜˜˜˜˜˜˜˜˜˜ ˜˜˜˜;LWR
21;553776590;M;41;˜˜;0;2024-06-20;2024-06-20 16:13:59;˜˜˜˜˜˜˜˜˜˜˜˜ ˜˜˜;LWR
22;902009819;F;30;˜˜;0;2021-10-11;2022-03-21 11:30:17;0;LWR
23;138426926;F;26;˜˜;0;2020-03-06;2021-07-10 13:40:25;˜˜˜˜˜˜˜˜˜˜ ˜˜˜˜;LWR
24;342928347;M;25;˜˜;1425;2021-06-29;2021-04-05 09:28:10;˜˜˜˜˜˜˜˜˜˜˜˜ ˜˜˜˜;LWR
25;507241695;F;47;˜˜;925;2019-02-22;2019-03-01 18:02:16;˜˜˜˜˜˜˜˜˜˜˜˜ ˜˜˜˜;LWR
26;1140528077;M;47;˜˜;462;2022-06-12;2022-06-12 08:55:58;˜˜˜˜˜˜˜˜˜˜˜˜˜˜˜ ˜˜˜;LWR
27;704400978;M;52;˜˜;555;2019-05-28;2019-06-01 13:20:54;˜˜˜˜˜˜˜˜˜˜˜˜˜ ˜˜˜˜;LWR
28;367256916;M;60;˜˜;555;2021-07-23;2022-02-10 05:49:23;˜ ˜˜˜˜˜˜;LWR
29;388206333;M;29;˜˜;1481;2021-10-31;2021-11-29 18:51:05;˜˜˜˜ ˜˜˜˜˜˜˜;LWR
30;669181268;M;31;˜˜;277;2019-08-25;2019-09-15 11:09:30;˜˜˜˜ ˜˜˜˜˜˜˜˜˜-˜˜˜˜˜˜˜˜˜˜;LWR
31;250416891;F;32;˜˜;416;2022-04-11;2022-04-11 14:43:44;0;LWR
32;814361086;M;45;˜˜;1388;2013-10-23;2022-09-21 15:34:30;˜˜˜˜˜˜˜˜˜˜˜˜˜ ˜˜˜;LWR
33;377204297;M;15;˜˜;0;2023-12-05;2023-12-08 08:41:50;0;LWR
34;156520727;M;54;˜˜;1574;2024-10-09;2024-10-10 16:49:19;˜ ˜˜˜˜˜˜;LWR
35;1065039307;M;27;˜˜;0;2017-02-02;2017-02-04 15:02:15;˜ ˜˜˜˜˜˜;LWR
36;637386244;F;41;˜˜;0;2022-10-21;2022-10-21 11:08:33;˜˜˜˜ ˜˜˜˜˜˜˜˜ ˜˜˜˜˜˜˜˜;LWR
37;829680393;F;32;˜˜;1851;2024-11-13;2024-11-18 09:02:10;˜˜˜˜˜˜˜˜˜˜ ˜˜˜;LWR
38;807087718;M;17;˜˜;0;2021-09-05;2021-09-08 09:36:46;˜ ˜˜˜˜˜˜;LWR
39;277999504;M;29;˜˜;648;2023-04-22;2023-04-22 12:49:30;˜˜˜˜˜˜˜˜˜˜ ˜˜˜;LWR
40;377507972;F;30;˜˜;0;2017-03-25;2017-03-27 16:39:16;˜˜˜˜˜-˜˜˜˜˜˜˜˜˜;LWR
41;676473456;F;20;˜˜;277;2022-11-29;2022-11-29 13:41:44;˜ ˜˜˜˜˜˜;LWR
42;801847352;F;33;˜˜;2777;2015-09-08;2020-09-03 14:21:47;˜˜˜˜˜˜˜˜˜˜ ˜˜˜;MED
43;862599347;F;49;˜˜;231;2019-05-18;2019-05-18 17:51:04;˜˜˜˜˜˜˜˜˜ ˜˜˜;LWR
44;603424557;M;34;˜˜;1666;2018-07-29;2018-08-02 15:19:15;˜˜˜˜˜˜˜˜˜ ˜˜˜;LWR
45;591464933;F;31;˜˜;462;2022-07-21;2022-07-21 11:28:44;˜˜˜˜ ˜˜˜˜˜ ˜˜;LWR
46;334539743;F;52;˜˜;601;2022-11-01;2022-11-01 16:37:24;˜˜˜˜ ˜˜˜˜˜˜˜;LWR
47;726439456;F;37;˜˜;0;2023-04-10;2023-04-10 01:31:17;0;LWR
48;1035638277;F;50;˜˜;0;2022-04-03;2022-04-05 18:28:24;0;LWR
49;604917675;M;51;˜˜;1111;2023-06-11;2023-06-18 14:29:34;˜˜˜˜˜˜˜˜˜˜˜˜˜ ˜˜˜;LWR
50;701759892;M;50;˜˜;462;2024-11-06;2024-11-06 05:46:50;˜˜˜˜˜˜˜˜˜˜˜ ˜˜˜˜˜˜˜ - ˜˜˜˜˜˜˜;LWR
51;258854979;F;19;˜˜;0;2022-02-10;2022-02-10 15:14:54;0;LWR
52;1186414733;F;43;˜˜;740;2021-02-14;2022-02-09 11:13:31;˜ ˜˜˜˜˜˜;LWR
53;1208732602;F;33;˜˜;1574;2023-01-21;2022-06-22 13:53:43;˜˜˜˜˜˜˜˜˜ ˜˜˜;LWR
54;556553557;F;34;˜˜;925;2020-07-21;2020-07-23 15:53:25;˜˜˜˜˜˜˜˜˜˜ ˜˜˜;LWR
55;757062252;M;20;˜˜;370;2022-08-26;2023-05-17 11:43:36;˜˜˜˜˜˜˜˜˜˜˜˜ ˜˜˜;LWR
56;368903404;M;44;˜˜;1620;2017-04-20;2017-05-11 17:36:33;˜˜˜˜˜˜˜˜˜ ˜˜˜;LWR
57;156863429;M;26;˜˜;324;2018-01-17;2018-01-19 11:22:01;˜˜˜˜˜˜˜˜˜˜˜˜ ˜˜˜;LWR
58;73955343;M;37;˜˜;462;2020-04-06;2020-04-09 19:27:49;˜˜˜˜˜˜˜˜˜˜ ˜˜˜;LWR
59;851127458;M;23;˜˜;555;2022-12-15;2022-12-15 13:35:43;˜˜˜˜˜˜˜˜˜˜˜˜ ˜˜˜;LWR
60;260177557;F;35;˜˜;0;2023-02-01;2023-02-01 05:24:36;0;LWR
61;218213233;F;36;˜˜;740;2019-05-06;2019-05-07 10:37:05;˜ ˜˜˜˜˜˜;LWR
62;771953980;F;25;˜˜;231;2018-12-06;2018-12-08 16:02:28;˜˜˜˜ ˜˜˜˜˜˜˜˜˜˜;LWR
63;1218573895;0;24;˜˜;555;2024-03-23;2024-03-25 13:57:47;˜˜˜˜˜˜˜˜˜˜˜˜˜ ˜˜˜˜;LWR
64;375353837;M;30;˜˜;2500;2021-11-25;2022-02-08 19:22:14;˜˜˜˜˜˜˜˜˜˜˜˜˜ ˜˜˜;LWR
65;1036019919;M;33;˜˜;740;2023-09-12;2023-09-12 16:42:22;˜˜˜˜˜˜˜˜˜˜˜˜˜ ˜˜˜˜;LWR
66;1070763169;F;27;˜˜;555;2022-06-26;2022-06-26 15:32:02;˜˜˜˜˜˜˜ ˜˜˜;LWR
67;1005196916;M;50;˜˜;2129;2022-11-18;2024-04-01 09:28:49;˜˜˜˜˜˜˜˜˜˜ ˜˜˜;LWR
68;849495622;M;32;˜˜;1111;2019-03-05;2020-07-09 11:44:59;˜˜˜˜˜-˜˜˜˜˜˜˜˜˜˜ ˜˜˜˜˜˜˜˜˜˜ ˜˜˜˜˜ - ˜˜˜˜ ˜˜;LWR
69;233171990;F;41;˜˜;1388;2023-03-12;2023-03-12 12:38:19;˜˜˜˜˜˜˜˜˜˜ ˜˜˜;LWR
70;549441170;F;58;˜˜;2777;2013-10-07;2020-06-02 15:23:50;˜ ˜˜˜˜˜-˜˜˜˜˜˜˜˜˜;LWR
71;1020525851;F;35;˜˜;0;2024-12-02;2024-12-05 08:50:58;˜˜˜˜˜˜ ˜˜˜;LWR
72;1190617891;F;39;˜˜;1111;2023-09-18;2022-09-22 16:00:32.460000;˜˜˜˜˜˜˜˜ ˜˜˜˜;LWR
73;866919370;M;51;˜˜;0;2021-07-22;2022-02-17 16:44:46;˜˜˜˜˜˜˜˜ ˜˜˜;LWR
74;907365461;M;46;˜˜;740;2021-09-10;2021-09-13 14:41:14;˜˜˜˜˜˜˜˜˜˜ ˜˜˜˜;LWR
75;599636873;M;31;˜˜;1574;2019-10-22;2019-10-26 19:23:25;˜˜˜˜ ˜˜˜˜˜˜˜˜˜˜˜˜;LWR
76;679637208;F;31;˜˜;0;2020-05-15;2020-05-18 10:05:18;0;LWR
77;1159604572;M;29;˜˜;1527;2019-07-26;2019-08-01 07:59:58;˜˜˜˜˜ ˜˜˜˜˜˜;LWR
78;890605937;M;49;˜˜;1018;2019-04-10;2019-04-11 20:57:02;˜ ˜˜˜˜˜˜;LWR
79;861150558;M;38;˜˜;648;2021-11-28;2022-02-13 07:22:37;˜˜˜˜˜˜ ˜˜˜;LWR
80;743090356;M;16;˜˜;0;2025-01-22;2025-01-22 23:16:13;0;LWR
81;1017322234;F;34;˜˜;1388;2013-09-05;2020-04-28 14:07:34;˜ ˜˜˜˜˜˜;LWR
82;653335659;M;19;˜˜;925;2021-12-09;2022-03-14 16:57:02;˜˜˜˜˜˜˜˜˜ ˜˜˜˜˜˜˜˜˜˜ - ˜˜˜˜˜˜˜;MED
83;757449650;F;28;˜˜;1111;2019-05-13;2019-05-14 17:09:15;˜˜˜˜˜˜˜˜˜˜ ˜˜˜;LWR
84;866331742;F;21;˜˜;185;2022-12-22;2022-12-22 19:15:38;˜˜˜˜ ˜˜˜˜˜˜˜˜˜;LWR
85;566276685;M;38;˜˜;2314;2021-11-12;2022-02-09 15:56:33;˜ ˜˜˜˜˜˜;LWR
86;606547119;F;35;˜˜˜˜˜˜˜˜;0;2017-07-06;2017-07-07 14:30:02;˜ ˜˜˜˜˜˜;LWR
87;135240947;F;23;˜˜;0;2022-04-27;2022-08-10 16:14:11;0;LWR
88;664452643;F;36;˜˜;462;2019-09-23;2019-09-24 20:19:44;˜ ˜˜˜˜˜˜;LWR
89;906292820;M;34;˜˜;0;2017-04-28;2017-04-29 16:57:33;˜ ˜˜˜˜˜-˜˜˜˜˜˜˜˜˜;LWR
90;393914666;M;25;˜˜;740;2021-12-25;2023-11-11 08:26:23;˜˜˜˜˜˜˜˜˜˜˜˜˜ ˜˜˜;LWR
91;371169048;M;17;˜˜;0;2022-05-29;2022-06-08 03:38:59;˜˜˜˜˜˜˜˜˜˜ ˜˜˜˜;LWR
92;342320554;M;29;˜˜;2777;2022-10-11;2022-10-13 20:22:29;˜˜˜˜ ˜˜˜˜˜˜˜˜˜;LWR
93;818502438;F;32;˜˜;1388;2021-09-12;2022-02-13 14:34:24;˜ ˜˜˜˜˜˜;LWR
94;1044578768;F;56;˜˜;416;2021-02-02;2021-02-02 20:43:46;0;LWR
95;387417381;F;64;˜˜;1388;2023-12-29;2023-12-29 18:53:04;˜˜˜˜˜˜˜˜˜˜˜ ˜˜˜;LWR
96;849278951;M;25;˜˜;0;2021-02-12;2021-02-12 18:53:45;0;LWR
97;143268820;M;46;˜˜;2314;2021-02-03;2021-02-03 13:40:38;˜˜˜˜˜˜˜˜˜˜ ˜˜˜;LWR
98;943341291;M;33;˜˜;925;2023-10-11;2023-10-11 01:34:17;˜˜˜˜ ˜˜˜˜˜˜˜˜˜˜˜˜;LWR
99;785855201;M;50;˜˜;2314;2023-01-22;2020-09-21 22:48:03;˜˜˜˜˜˜˜˜˜˜ ˜˜˜;LWR
100;648466797;F;21;˜˜;537;2023-04-19;2023-04-19 13:09:53;˜˜˜˜˜˜˜˜ ˜˜˜;LWR
101;1017991636;F;42;˜˜;925;2020-06-22;2020-06-24 10:22:07;˜˜˜˜˜˜˜˜˜˜˜ ˜˜˜;LWR
102;167958051;M;44;˜˜;2314;2020-08-28;2020-08-28 20:07:42;˜˜˜˜˜˜˜˜˜ ˜˜˜;LWR
103;3561472;M;54;˜˜;1251;2024-10-17;2024-10-17 10:28:23;0;LWR
104;249265174;F;35;˜˜;925;2017-05-16;2017-05-18 14:20:55;˜˜˜˜ ˜˜˜˜˜˜˜˜˜;LWR
105;707000351;F;31;˜˜;574;2022-03-01;2022-03-01 12:02:45;˜˜˜˜ ˜˜˜˜˜˜˜˜˜˜˜˜;LWR
106;329935256;F;37;˜˜;462;2025-01-29;2025-01-29 20:42:37;˜˜˜˜˜˜˜˜˜˜ ˜˜˜;LWR
107;908250941;F;41;˜˜;370;2021-03-15;2021-03-17 15:23:28;˜˜˜˜˜˜˜˜˜˜˜˜ ˜˜˜;LWR
108;326055482;M;52;˜˜;462;2023-01-16;2023-01-16 08:17:54;˜˜˜˜˜˜˜˜˜˜˜˜ ˜˜˜;LWR
109;794472208;M;60;˜˜;0;2019-06-25;2022-02-08 10:36:32;˜ ˜˜˜˜˜˜;LWR
110;385628598;F;21;˜˜;259;2022-12-07;2022-12-09 15:36:01;˜˜˜˜˜˜˜˜˜˜˜˜˜ ˜˜˜;LWR
111;511526751;F;28;˜˜;925;2014-03-01;2017-01-24 11:54:49;˜ ˜˜˜˜˜˜;LWR
112;1142750777;M;38;˜˜;0;2018-11-20;2018-11-24 13:03:30;˜ ˜˜˜˜˜˜;LWR
113;260466263;F;67;˜˜;0;2024-12-19;2024-12-26 05:46:22;0;LWR
114;1064692152;F;35;˜˜;462;2015-09-14;2020-06-13 17:02:25;˜˜˜˜ ˜˜˜˜;LWR
115;271549794;F;22;˜˜;416;2023-01-26;2022-10-02 15:34:56;˜˜˜˜˜˜˜˜˜ ˜˜˜;LWR
116;119515693;F;23;˜˜;462;2022-09-05;2022-09-10 14:47:05;˜˜˜˜˜˜˜˜˜ ˜˜˜;LWR
117;686171236;M;22;˜˜;0;2021-01-19;2021-01-20 16:49:55;˜˜˜˜˜˜ ˜˜˜;LWR
118;1203604634;F;38;˜˜;0;2018-07-05;2018-11-22 11:54:33;˜˜˜˜˜˜˜˜˜˜ ˜˜˜;LWR
119;759277882;M;23;˜˜˜˜˜˜˜;9259;2024-11-24;2024-11-24 01:39:30;˜˜˜˜˜˜˜˜˜˜˜˜˜ ˜˜˜˜;LWR
120;1174909450;M;26;˜˜;2037;2021-06-21;2021-06-23 13:24:12;˜˜˜˜˜˜˜˜˜˜ ˜˜˜;LWR
121;247650083;M;40;˜˜;0;2025-01-15;2025-01-15 20:51:17;˜˜˜˜˜˜˜˜˜˜˜˜˜˜ ˜˜˜˜;LWR
122;1079268193;M;35;˜˜;0;2020-10-13;2020-10-13 19:20:44;˜ ˜˜˜˜˜˜;LWR
123;342288926;M;31;˜˜;1851;2020-10-13;2020-11-08 16:54:52;˜˜˜˜˜˜˜˜˜˜˜˜˜ ˜˜˜;LWR
124;697168301;M;45;˜˜;5347;2024-12-19;2024-12-24 18:31:30;˜˜˜˜˜˜˜˜˜˜ ˜˜˜;LWR
125;754036229;F;33;˜˜;0;2020-04-23;2020-09-23 13:06:23;˜˜˜˜˜˜˜˜˜˜ ˜˜˜;LWR
126;293852389;F;49;˜˜;555;2018-11-06;2024-04-25 12:24:37;˜˜˜˜˜˜˜˜˜˜˜ ˜˜˜;LWR
127;272297531;M;23;˜˜;1111;2019-12-19;2019-12-23 12:09:55;˜˜˜˜ ˜˜˜˜˜˜˜;LWR
128;820613891;M;47;˜˜;0;2024-04-10;2024-04-10 23:39:05;0;LWR
129;909765062;F;50;˜˜;740;2021-07-30;2021-07-30 21:54:02;˜˜˜˜ ˜˜˜˜˜˜˜˜˜˜˜˜;LWR
130;521127028;M;71;˜˜;0;2024-09-24;2024-09-30 11:52:50;˜˜˜˜ ˜˜˜˜;LWR
131;1204141761;F;33;˜˜;740;2020-02-05;2020-02-07 11:03:08;˜˜˜˜˜˜˜˜˜˜˜˜ ˜˜˜;LWR
132;757031076;F;22;˜˜;462;2021-09-02;2022-02-08 23:20:23;˜˜˜˜˜˜˜˜˜˜˜˜˜ ˜˜˜;LWR
133;377554252;F;51;˜˜;462;2018-01-22;2018-01-24 11:32:05;˜ ˜˜˜˜˜˜;LWR
134;901588608;M;43;˜˜;2407;2022-06-30;2022-07-01 13:02:28;˜˜˜˜˜˜˜˜˜˜˜ ˜˜˜;LWR
135;750632852;M;33;˜˜;555;2020-08-15;2020-08-17 11:14:35;˜˜˜˜˜˜˜˜˜˜ ˜˜˜˜;LWR
136;345296710;F;42;˜˜;3703;2022-07-25;2022-07-26 16:43:56;0;LWR
137;153525422;M;19;˜˜;462;2020-07-03;2020-07-04 12:34:35;˜˜˜˜˜˜˜˜˜˜ ˜˜˜;LWR
138;908227213;F;38;˜˜;0;2024-12-06;2024-11-28 09:35:25;˜˜˜˜˜˜˜˜˜˜˜˜˜ ˜˜˜;LWR
139;1051064026;M;26;˜˜;277;2020-07-14;2020-07-16 06:27:17;˜˜˜˜˜˜ ˜˜˜;LWR
140;1017355862;F;29;˜˜;0;2021-03-13;2021-03-13 18:58:35;0;LWR
141;896340944;F;39;˜˜;555;2017-04-19;2022-05-20 22:17:33;˜˜˜˜˜˜˜˜˜˜˜˜ ˜˜˜;LWR
142;902707222;M;43;˜˜;1250;2015-12-27;2022-07-08 18:03:31;˜˜˜˜˜˜˜˜˜˜ ˜˜˜;LWR
143;257147442;F;38;˜˜;689;2020-10-27;2020-10-30 12:16:31;˜˜˜˜˜˜˜˜˜˜ ˜˜˜;LWR
144;901856738;M;54;˜˜;231;2020-12-28;2023-09-14 14:42:12;˜˜˜˜ ˜˜˜˜˜˜˜˜;LWR
145;1194864676;F;55;˜˜;0;2021-06-29;2021-06-30 13:39:57;0;LWR
146;230631219;M;63;˜˜;1388;2020-09-27;2020-09-27 18:00:46;˜˜˜˜ ˜˜˜˜˜˜˜˜˜˜˜˜;LWR
147;1075012715;M;56;˜˜;0;2024-06-12;2024-06-12 18:47:09;0;LWR
148;248296919;F;42;˜˜;925;2020-05-15;2020-05-16 08:01:33;˜˜˜˜˜˜˜˜˜ ˜˜˜;LWR
149;730018551;F;22;˜˜;462;2021-04-23;2021-04-30 14:23:13;˜˜˜˜˜˜˜˜˜˜˜˜ ˜˜˜;LWR
150;564228597;F;18;˜˜;0;2023-11-25;2023-11-27 14:07:14;0;LWR
151;1071641684;M;27;˜˜;1574;2022-01-14;2022-02-08 21:21:07;˜˜˜˜˜˜˜˜˜˜˜˜˜ ˜˜˜;LWR
152;1015453999;F;46;˜˜;3055;2018-12-05;2022-06-26 15:19:31;˜˜˜˜˜˜˜˜˜˜ ˜˜˜;LWR
153;215574595;F;46;˜˜;0;2018-05-16;2018-05-18 15:35:59;˜ ˜˜˜˜˜˜;LWR
154;138970914;M;25;˜˜;1111;2019-06-19;2022-02-08 05:33:36;˜˜˜˜˜˜˜˜˜˜ ˜˜˜;LWR
155;752670946;F;28;˜˜;787;2021-01-28;2021-01-29 12:18:46;˜˜˜˜˜˜˜˜˜˜ ˜˜˜;LWR
156;968272692;F;38;˜˜;462;2019-09-17;2020-11-02 09:01:09;˜˜˜˜˜˜˜˜ ˜˜˜;LWR
157;850898086;M;30;˜˜;833;2019-03-20;2024-08-20 13:08:38;˜˜˜˜˜˜˜˜˜˜ ˜˜˜;LWR
158;602284220;F;42;˜˜;925;2021-12-08;2022-12-08 17:52:27;˜˜˜˜˜˜˜˜˜˜˜˜˜ ˜˜˜;LWR
159;1019882002;M;26;˜˜;185;2019-02-15;2019-03-14 21:50:58;˜˜˜˜˜˜˜˜˜˜˜˜ ˜˜˜;LWR
160;62583525;M;61;˜˜;827;2022-04-07;2022-04-12 20:21:50;˜ ˜˜˜˜˜˜;LWR
161;1171582318;M;44;˜˜˜˜˜, ˜˜˜˜˜˜˜˜˜˜;0;2025-03-17;2025-03-17 17:26:25;˜ ˜˜˜˜˜˜;LWR
162;1056559590;F;45;˜˜;1388;2019-09-20;2019-09-25 08:51:27;˜˜˜˜˜˜˜˜˜˜˜˜˜ ˜˜˜;LWR
163;516233591;F;36;˜˜;833;2020-01-21;2022-02-10 09:47:04;˜˜˜˜˜˜˜˜˜˜˜˜˜ ˜˜˜;LWR
164;149839281;M;20;˜˜;0;2022-02-11;2022-02-12 08:58:28;0;LWR
165;300348044;M;40;˜˜;1851;2012-04-09;2022-07-22 10:32:44;˜˜˜˜˜˜˜˜˜˜˜ ˜˜˜;LWR
166;534058024;M;25;˜˜;0;2021-02-26;2021-03-06 10:55:16;˜˜˜˜˜˜˜˜˜˜˜ ˜˜˜;LWR
167;330658906;F;35;˜˜;462;2021-02-13;2022-03-18 14:13:28;˜˜˜˜˜˜˜˜˜ ˜˜˜;LWR
168;614090464;F;35;˜˜;833;2022-06-03;2022-06-03 14:46:30;˜ ˜˜˜˜˜˜;LWR
169;532778790;F;33;˜˜;833;2019-12-05;2019-12-13 10:25:12;˜˜˜˜˜˜˜˜˜˜ ˜˜˜;LWR
170;311180958;F;41;˜˜;2314;2022-01-14;2022-02-08 14:22:25;˜ ˜˜˜˜˜-˜˜˜˜˜˜˜˜˜;LWR
171;211656027;M;33;˜˜;5046;2017-04-02;2017-04-04 23:00:30;˜ ˜˜˜˜˜˜;LWR
172;1000133502;M;50;˜˜;833;2019-12-15;2019-12-26 15:43:40;˜˜˜˜˜˜˜˜˜˜˜˜˜ ˜˜˜˜;LWR
173;851898229;F;47;˜˜;185;2021-01-23;2021-01-23 22:10:38;˜ ˜˜˜˜˜˜˜˜˜˜˜;LWR
174;343143682;F;39;˜˜;0;2023-07-01;2023-07-02 11:11:32;˜˜˜˜˜˜˜˜˜˜˜˜˜ ˜˜˜;LWR
175;997235376;F;22;˜˜;0;2022-09-15;2022-09-17 12:23:34;0;LWR
176;248718614;M;37;˜˜;324;2020-08-24;2020-09-20 12:48:33;˜˜˜˜˜˜˜˜˜˜˜ ˜˜˜˜˜˜˜ - ˜˜˜˜˜˜˜;LWR
177;873279675;F;40;˜˜;277;2024-11-14;2024-11-14 11:17:19;˜˜˜˜˜˜˜˜˜˜˜ ˜˜˜;LWR
178;270199416;F;53;˜˜;694;2022-10-12;2022-10-12 10:42:26;˜˜˜˜˜˜˜˜˜˜˜ ˜˜˜˜;LWR
179;747649115;M;20;˜˜;694;2021-11-07;2022-02-15 15:28:24;˜˜˜˜ ˜˜˜˜ (˜˜˜˜˜˜);LWR
180;294796908;M;46;˜˜;1620;2018-08-13;2018-08-15 16:14:18;˜˜˜˜˜˜˜˜˜ ˜˜˜;LWR
181;1027172256;F;52;˜˜;601;2023-10-24;2023-10-24 22:02:02;˜˜˜˜˜˜˜˜˜ ˜˜˜;LWR
182;994772566;F;21;˜˜;0;2021-10-25;2022-02-09 18:23:21;˜ ˜˜˜˜˜˜;LWR
183;962328618;M;28;˜˜;1388;2020-06-01;2020-06-03 10:12:41;˜˜˜˜ ˜˜˜˜˜˜˜˜˜;LWR
184;943919326;F;40;˜˜;0;2019-09-12;2019-09-14 14:57:50;˜˜˜˜ ˜˜˜˜˜˜˜˜;LWR
185;603336329;M;19;˜˜;462;2022-10-20;2022-10-20 11:06:58;˜˜˜˜˜˜˜˜˜˜˜ ˜˜˜;LWR
186;551799374;F;36;˜˜;833;2025-02-10;2025-02-10 20:22:30;0;LWR
187;910487762;M;40;˜˜;1296;2012-07-10;2017-12-17 10:56:51;˜ ˜˜˜˜˜-˜˜˜˜˜˜˜˜˜;LWR
188;374972539;M;58;˜˜;648;2022-05-19;2022-05-19 14:44:59;˜˜˜˜˜˜˜˜˜˜ ˜˜˜;LWR
189;974665335;M;35;˜˜;0;2022-02-27;2022-02-27 11:33:56;˜˜˜˜˜˜˜˜˜˜˜˜˜ ˜˜˜;LWR
190;610551397;M;36;˜˜;1111;2018-06-05;2018-06-07 17:49:53;˜˜˜˜˜˜˜˜˜˜˜˜˜ ˜˜˜;LWR
191;527359893;F;53;˜˜˜˜˜˜˜˜;0;2022-04-10;2022-06-12 10:33:56;˜ ˜˜˜˜˜˜;LWR
192;261627811;F;26;˜˜;925;2021-04-21;2021-04-23 11:21:08;˜˜˜˜˜˜˜˜˜˜˜˜ ˜˜˜;LWR
193;564635679;M;38;˜˜;2314;2021-01-30;2021-01-30 12:58:14;˜˜˜˜˜˜˜˜˜˜˜ ˜˜˜;LWR
194;389205952;M;45;˜˜;1759;2020-02-12;2020-02-14 09:26:14;˜˜˜˜˜˜˜˜˜˜˜˜˜ ˜˜˜;LWR
195;901415252;M;29;˜˜;1990;2020-02-04;2020-02-06 15:34:26;˜˜˜˜˜˜˜ ˜˜˜;LWR
196;1175631413;M;25;˜˜;648;2021-06-24;2022-02-09 16:53:56;˜˜˜˜˜˜˜˜˜˜˜˜˜ ˜˜˜;LWR
197;1064526853;M;36;˜˜;851;2024-09-05;2024-09-05 07:39:43;˜˜˜˜˜˜˜˜˜˜˜ ˜˜˜˜;LWR
198;258103300;M;32;˜˜;1370;2018-10-10;2018-10-16 15:25:53;˜˜˜˜˜˜˜˜˜˜˜˜˜ ˜˜˜;LWR
199;328663759;F;39;˜˜;0;2022-02-25;2022-02-25 20:22:47;˜ ˜˜˜˜˜˜;LWR
200;371478095;M;34;˜˜;1111;2011-07-28;2022-02-08 14:00:58;˜˜˜˜˜˜˜˜˜˜˜˜˜ ˜˜˜˜;LWR
201;73803728;F;25;˜˜˜˜˜˜˜˜;0;2024-10-23;2024-10-25 11:49:02;˜˜˜˜˜˜˜˜˜˜ ˜˜˜;LWR
202;649076342;M;43;˜˜;0;2024-07-14;2024-07-14 05:21:35;˜˜˜˜˜˜˜˜ ˜˜˜;LWR
203;867470624;M;20;˜˜˜˜˜˜˜˜;833;2024-01-05;2024-01-05 13:14:47;˜ ˜˜˜˜˜˜;LWR
204;311976074;M;34;˜˜;0;2024-03-18;2024-03-18 20:28:14;˜˜˜˜ ˜˜˜˜˜˜˜˜˜;LWR
205;306760097;F;25;˜˜;1296;2022-01-09;2022-02-08 16:54:58;˜ ˜˜˜˜˜˜;LWR
206;688440594;M;19;˜˜;425;2024-11-26;2024-11-28 12:51:02;˜˜˜˜ ˜˜˜˜˜˜˜˜˜;LWR
207;237068686;M;25;˜˜;0;2022-10-11;2022-10-16 09:19:58;0;LWR
208;281974692;M;38;˜˜;1111;2023-03-02;2023-03-02 10:04:20;˜˜˜˜˜˜˜˜˜˜˜˜˜ ˜˜˜;LWR
209;941841121;M;47;˜˜;2129;2018-07-03;2022-02-26 19:00:13;˜˜˜˜˜˜˜˜˜˜˜˜ ˜˜˜˜;LWR
210;347138421;F;41;˜˜;370;2022-12-12;2022-12-12 09:53:35;˜˜˜˜˜˜˜˜˜˜˜ ˜˜˜;LWR
211;1054964727;F;42;˜˜;1111;2020-10-18;2020-10-23 13:13:53;˜ ˜˜˜˜˜-˜˜˜˜˜˜˜˜˜;LWR
212;1142573518;F;23;˜˜;324;2021-04-09;2023-08-31 13:51:53;˜˜˜˜˜˜˜˜˜˜˜ ˜˜˜;LWR
213;384836676;M;34;˜˜;0;2020-10-15;2020-10-15 08:57:45;0;LWR
214;1155604848;M;40;˜˜;0;2024-09-16;2024-09-16 20:55:02;0;LWR
215;295663249;F;48;˜˜;1851;2022-04-09;2022-04-09 16:02:43;˜ ˜˜˜˜˜˜;LWR
216;594405494;M;39;˜˜;0;2018-09-09;2018-09-15 13:31:00;˜˜˜˜ ˜˜˜˜˜˜˜˜˜;LWR
217;1053140506;F;42;˜˜;9074;2013-01-30;2014-07-29 22:52:47;˜ ˜˜˜˜˜˜;LWR
218;609332050;M;56;˜˜;925;2011-10-26;2024-01-29 05:53:34;˜˜˜˜˜˜˜˜˜ ˜˜˜˜;LWR
219;740288767;M;41;˜˜;740;2015-04-22;2015-05-01 03:02:10;˜˜˜˜˜˜˜˜˜˜˜ ˜˜˜;LWR
220;255370805;F;34;˜˜;1388;2019-01-11;2020-11-03 22:00:28;˜˜˜˜ ˜˜˜˜˜˜˜˜˜;LWR
221;1029435503;F;48;˜˜;2037;2021-11-05;2022-02-07 22:46:48;˜˜˜˜˜˜˜˜˜˜˜˜˜ ˜˜˜;LWR
222;1211390900;M;42;˜˜;787;2018-05-24;2020-10-30 11:19:10;˜˜˜˜ ˜˜˜˜˜˜˜˜˜˜˜˜;LWR
223;727336697;M;18;˜˜;185;2021-07-08;2022-12-22 10:36:02;˜˜˜˜ ˜˜˜˜ /˜˜˜˜˜˜/;LWR
224;609942823;M;38;˜˜;0;2021-11-29;2022-02-18 20:50:36;˜˜˜˜˜˜˜˜˜˜˜ ˜˜˜˜;LWR
225;362964910;F;27;˜˜;925;2022-09-02;2022-09-02 22:59:10;˜ ˜˜˜˜˜˜;LWR
226;1052680963;M;17;˜˜;0;2023-02-03;2023-02-03 14:32:37;0;LWR
227;141670355;F;42;˜˜;1018;2019-04-30;2019-05-01 16:28:26;˜˜˜˜˜˜˜˜˜˜˜˜˜ ˜˜˜˜;LWR
228;945178101;F;31;˜˜;1851;2019-04-19;2019-04-21 10:22:26;˜ ˜˜˜˜˜˜;LWR
229;756058426;M;44;˜˜;0;2021-10-22;2022-02-09 16:05:52;˜˜˜˜˜˜˜˜˜˜˜˜ ˜˜˜;LWR
230;1179083099;F;24;˜˜;370;2023-08-28;2023-08-28 18:23:40;˜˜˜˜˜-˜˜˜˜˜˜˜˜˜˜ ˜˜˜˜˜˜˜˜˜˜ ˜˜˜˜˜ - ˜˜˜˜ ˜˜;LWR
231;392489216;F;28;˜˜;1111;2024-01-17;2024-01-21 15:09:23;˜˜˜˜˜˜˜˜˜˜˜˜˜˜˜ ˜˜˜;LWR
232;429917012;F;27;˜˜;518;2019-02-05;2022-04-17 20:32:30;˜ ˜˜˜˜˜-˜˜˜˜˜˜˜˜˜;LWR
233;705957574;M;32;˜˜;0;2022-07-17;2022-07-17 21:50:54;0;LWR
234;246996807;F;51;˜˜;0;2016-10-10;2016-12-08 10:57:29;0;LWR
235;998400679;F;31;˜˜;555;2023-01-12;2023-01-13 00:11:15;˜ ˜˜˜˜˜-˜˜˜˜˜˜˜˜˜;LWR
236;562180952;F;50;˜˜;740;2021-05-05;2021-05-06 05:28:21;0;LWR
237;777200686;F;34;˜˜;0;2018-04-20;2018-04-23 11:12:45;˜ ˜˜˜˜˜˜;LWR
238;734177168;F;25;˜˜;231;2021-02-28;2021-02-28 18:36:32;˜˜˜˜˜˜˜˜˜˜˜˜˜ ˜˜˜;LWR
239;424851372;F;72;˜˜;1388;2019-11-13;2019-11-15 12:16:23;˜ ˜˜˜˜˜-˜˜˜˜˜˜˜˜˜;LWR
240;607245506;M;40;˜˜;416;2017-04-25;2020-02-03 11:32:01;˜˜˜˜˜˜˜˜˜˜˜˜ ˜˜˜;LWR
241;1032859043;M;28;˜˜;740;2023-01-17;2023-01-17 14:59:18;˜˜˜˜˜˜˜˜˜˜˜ ˜˜˜˜˜˜˜ - ˜˜˜˜˜˜˜;LWR
242;865791982;F;25;˜˜;462;2021-06-21;2020-10-15 06:30:42;˜˜˜˜ ˜˜˜˜˜˜˜˜˜˜˜˜;LWR
243;1173241252;M;32;˜˜;925;2022-06-23;2022-06-23 23:40:17;˜ ˜˜˜˜˜˜;LWR
244;858976297;M;34;˜˜;925;2017-09-13;2017-10-11 17:43:16;˜˜˜˜˜˜˜˜˜˜ ˜˜˜;LWR
245;897020893;M;62;˜˜;1851;2013-08-06;2013-08-15 09:18:22;˜ ˜˜˜˜˜˜;LWR
246;1197645076;F;56;˜˜;925;2024-05-04;2024-05-06 18:57:01;˜˜˜˜˜˜˜˜˜˜˜˜˜ ˜˜˜;LWR
247;290106921;M;42;˜˜;2314;2022-11-03;2022-11-03 12:15:37;˜ ˜˜˜˜˜˜;LWR
248;618177988;F;42;˜˜;92;2022-11-06;2022-11-06 01:29:51;˜˜˜˜˜˜˜˜˜˜ ˜˜˜;LWR
249;428019448;M;49;˜˜;0;2022-06-14;2022-06-14 10:43:57;0;LWR
250;145536345;M;19;˜˜;0;2023-04-05;2023-08-13 15:25:05;0;LWR
251;995107411;M;57;˜˜;787;2022-03-22;2022-03-22 10:50:32;0;LWR
252;557313743;F;45;˜˜;833;2015-03-04;2015-03-06 11:53:26;˜ ˜˜˜˜˜-˜˜˜˜˜˜˜˜˜;LWR
253;790593710;M;40;˜˜;0;2024-08-25;2024-08-27 20:06:29;˜˜˜˜˜˜˜˜˜˜˜ ˜˜˜;LWR
254;428046840;F;18;˜˜;601;2022-06-10;2022-06-10 22:50:18;˜˜˜˜˜˜˜˜˜˜˜˜˜˜ ˜˜˜˜;LWR
255;964915287;F;29;˜˜;833;2021-01-29;2021-01-30 17:42:04;˜˜˜˜˜˜˜˜˜˜˜˜˜ ˜˜˜;LWR
256;999714889;M;36;˜˜;509;2017-12-27;2017-12-30 13:15:39;˜˜˜˜ ˜˜˜˜˜˜˜;LWR
257;210949944;F;31;˜˜;296;2016-12-01;2022-04-03 14:06:16;˜˜˜˜ ˜˜˜˜˜˜˜;LWR
258;849902472;M;41;˜˜;0;2021-07-09;2024-12-16 11:58:23;˜˜˜˜˜˜˜˜˜ ˜˜˜;LWR
259;799291731;F;43;˜˜;1851;2019-09-17;2019-09-19 14:43:00;˜˜˜˜˜˜˜˜˜˜˜˜ ˜˜˜˜;LWR
260;1080577081;F;34;˜˜;796;2022-10-01;2022-10-01 23:00:16;˜˜˜˜˜˜˜˜˜˜˜˜˜ ˜˜˜;LWR
261;1065435451;M;35;˜˜;2777;2011-10-26;2015-12-04 20:52:09;˜˜˜˜˜˜˜˜˜˜ ˜˜˜;LWR
262;209392483;M;44;˜˜;462;2022-03-21;2022-03-22 19:41:46;0;LWR
263;906502879;M;45;˜˜;3240;2023-04-29;2023-04-29 18:21:26;˜˜˜˜ ˜˜˜˜˜˜˜˜˜;LWR
264;800491436;M;23;˜˜;7870;2021-08-18;2023-10-21 20:16:58;˜˜˜˜˜˜˜˜˜˜˜˜˜ ˜˜˜˜;LWR
265;846969100;M;46;˜˜;1111;2023-03-02;2023-03-02 14:24:37;˜˜˜˜˜˜˜˜˜˜˜˜˜ ˜˜˜˜;LWR
266;746478637;F;49;˜˜;0;2022-03-09;2022-03-09 20:32:29;0;LWR
267;335423535;M;42;˜˜;1388;2023-12-26;2023-12-26 11:32:21;˜ ˜˜˜˜˜˜;LWR
268;1212217752;F;26;˜˜;277;2020-07-25;2020-07-25 01:02:24;˜˜˜˜˜˜˜˜˜ ˜˜˜;LWR
269;321317873;M;45;˜˜;787;2021-11-05;2021-11-05 07:08:52;˜˜˜˜ ˜˜˜˜;LWR
270;596198100;M;41;˜˜;0;2020-06-29;2024-03-07 15:18:37;0;LWR
271;168192826;M;15;˜˜;0;2024-11-24;2024-11-24 01:09:32;0;LWR
272;232146834;M;38;˜˜;0;2024-06-14;2024-06-14 19:29:30;˜˜˜˜˜˜˜˜˜ ˜˜˜;LWR
273;267870200;M;50;˜˜;1388;2020-06-22;2020-06-22 15:38:32;˜˜˜˜˜˜˜˜˜˜˜˜˜˜˜ ˜˜˜;LWR
274;610740852;M;29;˜˜;1388;2019-12-17;2021-05-15 12:39:32;˜˜˜˜˜˜˜˜˜˜˜˜˜ ˜˜˜;LWR
275;1064253628;F;69;˜˜;462;2022-09-29;2022-10-03 08:21:50;˜˜˜˜˜˜˜˜˜˜˜ ˜˜˜˜˜˜˜ - ˜˜˜˜˜˜˜;LWR
276;38124983;M;16;˜˜;0;2024-08-24;2024-12-26 12:06:24;0;LWR
277;973733397;F;44;˜˜;509;2024-01-05;2022-12-06 14:24:18.057000;˜˜˜˜ ˜˜˜˜˜˜˜˜˜;LWR
278;515240132;M;29;˜˜;694;2021-10-24;2022-02-10 11:54:22;˜˜˜˜˜˜˜˜˜˜ ˜˜˜;LWR
279;163636886;M;54;˜˜;0;2024-12-19;2025-01-01 13:29:41;˜˜˜˜˜ ˜˜˜˜˜-˜˜˜˜˜˜˜˜˜;LWR
280;910502680;F;48;˜˜;462;2022-08-13;2022-07-24 07:49:35;˜˜˜˜˜˜˜˜˜˜˜˜ ˜˜˜;LWR
281;745859628;M;38;˜˜;0;2022-02-19;2023-03-19 19:42:50;˜˜˜˜ ˜˜˜˜˜˜˜˜˜;LWR
282;230742535;M;38;˜˜;231;2023-02-26;2023-02-26 13:07:22;˜˜˜˜˜˜˜˜˜˜˜ ˜˜˜;LWR
283;959082988;F;30;˜˜;0;2020-12-21;2020-12-21 16:10:59;˜ ˜˜˜˜˜˜;LWR
284;640334098;M;43;˜˜;2777;2020-08-12;2020-08-17 17:08:21;˜˜˜˜˜˜˜˜˜˜˜˜˜ ˜˜˜˜;LWR
285;371242243;M;19;˜˜;46;2023-06-30;2023-06-30 23:37:46;˜ ˜˜˜˜˜˜;LWR
286;865541878;M;37;˜˜;833;2024-07-22;2024-07-22 12:28:22;0;LWR
287;1023540796;M;39;˜˜;0;2025-02-22;2025-02-22 16:59:31;0;LWR
288;541093564;F;33;˜˜;0;2022-10-14;2022-10-14 21:43:42;0;LWR
289;859657107;F;36;˜˜;416;2014-07-08;2015-08-12 13:47:36;˜˜˜˜˜˜˜˜˜˜ ˜˜˜;LWR
290;996448092;F;79;˜˜;0;2021-02-19;2021-02-23 17:40:42;˜˜˜˜ ˜˜˜˜˜˜˜;LWR
291;693767596;M;30;˜˜;694;2021-02-01;2021-02-04 12:51:25;˜˜˜˜˜˜˜˜˜˜˜˜ ˜˜˜;LWR
292;567951732;M;44;˜˜;1388;2022-08-29;2023-05-13 12:54:34;˜ ˜˜˜˜˜˜˜˜˜˜˜;LWR
293;1009624545;M;24;˜˜;138;2020-01-15;2023-10-17 22:49:57;˜ ˜˜˜˜˜˜;LWR
294;1077229832;M;54;˜˜;740;2016-07-09;2023-11-04 09:35:37;˜˜˜˜˜˜˜˜˜ ˜˜˜;LWR
295;772354435;F;34;˜˜;1388;2023-05-25;2023-12-30 10:08:06;˜˜˜˜˜˜˜˜˜˜˜˜ ˜˜˜˜;LWR
296;845198892;F;24;˜˜;1388;2020-03-16;2020-03-16 20:42:06;˜˜˜˜˜˜˜˜˜ ˜˜˜˜;LWR
297;1183954510;F;35;˜˜;787;2021-03-03;2021-03-03 13:45:55;˜ ˜˜˜˜˜˜;LWR
298;751219274;M;53;˜˜;740;2022-11-27;2022-11-27 18:18:27;˜˜˜˜˜˜˜˜˜˜˜˜ ˜˜˜;LWR
299;295568123;M;50;˜˜;1851;2016-11-02;2022-02-08 04:15:22;˜˜˜˜ ˜˜˜˜˜˜˜˜˜;LWR
300;127197375;F;27;˜˜;925;2022-02-17;2022-02-17 14:41:36;˜˜˜˜˜˜˜˜˜˜˜˜˜ ˜˜˜˜;LWR
301;243780259;M;38;˜˜;0;2024-07-31;2024-07-31 17:48:50;0;LWR
302;323271936;F;48;˜˜;462;2019-06-09;2019-07-21 11:27:35;˜˜˜˜˜˜˜˜˜˜ ˜˜˜;LWR
303;371411111;F;42;˜˜;787;2023-04-10;2023-04-10 22:00:21;˜˜˜˜˜˜˜˜˜ ˜˜˜;LWR
304;807325200;M;32;˜˜;2314;2018-05-05;2018-05-08 16:00:33;˜˜˜˜˜˜˜˜˜˜˜˜˜˜ ˜˜˜˜;LWR
305;1214468438;M;36;˜˜;1157;2024-02-07;2024-02-07 08:12:16;˜˜˜˜˜˜˜˜˜˜˜ ˜˜˜˜;LWR
306;1217294850;F;26;˜˜;1481;2019-04-13;2022-06-08 10:45:25;˜˜˜˜ ˜˜˜˜˜˜˜;LWR
307;132806530;F;22;˜˜;740;2022-10-17;2022-10-17 11:20:30;˜ ˜˜˜˜˜-˜˜˜˜˜˜˜˜˜;LWR
308;349370629;F;56;˜˜;370;2024-12-19;0;˜ ˜˜˜˜˜-˜˜˜˜˜˜˜˜˜;LWR
309;259645570;M;39;˜˜;601;2021-11-28;2022-02-08 09:00:59;˜˜˜˜˜˜˜˜˜˜ ˜˜˜;LWR
310;1181844428;F;50;˜˜;1203;2022-08-29;2023-06-14 04:53:16;˜˜˜˜ ˜˜˜˜˜˜˜;LWR
311;210013363;F;25;˜˜;1296;2021-10-20;2022-02-16 15:51:01;˜˜˜˜˜˜˜˜˜˜ ˜˜˜;LWR
312;508894271;M;26;˜˜;1018;2017-11-12;2017-11-12 09:40:44;˜˜˜˜˜˜˜˜˜˜˜˜ ˜˜˜˜;LWR
313;698385164;M;32;˜˜;925;2019-12-01;2019-12-13 16:45:54;˜˜˜˜˜˜˜˜˜˜ ˜˜˜;LWR
314;259982939;M;31;˜˜;648;2018-12-17;2018-12-19 17:27:38;˜˜˜˜˜˜˜˜˜˜˜ ˜˜˜;LWR
315;1026516553;F;32;˜˜;324;2024-10-27;2024-10-27 19:59:43;˜˜˜˜˜˜˜˜˜˜˜˜˜ ˜˜˜;LWR
316;892580042;M;18;˜˜;0;2022-09-02;2022-09-02 10:14:49;0;LWR
317;684286613;F;29;˜˜;0;2022-03-25;2022-03-25 22:13:01;˜˜˜˜˜˜˜˜˜ ˜˜˜;LWR
318;254072503;F;31;˜˜;3703;2021-10-29;2022-07-27 19:13:44;˜˜˜˜ ˜˜˜˜˜˜˜˜˜;LWR
319;352479610;M;28;˜˜;740;2018-10-06;2018-10-11 17:07:48;˜˜˜˜˜˜˜˜˜˜˜ ˜˜˜;LWR
320;116323869;F;39;˜˜;1388;2019-03-27;2019-03-28 18:46:53;˜ ˜˜˜˜˜˜;LWR
321;974420987;M;24;˜˜;0;2023-12-20;2023-12-20 12:20:09;˜ ˜˜˜˜˜˜;LWR
322;778520383;M;50;˜˜;2777;2017-08-23;2017-08-29 14:17:29;˜˜˜˜˜˜˜˜˜˜ ˜˜˜;LWR
323;268643718;F;36;˜˜;833;2020-12-18;2020-12-18 22:42:30;˜˜˜˜˜˜˜˜˜˜˜ ˜˜˜;LWR
324;383627798;M;39;˜˜;462;2022-05-04;2022-05-04 14:21:56;˜˜˜˜˜˜˜˜˜˜˜ ˜˜˜˜;LWR
325;1168087613;M;35;˜˜;1851;2024-10-18;2024-10-18 12:29:50;˜˜˜˜˜˜˜˜˜˜˜˜ ˜˜˜˜;LWR
326;211988496;M;27;˜˜;2314;2020-08-21;2020-08-24 11:29:04;˜˜˜˜ ˜˜˜˜˜˜˜;LWR
327;208190762;F;25;˜˜˜˜˜˜˜, ˜˜˜˜˜˜˜˜˜˜;0;2022-09-11;2022-09-14 12:38:34;˜ ˜˜˜˜˜-˜˜˜˜˜˜˜˜˜;LWR
328;809957864;M;31;˜˜;1666;2021-10-03;2021-10-03 19:46:45;˜˜˜˜˜˜ ˜˜˜;LWR
329;169338953;F;36;˜˜;1851;2023-10-28;2023-12-13 14:00:26;˜˜˜˜˜˜˜˜˜˜˜ ˜˜˜;LWR
330;367735332;F;27;˜˜;1851;2023-06-17;2023-06-19 23:27:01;˜˜˜˜˜˜˜˜˜˜ ˜˜˜;LWR
331;276235289;M;34;˜˜;1018;2019-05-27;2019-05-28 14:36:17;˜˜˜˜˜˜˜˜˜˜ ˜˜˜;LWR
332;424907487;F;19;˜˜˜˜˜˜˜˜;0;2023-08-17;2023-08-17 09:26:13;.;LWR
333;541471977;M;26;˜˜;2314;2018-08-19;2025-03-20 13:14:55;˜˜˜˜˜˜˜˜˜˜˜˜˜ ˜˜˜˜;LWR
334;1065183552;M;25;˜˜;324;2017-07-17;2020-06-28 21:09:47;˜˜˜˜ ˜˜˜˜˜˜˜˜˜;LWR
335;1203635249;F;41;˜˜;1388;2022-01-28;2022-02-11 08:26:29;˜˜˜˜˜˜˜˜˜˜ ˜˜˜;LWR
336;828724436;M;48;˜˜;833;2021-07-22;2022-02-14 12:48:06;˜˜˜˜ ˜˜˜˜˜˜˜˜˜;LWR
337;951573045;M;44;˜˜;833;2017-01-22;2018-08-29 11:55:02;˜˜˜˜˜˜˜˜˜˜ ˜˜˜;LWR
338;514381864;F;33;˜˜;277;2014-10-11;2020-05-04 08:13:29;˜˜˜˜ ˜˜˜˜ /˜˜˜˜˜˜/;LWR
339;395993982;F;34;˜˜;833;2014-01-21;2022-02-08 14:32:17;˜˜˜˜ ˜˜˜˜˜˜˜˜˜˜˜˜;LWR
340;664593783;F;59;˜˜;462;2021-04-20;2021-04-22 18:29:30;˜˜˜˜˜˜˜˜˜˜ ˜˜˜;LWR
341;1214328317;F;38;˜˜;648;2017-08-29;2017-09-01 15:10:57;˜˜˜˜ ˜˜˜˜˜˜˜;LWR
342;513038762;F;29;˜˜;0;2018-08-31;2018-09-02 09:12:03;˜˜˜˜˜˜˜˜˜˜˜˜˜ ˜˜˜;LWR
343;771205276;F;38;˜˜;648;2024-09-26;2024-09-26 18:45:29;˜˜˜˜ ˜˜˜˜;LWR
344;787537515;F;40;˜˜;0;2024-12-09;2024-11-27 07:56:44;˜˜˜˜˜˜˜˜˜ ˜˜˜;LWR
345;861166536;M;37;˜˜;0;2023-06-27;2024-05-22 12:08:22;0;LWR
346;3419764;M;58;˜˜;648;2022-09-02;2022-09-06 19:29:23;0;LWR
347;607759529;F;28;˜˜;925;2024-06-06;2024-06-06 21:44:52;˜˜˜˜˜˜˜˜˜˜˜˜ ˜˜˜;LWR
348;398377375;F;53;˜˜;555;2019-07-17;2023-09-28 14:50:57;˜˜˜˜˜-˜˜˜˜˜˜˜˜˜˜ ˜˜˜˜˜˜˜˜˜˜ ˜˜˜˜˜ - ˜˜˜˜ ˜˜;LWR
349;595062623;F;47;˜˜;925;2022-06-12;2022-06-12 18:56:02;˜˜˜˜˜˜˜˜˜˜ ˜˜˜;LWR
350;344732041;F;38;˜˜;555;2021-06-23;2024-11-24 21:12:03;˜˜˜˜˜˜˜ ˜˜˜˜˜˜˜˜˜˜;LWR
351;784940109;M;29;˜˜;972;2023-02-19;2023-02-19 11:03:43;˜˜˜˜˜˜˜˜˜˜ ˜˜˜˜;LWR
352;358753373;F;41;˜˜;277;2021-03-27;2023-07-24 16:34:18;˜˜˜˜˜˜˜˜˜˜ ˜˜˜;LWR
353;150527548;M;43;˜˜;2037;2024-01-03;2024-01-03 14:39:31;˜˜˜˜˜˜˜˜˜˜ ˜˜˜;LWR
354;1012977396;M;56;˜˜;0;2021-06-16;2022-02-08 13:55:54;0;LWR
355;1200542259;F;40;˜˜;0;2017-01-28;2017-02-04 14:54:39;˜˜˜ ˜˜˜˜˜˜˜˜˜˜˜˜;LWR
356;908036246;M;39;˜˜;0;2024-09-09;2024-09-09 09:20:06;0;LWR
357;144273501;M;19;˜˜;0;2021-10-21;2022-02-08 18:58:23;0;LWR
358;247115180;M;72;˜˜;0;2023-10-19;2023-11-01 00:48:56;0;LWR
359;320263789;F;38;˜˜;185;2021-12-01;2022-02-14 21:26:16;˜˜˜˜˜˜˜˜˜˜˜˜ ˜˜˜;LWR
360;942510868;F;34;˜˜;370;2009-09-16;2022-08-30 19:54:16;˜˜˜˜˜˜˜˜˜˜˜ ˜˜˜;LWR
361;136159087;M;42;˜˜;2314;2021-06-30;2022-02-08 09:45:48;˜ ˜˜˜˜˜˜;LWR
362;648429098;F;45;˜˜;0;2019-02-14;2020-02-15 13:58:16;˜ ˜˜˜˜˜˜;LWR
363;778574235;F;39;˜˜;759;2012-03-22;2020-12-29 15:39:34;˜˜˜˜ ˜˜˜˜˜˜˜˜˜˜˜˜;LWR
364;266848598;F;35;˜˜;527;2016-10-19;2022-07-24 13:50:32;˜˜˜˜˜˜˜˜˜˜˜˜˜ ˜˜˜˜;LWR
365;1186546988;M;60;˜˜;2314;2022-04-29;2022-11-01 21:31:09;˜˜˜˜˜˜˜˜˜˜ ˜˜˜;LWR
366;1050471421;F;40;˜˜;3703;2012-09-09;2013-07-23 01:41:18;˜ ˜˜˜˜˜˜;LWR
367;259870511;F;45;˜˜;1851;2021-02-24;2021-02-24 11:01:36;˜˜˜˜˜˜˜˜˜˜ ˜˜˜;LWR
368;1056631104;M;43;˜˜;925;2021-04-14;2021-09-24 23:30:49;0;MED
369;686800946;M;25;˜˜;0;2020-11-10;2021-04-20 10:46:11;˜˜˜˜˜˜˜˜˜˜˜˜˜ ˜˜˜;LWR
370;1196832143;M;38;˜˜;0;2022-08-30;2022-08-30 20:47:45;0;LWR
371;319048763;M;42;˜˜;0;2025-03-12;2025-03-12 18:35:39;˜˜˜˜ ˜˜˜˜˜˜˜˜˜˜˜˜;LWR
372;1176064982;M;36;˜˜;2314;2020-09-21;2020-09-21 23:26:08;˜˜˜˜˜˜˜˜˜ ˜˜˜;LWR
373;365504102;F;26;˜˜˜˜˜˜˜˜˜;462;2022-06-22;2022-06-22 19:44:36;˜˜˜˜˜˜˜˜˜˜˜˜ ˜˜˜;LWR
374;116901923;M;17;˜˜;0;2023-12-08;2023-12-10 21:54:53;0;LWR
375;531204877;F;51;˜˜;555;2023-05-16;2023-05-16 13:21:51;˜˜˜˜˜˜˜˜˜˜˜ ˜˜˜;LWR
376;824900868;F;44;˜˜;648;2023-10-05;2023-10-05 15:41:45;˜˜˜˜˜˜˜˜˜˜˜ ˜˜˜˜;LWR
377;1072269729;M;48;˜˜;527;2013-03-02;2021-08-11 18:25:00;˜˜˜˜˜˜˜˜˜ ˜˜˜;LWR
378;317474587;M;33;˜˜;1296;2020-02-27;2022-02-09 03:04:02;˜˜˜˜˜˜˜˜˜ ˜˜˜;LWR
379;1208804728;F;37;˜˜;138;2019-03-04;2019-03-12 15:02:08;˜˜˜˜ ˜˜˜˜˜˜˜˜;LWR
380;260569972;F;26;˜˜;555;2019-09-29;2019-10-06 20:30:36;˜˜˜˜ ˜˜˜˜˜˜˜˜˜;LWR
381;346815913;F;30;˜˜;462;2023-11-24;2023-11-26 16:23:51;˜˜˜˜˜˜˜˜˜˜˜˜˜ ˜˜˜;LWR
382;262996871;F;35;˜˜;1203;2024-12-14;2024-12-14 01:49:34;˜˜˜˜˜˜˜˜˜ ˜˜˜;LWR
383;5951128;F;48;˜˜;0;2021-10-04;2022-02-20 10:31:31;0;LWR
384;154492642;M;23;˜˜˜˜˜˜˜˜˜˜˜;1203;2022-08-15;2022-08-15 18:53:21;˜˜˜˜˜˜˜ ˜˜˜;LWR
385;1066749409;F;53;˜˜;0;2022-08-04;2022-08-07 20:00:15;˜ ˜˜˜˜˜-˜˜˜˜˜˜˜˜˜;LWR
386;635880651;M;33;˜˜;1388;2017-05-07;2017-06-22 17:16:59;˜˜˜˜˜˜˜˜˜˜˜ ˜˜˜;LWR
387;689949566;F;60;˜˜;462;2021-11-26;2022-02-08 08:17:32;˜˜˜˜˜˜˜˜˜˜ ˜˜˜;LWR
388;261951109;F;34;˜˜;1388;2019-04-05;2024-08-27 12:41:19;˜ ˜˜˜˜˜˜˜˜˜˜˜;LWR
389;937133703;M;33;˜˜;462;2020-10-28;2020-10-28 12:25:51;˜˜˜˜ ˜˜˜˜˜˜˜˜˜˜˜˜;LWR
390;539339528;M;26;˜˜;833;2022-12-03;2022-12-03 19:44:00;˜˜˜˜˜˜˜ ˜˜˜;LWR
391;270709518;F;23;˜˜;0;2020-01-10;2020-01-10 20:09:23;˜ ˜˜˜˜˜˜;LWR
392;1217002785;M;39;˜˜;648;2016-10-19;2016-10-21 10:29:14;˜˜˜˜˜˜˜˜˜˜˜˜ ˜˜˜;LWR
393;941047568;M;33;˜˜;2638;2020-01-28;2020-01-30 12:21:26;˜˜˜˜ ˜˜˜˜˜˜˜˜˜-˜˜˜˜˜˜˜˜˜˜;LWR
394;568341987;F;37;˜˜;92;2017-06-21;2017-06-22 19:36:42;˜ ˜˜˜˜˜-˜˜˜˜˜˜˜˜˜;LWR
395;607722084;M;46;˜˜;0;2021-06-23;2021-06-23 08:50:01;0;LWR
396;1011817418;F;19;˜˜˜˜˜;0;2025-01-10;2025-01-10 12:00:40;˜ ˜˜˜˜˜˜;LWR
397;525906360;M;65;˜˜;1064;2025-03-13;2025-03-14 11:51:24;˜˜˜˜˜˜˜˜˜˜˜˜˜ ˜˜˜;LWR
398;127027604;M;30;˜˜;740;2021-07-09;2023-01-11 18:13:25;˜ ˜˜˜˜˜-˜˜˜˜˜˜˜˜˜;LWR
399;263125232;F;62;˜˜;0;2025-02-06;2025-02-09 09:55:00;0;LWR
400;674296544;F;27;˜˜;1851;2020-12-08;2020-12-08 14:37:34;˜ ˜˜˜˜˜-˜˜˜˜˜˜˜˜˜;LWR
401;1088975062;F;34;˜˜;1111;2018-10-02;2018-10-11 11:21:34;˜ ˜˜˜˜˜˜;LWR
402;606630462;M;38;˜˜;925;2018-05-18;2018-05-20 12:57:32;˜ ˜˜˜˜˜˜;LWR
403;315739874;F;25;˜˜;370;2019-01-10;2019-01-10 10:55:59;˜˜˜˜˜˜˜˜˜˜˜˜˜ ˜˜˜;LWR
404;339036122;F;43;˜˜;1944;2023-04-15;2023-04-15 19:57:25;˜˜˜˜˜˜˜˜˜˜ ˜˜˜;LWR
405;696850783;M;35;˜˜;1851;2019-08-09;2019-08-12 11:19:48;˜˜˜˜˜˜˜˜˜˜˜˜˜ ˜˜˜;LWR
406;1000582115;F;27;˜˜;0;2020-04-27;2020-06-15 22:32:42;0;LWR
407;1070793201;M;23;˜˜;462;2021-09-09;2022-02-08 01:23:28;˜˜˜˜˜˜˜˜˜˜ ˜˜˜;LWR
408;558752473;M;41;˜˜;1851;2022-07-11;2022-07-11 15:35:28;˜˜˜˜˜˜ ˜˜˜;LWR
409;137346595;F;14;˜˜;0;2024-10-27;2024-11-09 16:30:25;0;LWR
410;552646724;M;30;˜˜;1388;2020-11-30;2020-12-03 17:39:13;˜˜˜˜˜˜˜ ˜˜˜;LWR
411;282964565;M;16;˜˜;0;2023-01-20;2023-01-20 23:42:48;˜˜˜˜˜˜˜˜˜˜˜˜˜ ˜˜˜˜;LWR
412;505678992;F;42;˜˜;555;2022-03-12;2022-03-19 10:24:28;˜˜˜˜˜˜˜˜ ˜˜˜˜;LWR
413;1071434974;M;39;˜˜;462;2022-09-27;2022-09-27 22:39:11;˜˜˜˜˜˜˜ ˜˜˜;LWR
414;270712067;M;43;˜˜;1130;2010-10-05;2022-02-08 04:17:03;˜˜˜˜ ˜˜˜˜ /˜˜˜˜˜˜/;LWR
415;1081380;F;24;˜˜;287;2021-03-11;2021-03-11 20:32:01;˜˜˜˜˜˜˜˜˜˜ ˜˜˜;LWR
416;309230814;M;51;˜˜;833;2016-03-10;2016-03-30 11:57:32;˜˜˜˜˜˜˜˜˜˜ ˜˜˜;LWR
417;158559684;F;34;˜˜;925;2021-06-02;2023-09-19 10:20:03;˜˜˜˜ ˜˜˜˜˜˜˜˜˜;LWR
418;1215289055;F;44;˜˜;0;2020-05-26;2020-05-29 11:49:38;˜˜˜˜˜˜˜˜˜ ˜˜˜;MED
419;700746981;F;77;˜˜;0;2024-10-01;2024-10-02 14:57:11;0;LWR
420;1054245449;F;59;˜˜;462;2022-08-25;2022-08-25 17:48:32;˜˜˜˜˜-˜˜˜˜˜˜˜˜˜˜ ˜˜˜˜˜˜˜˜˜˜ ˜˜˜˜˜ - ˜˜˜˜ ˜˜;LWR
421;129056400;M;34;˜˜;925;2023-08-16;2023-08-17 08:46:54;˜ ˜˜˜˜˜˜;LWR
422;1151371183;F;50;˜˜;722;2023-12-11;2023-12-15 12:36:12;˜˜˜˜˜˜˜˜˜˜˜˜˜ ˜˜˜˜;LWR
423;1051667539;M;50;˜˜;2500;2013-11-21;2020-08-21 09:02:27;˜˜˜˜˜˜˜˜˜˜˜˜ ˜˜˜;LWR
424;393908548;M;37;˜˜˜˜˜˜˜˜˜˜˜;0;2020-03-09;2020-03-10 12:10:20;˜ ˜˜˜˜˜˜;LWR
425;1041040593;M;49;˜˜;648;2023-01-24;2023-01-24 17:48:26;0;LWR
426;111526447;F;37;˜˜;620;2025-03-13;2025-03-15 11:27:51;˜˜˜˜˜˜˜˜˜˜˜˜˜ ˜˜˜;LWR
427;693992225;F;37;˜˜;1759;2021-12-28;2022-02-10 06:31:18;˜˜˜˜˜˜˜˜˜˜˜˜˜ ˜˜˜˜;LWR
428;269745936;F;37;˜˜;1574;2024-08-15;2024-08-19 12:00:00;˜˜˜˜˜˜˜˜˜˜˜˜ ˜˜˜;LWR
429;258100642;M;63;˜˜;1388;2019-03-31;2019-04-15 09:34:51;˜ ˜˜˜˜˜˜˜˜˜˜˜;LWR
430;236638770;F;37;˜˜;1203;2019-05-20;2019-07-18 18:06:39;˜˜˜˜˜˜˜˜˜˜˜ ˜˜˜˜˜˜˜ - ˜˜˜˜˜˜˜;LWR
431;734162308;M;38;˜˜;0;2022-02-25;2022-02-25 07:45:13;0;LWR
432;323725102;M;21;˜˜;1018;2023-06-26;2024-04-15 07:48:29;˜˜˜˜˜˜˜˜ ˜˜˜˜;LWR
433;852394335;M;32;˜˜;740;2023-06-11;2023-06-11 15:28:46;˜˜˜˜˜˜˜˜˜˜ ˜˜˜;LWR
434;1079846421;M;52;˜˜;509;2019-01-08;2019-01-12 14:54:02;˜˜˜˜˜˜˜˜˜˜˜˜˜ ˜˜˜;LWR
435;30548268;F;24;˜˜;730;2022-04-21;2022-05-26 05:52:19;˜˜˜˜˜˜˜˜˜˜˜ ˜˜˜;LWR
436;1057130206;F;45;˜˜;833;2021-02-12;2021-02-12 15:08:27;˜˜˜˜˜˜˜˜˜˜ ˜˜˜;LWR
437;149426411;M;31;˜˜;833;2019-07-28;2019-07-30 11:51:40;˜˜˜˜ ˜˜˜˜˜˜˜˜;LWR
438;606063816;M;36;˜˜;0;2020-09-16;2020-09-21 09:01:49;˜ ˜˜˜˜˜-˜˜˜˜˜˜˜˜˜;LWR
439;1083372931;F;47;˜˜;0;2024-09-12;2024-09-12 08:21:29;˜˜˜˜˜˜˜˜˜˜˜ ˜˜˜;LWR
440;1199025255;F;35;˜˜;462;2020-10-28;2020-11-11 10:56:55;˜˜˜˜˜˜˜˜˜˜˜˜ ˜˜˜;LWR
441;1193875266;F;40;˜˜;462;2022-08-02;2022-08-02 19:29:22;˜˜˜˜˜˜˜ ˜˜˜;LWR
442;615313644;F;58;˜˜;1186;2010-08-09;2022-02-08 11:56:00;˜˜˜˜ ˜˜˜˜˜˜˜˜˜;LWR
443;128643454;F;39;˜˜;0;2024-12-19;2025-01-01 20:09:33;˜˜˜˜˜˜˜˜˜˜ ˜˜˜;LWR
444;746455162;M;41;˜˜;925;2023-10-18;2023-10-18 16:34:01;˜˜˜˜˜˜˜˜˜˜ ˜˜˜;LWR
445;126533085;F;32;˜˜;925;2023-04-25;2023-04-25 15:32:48;˜˜˜˜˜˜˜˜ ˜˜˜;LWR
446;363409950;F;14;˜˜;0;2025-01-29;2025-02-01 11:30:14;0;LWR
447;1079630545;M;17;˜˜;0;2023-02-25;2023-02-25 23:19:08;˜ ˜˜˜˜˜˜;LWR
448;796632270;M;49;˜˜;0;2023-05-26;2024-07-25 12:38:30;0;LWR
449;395934479;F;43;˜˜;8333;2021-10-12;2023-04-06 11:38:30;˜˜˜˜˜˜˜˜˜˜˜˜˜ ˜˜˜;LWR
450;850290484;M;54;˜˜;1111;2025-03-03;2025-03-03 20:50:24;0;LWR
451;318764163;F;48;˜˜;0;2020-08-05;2020-08-05 16:43:16;˜˜˜˜˜˜˜˜˜˜˜ ˜˜˜;LWR
452;259665237;F;28;˜˜;2787;2020-01-14;2020-01-17 01:35:05;˜ ˜˜˜˜˜-˜˜˜˜˜˜˜˜˜;LWR
453;1155530060;M;43;˜˜;1281;2024-10-14;2024-10-06 12:15:16;˜˜˜˜˜˜˜˜˜˜˜˜ ˜˜˜˜;LWR
454;535796675;M;40;˜˜;3240;2019-07-08;2019-07-09 11:42:08;˜ ˜˜˜˜˜-˜˜˜˜˜˜˜˜˜;LWR
455;539026909;M;23;˜˜;925;2023-10-09;2023-10-09 10:32:01;˜˜˜˜˜˜˜˜˜˜˜˜˜ ˜˜˜;LWR
456;901205432;M;47;˜˜;0;2022-01-19;2022-01-24 09:35:25;˜˜˜˜˜˜˜˜˜˜ ˜˜˜;LWR
457;259447110;M;26;˜˜;0;2023-04-10;2023-04-10 21:40:35;0;LWR
458;512442563;F;34;˜˜;740;2022-04-14;2022-04-14 16:20:11;0;LWR
459;383055391;F;43;˜˜;1296;2010-12-21;2012-10-01 13:55:07;˜ ˜˜˜˜˜-˜˜˜˜˜˜˜˜˜;LWR
460;357213223;F;73;˜˜;231;2018-03-03;2019-04-11 11:26:36;˜ ˜˜˜˜˜-˜˜˜˜˜˜˜˜˜;LWR
461;857925015;F;42;˜˜;740;2019-03-19;2019-03-20 13:13:30;˜˜˜˜˜˜˜˜˜˜ ˜˜˜;LWR
462;305607030;M;44;˜˜;0;2021-08-23;2022-02-08 20:33:49;˜ ˜˜˜˜˜˜;LWR
463;157887096;M;43;˜˜;185;2023-02-01;2023-02-02 00:00:44;˜˜˜˜˜˜˜˜˜ ˜˜˜˜˜˜˜˜˜˜ - ˜˜˜˜˜˜˜;LWR
464;543868517;M;37;˜˜˜˜˜˜˜˜˜˜˜;0;2024-03-07;2024-03-07 09:22:06;˜˜˜˜˜˜˜˜˜˜ ˜˜˜;LWR
465;697576903;F;56;˜˜;879;2023-09-17;2023-09-17 10:44:27;˜˜˜˜˜˜˜˜˜˜˜˜˜ ˜˜˜;LWR
466;386092188;F;46;˜˜;0;2019-01-29;2019-05-12 11:54:26;˜ ˜˜˜˜˜-˜˜˜˜˜˜˜˜˜;LWR
467;1174786108;M;49;˜˜˜˜˜˜˜˜;0;2022-10-08;2022-10-08 13:58:03;˜ ˜˜˜˜˜˜;LWR
468;759261463;M;27;˜˜;462;2020-03-17;2020-04-03 11:14:23;˜˜˜˜˜˜˜ ˜˜˜;LWR
469;785122038;F;15;˜˜;564;2025-01-24;2025-01-24 20:05:33;˜˜˜˜˜˜˜˜˜˜˜˜ ˜˜˜;LWR
470;1060956464;F;30;˜˜;1111;2020-10-01;2020-10-06 18:40:16;˜˜˜˜ ˜˜˜˜˜˜˜˜˜;LWR
471;267662784;M;25;˜˜;509;2020-10-12;2020-10-19 13:48:47;˜˜˜˜˜˜˜˜˜˜˜˜˜ ˜˜˜˜;LWR
472;118482827;M;32;˜˜;833;2022-08-15;2022-08-17 08:17:48;˜˜˜˜˜˜˜˜˜˜˜ ˜˜˜˜;LWR
473;249040166;F;34;˜˜;138;2022-12-27;2022-12-27 02:45:17;˜˜˜˜˜˜˜˜˜˜ ˜˜˜;LWR
474;1027498962;M;37;˜˜;2777;2016-04-16;2023-10-11 09:55:26;˜ ˜˜˜˜˜-˜˜˜˜˜˜˜˜˜;LWR
475;351349978;M;39;˜˜;833;2020-01-22;2020-10-15 20:45:31;˜˜˜˜ ˜˜˜˜˜˜˜˜ ˜˜˜˜˜˜ - ˜˜˜˜˜˜;LWR
476;1012362124;F;28;˜˜;0;2021-04-03;2021-04-06 14:55:45;˜˜˜˜ ˜˜˜˜˜˜˜˜˜˜˜˜;LWR
477;861802149;M;16;˜˜;0;2024-07-14;2024-07-14 12:47:01;˜˜˜˜ ˜˜˜˜˜˜˜˜˜ ˜˜˜˜˜˜˜˜;LWR
478;1199719987;F;28;˜˜;1111;2021-01-27;2021-01-29 13:44:09;˜˜˜˜ ˜˜˜˜˜˜˜˜˜˜;LWR
479;808344634;F;21;˜˜;122;2023-10-23;2023-10-26 10:17:54;˜˜˜˜˜˜˜˜˜˜˜˜˜ ˜˜˜;LWR
480;291033683;M;37;˜˜;1851;2023-02-04;2023-02-06 16:20:44;˜˜˜˜˜˜˜˜˜˜˜ ˜˜˜;LWR
481;694443316;M;46;˜˜;0;2021-09-16;2022-02-09 07:47:05;0;LWR
482;160968378;M;38;˜˜;555;2021-12-14;2021-03-11 17:49:49;˜˜˜˜ ˜˜˜˜;LWR
483;1181242102;M;43;˜˜;2777;2012-08-15;2021-06-28 17:01:37;˜ ˜˜˜˜˜˜;LWR
484;112716352;F;30;˜˜;833;2022-07-28;2022-07-28 20:52:43;˜˜˜˜˜˜˜˜˜˜ ˜˜˜;LWR
485;730222923;F;27;˜˜;277;2023-01-17;2023-01-17 21:36:54;0;LWR
486;944937813;F;43;˜˜;2222;2016-11-23;2021-02-02 16:34:11;˜˜˜˜˜˜˜˜˜˜ ˜˜˜;LWR
487;992493894;F;27;˜˜;731;2021-06-13;2021-06-14 16:52:04;˜˜˜˜˜˜˜˜˜˜˜˜˜ ˜˜˜˜;LWR
488;381194603;F;37;˜˜;740;2024-12-18;2024-12-19 23:10:42;0;LWR
489;797748939;M;42;˜˜;833;2018-07-26;2022-04-24 09:13:16;˜˜˜˜˜˜˜˜˜˜˜ ˜˜˜;LWR
490;624083342;M;23;˜˜;833;2021-06-25;2021-06-27 16:29:21;0;LWR
491;306758405;F;45;˜˜;1018;2022-03-13;2021-05-11 01:34:58;˜˜˜˜˜˜˜˜˜ ˜˜˜;LWR
492;1196730772;F;25;˜˜;694;2021-10-29;2022-02-08 20:54:46;˜˜˜˜˜˜˜˜˜˜˜˜˜ ˜˜˜;LWR
493;760866972;F;33;˜˜;0;2021-02-12;2021-02-13 00:56:09;0;LWR
494;632230983;F;62;˜˜;370;2022-03-10;2022-03-14 17:38:33;˜˜˜˜˜˜˜˜˜˜˜ ˜˜˜;LWR
495;517356985;M;37;˜˜;1388;2014-11-13;2014-11-19 12:13:06;˜ ˜˜˜˜˜-˜˜˜˜˜˜˜˜˜;LWR
496;521968723;M;32;˜˜;4629;2022-01-16;2022-02-12 12:20:51;˜ ˜˜˜˜˜˜˜˜˜˜˜;LWR
497;342085405;M;40;˜˜;2314;2020-06-30;2020-07-02 18:26:56;˜˜˜˜˜˜ ˜˜˜;LWR
498;909555770;M;39;˜˜;833;2021-06-22;2021-06-26 12:04:17;˜˜˜˜ ˜˜˜˜˜˜˜;LWR
499;549377735;F;39;˜˜;277;2021-04-16;2021-04-22 10:06:00;˜˜˜˜˜˜˜˜˜ ˜˜˜˜;LWR
500;319647041;F;40;˜˜;0;2021-06-28;2021-06-29 19:56:32;0;LWR
501;945193016;M;25;˜˜;925;2023-02-10;2023-02-10 15:40:09;˜ ˜˜˜˜˜˜;LWR
502;968266192;M;45;˜˜;0;2013-05-19;2021-08-08 11:36:21;˜˜˜˜˜˜˜˜˜˜˜ ˜˜˜;LWR
503;614905359;M;49;˜˜;740;2020-08-28;2020-08-28 15:11:54;˜˜˜˜˜˜˜˜˜˜˜ ˜˜˜;LWR
504;1060193448;F;37;˜˜;925;2023-11-29;2023-11-29 14:18:00;˜˜˜˜˜˜˜˜˜˜˜˜˜˜ ˜˜˜˜;LWR
505;1069949794;F;54;˜˜;1851;2018-02-01;2018-09-25 08:50:47;˜ ˜˜˜˜˜˜;LWR
506;758499390;M;40;˜˜;2777;2019-05-27;2019-10-28 18:52:43;˜˜˜˜˜˜˜˜˜˜˜˜˜ ˜˜˜˜;LWR
507;37143587;M;28;˜˜;851;2019-09-28;2019-10-09 08:59:38;˜˜˜˜˜˜˜˜˜˜ ˜˜˜˜;LWR
508;1038696778;F;23;˜˜;0;2019-12-24;2019-12-26 15:44:33;˜˜˜˜˜˜˜˜˜˜˜ ˜˜˜˜˜˜˜ - ˜˜˜˜˜˜˜ ˜˜˜;LWR
509;284612187;F;42;˜˜;1111;2021-07-23;2021-08-10 22:56:48;˜˜˜˜˜˜˜˜˜ ˜˜˜;LWR
510;221694751;F;47;˜˜;694;2014-05-29;2024-08-11 13:25:23;˜˜˜˜˜˜˜˜˜˜˜˜˜ ˜˜˜;LWR
511;209830600;M;21;˜˜;0;2021-09-06;2023-08-14 18:40:47;˜˜˜˜ ˜˜˜˜˜˜˜˜˜-˜˜˜˜˜˜˜˜˜˜;LWR
512;1010022694;F;29;˜˜;694;2017-07-12;2020-05-08 11:33:33;˜˜˜˜˜˜˜˜˜˜˜˜˜ ˜˜˜;LWR
513;399615810;F;37;˜˜;462;2019-09-28;2022-02-10 13:26:13;˜ ˜˜˜˜˜˜;LWR
514;1014964475;F;42;˜˜;0;2022-05-30;2022-05-30 09:13:22;˜˜˜˜˜˜˜˜˜˜ ˜˜˜;LWR
515;562805039;M;22;˜˜;0;2019-01-22;2019-02-02 04:10:25;˜˜˜˜˜˜˜˜˜˜ ˜˜˜˜;LWR
516;143519917;F;38;˜˜;833;2023-11-16;2023-11-16 10:36:54;˜˜˜˜˜˜˜˜˜˜˜˜˜ ˜˜˜;LWR
517;1213952039;M;38;˜˜;648;2011-11-03;2017-04-16 15:53:42;˜˜˜˜˜˜˜˜˜˜ ˜˜˜;LWR
518;1188634561;F;34;˜˜;0;2021-01-14;2021-01-18 10:56:14;˜ ˜˜˜˜˜˜;LWR
519;1077548708;M;50;˜˜;1388;2016-12-12;2016-12-13 12:57:17;˜ ˜˜˜˜˜˜;LWR
520;1200513012;F;50;˜˜;0;2021-12-29;2022-02-08 17:25:35;0;LWR
521;628466685;M;35;˜˜;0;2022-01-11;2022-02-08 11:23:40;0;LWR
522;1039960511;M;61;˜˜;0;2017-01-16;2020-07-06 20:09:51;˜ ˜˜˜˜˜-˜˜˜˜˜˜˜˜˜;LWR
523;1143282715;M;27;˜˜;972;2019-05-07;2019-05-10 11:46:22;˜ ˜˜˜˜˜-˜˜˜˜˜˜˜˜˜;LWR
524;890846136;M;25;˜˜;833;2021-02-12;2021-02-12 15:18:23;0;LWR
525;222468908;M;26;˜˜;1620;2021-02-28;2021-02-28 23:19:31;˜ ˜˜˜˜˜˜;LWR
526;1158939301;F;32;˜˜;555;2022-06-26;2022-06-26 12:09:28;0;LWR
527;788992730;F;41;˜˜;740;2018-10-23;2018-11-01 11:58:35;˜˜˜˜˜˜˜˜˜˜˜˜˜ ˜˜˜˜;LWR
528;65492820;M;33;˜˜˜˜˜˜˜;1574;2024-04-22;2024-04-24 14:04:21;˜˜˜˜˜˜˜˜˜ ˜˜˜;LWR
529;570482454;F;19;˜˜;0;2023-04-20;2023-04-20 22:00:05;0;LWR
530;671222865;F;41;˜˜;0;2023-02-08;2023-02-08 14:38:22;˜˜˜˜ ˜˜˜˜˜˜˜˜˜;LWR
531;286276521;F;31;˜˜;648;2021-10-23;2023-04-30 09:21:44;˜˜˜˜˜˜˜˜˜˜˜ ˜˜˜;LWR
532;1163161764;F;26;˜˜;694;2023-05-26;2024-12-09 18:06:24;˜˜˜˜˜˜˜˜˜˜ ˜˜˜;LWR
533;1204687780;F;64;˜˜;162;2010-09-13;2020-08-20 20:48:09;˜˜˜˜˜˜˜˜˜˜ ˜˜˜;LWR
534;772819678;M;19;˜˜;370;2022-06-21;2022-06-21 17:39:39;˜˜˜˜˜˜˜˜ ˜˜˜˜;LWR
535;399736460;M;22;˜˜;0;2023-08-27;2023-08-27 17:27:06;˜˜˜˜˜˜˜˜˜˜ ˜˜˜;LWR
536;257037124;M;30;˜˜;847;2018-09-20;2018-09-21 18:53:00;˜ ˜˜˜˜˜˜;LWR
537;606888752;M;27;˜˜;2314;2022-10-09;2022-10-09 11:43:04;˜˜˜˜˜˜˜˜˜˜ ˜˜˜;LWR
538;744755312;F;53;˜˜;833;2023-10-17;2023-10-17 18:25:15;˜ ˜˜˜˜˜˜;LWR
539;691880921;M;51;˜˜;2314;2017-09-19;2017-09-20 12:03:32;˜ ˜˜˜˜˜˜;LWR
540;270253985;M;48;˜˜;796;2024-05-17;2024-05-20 10:40:14;˜ ˜˜˜˜˜˜;LWR
541;4839782;F;27;˜˜;925;2019-09-26;2019-09-30 14:11:14;˜˜˜˜˜˜˜˜˜˜ ˜˜˜;LWR
542;211953596;M;30;˜˜;601;2018-12-25;2021-06-24 16:59:18;˜˜˜˜ ˜˜˜˜˜˜˜˜˜;LWR
543;157870996;M;49;˜˜;740;2023-07-14;2023-07-15 19:02:13;˜˜˜˜˜˜˜˜˜ ˜˜˜;LWR
544;702902878;M;37;˜˜;879;2023-04-22;2023-04-22 06:34:38;˜˜˜˜˜˜˜˜˜˜˜˜ ˜˜˜˜;LWR
545;941512754;F;35;˜˜;925;2022-05-31;2022-05-31 00:57:05;˜˜˜˜˜˜˜˜˜˜˜˜˜ ˜˜˜˜;MED
546;1207941471;F;42;˜˜;462;2017-01-10;2017-01-14 23:45:34;˜ ˜˜˜˜˜˜;LWR
547;367536229;M;23;˜˜;0;2020-10-21;2020-10-21 17:36:35;˜ ˜˜˜˜˜-˜˜˜˜˜˜˜˜˜;LWR
548;1033680550;M;39;˜˜;0;2023-01-02;2023-01-02 14:40:43;0;LWR
549;232719474;M;55;˜˜;3425;2015-10-07;2015-10-09 14:39:43;˜ ˜˜˜˜˜˜;LWR
550;377764542;F;54;˜˜;555;2019-10-06;2019-10-08 14:16:55;˜˜˜˜˜˜˜˜˜ ˜˜˜;LWR
551;223051643;F;41;˜˜;0;2022-03-22;2022-03-25 16:02:32;˜˜˜˜˜˜˜˜˜˜ ˜˜˜;LWR
552;863879545;M;38;˜˜;1388;2013-07-01;2016-01-12 06:31:50;˜˜˜˜ ˜˜˜˜ (˜˜˜˜˜˜);LWR
553;1025402611;F;41;˜˜;648;2020-09-18;2020-09-21 17:14:14;˜˜˜˜˜˜˜˜˜˜˜˜˜ ˜˜˜;LWR
554;1099500481;F;47;˜˜;277;2023-10-14;2023-10-18 15:56:49;˜˜˜˜˜-˜˜˜˜˜˜˜˜˜˜ ˜˜˜˜˜˜˜˜˜˜ ˜˜˜˜˜ - ˜˜˜˜ ˜˜;LWR
555;1023809602;M;17;˜˜;0;2022-05-07;2022-05-07 11:29:18;0;LWR
556;257756768;M;59;˜˜;0;2023-03-21;2023-03-21 23:28:57;0;LWR
557;1140440042;F;41;˜˜;0;2025-01-25;2025-02-02 11:07:04;˜˜˜˜˜-˜˜˜˜˜˜˜˜˜˜ ˜˜˜˜˜˜˜˜˜˜ ˜˜˜˜˜ - ˜˜˜˜ ˜˜;LWR
558;842024390;F;29;˜˜;0;2022-07-18;2022-07-18 18:27:54;0;LWR
559;944977147;F;25;˜˜;893;2023-09-04;2023-09-04 23:24:38;˜ ˜˜˜˜˜˜;LWR
560;620103103;M;37;˜˜;1111;2021-08-20;2022-02-08 12:15:45;˜ ˜˜˜˜˜-˜˜˜˜˜˜˜˜˜;LWR
561;800699442;F;27;˜˜;222;2019-06-10;2022-08-13 02:33:33;˜˜˜˜ ˜˜˜˜˜˜˜˜˜;LWR
562;891400663;F;38;˜˜;648;2016-10-27;2019-04-11 16:54:08;˜˜˜˜˜˜˜˜˜˜ ˜˜˜;LWR
563;891838157;M;19;˜˜;0;2021-05-16;2021-05-16 12:07:26;˜˜˜˜˜˜˜˜˜˜˜ ˜˜˜;LWR
564;806887041;M;49;˜˜;0;2017-11-29;2017-12-19 15:34:32;˜˜˜˜ ˜˜˜˜˜˜˜˜˜˜˜˜;LWR
565;354457311;F;38;˜˜;2037;2018-04-23;2018-05-15 14:54:19;˜˜˜˜˜˜˜˜˜˜˜˜˜ ˜˜˜;LWR
566;722355594;M;20;˜˜;0;2021-03-10;2021-03-10 23:01:28;˜˜˜˜˜˜˜˜˜˜˜ ˜˜˜;LWR
567;869596913;M;37;˜˜;1111;2024-03-05;2024-03-06 13:20:06;˜˜˜˜˜˜˜˜ ˜˜˜;LWR
568;767299117;F;19;˜˜;0;2021-04-21;2021-04-21 16:50:01;0;LWR
569;158892357;F;48;˜˜;1111;2023-01-25;2023-01-30 13:21:15;˜˜˜˜˜ ˜˜˜˜˜-˜˜˜˜˜˜˜˜˜;LWR
570;271741134;F;43;˜˜;1388;2020-08-24;2020-08-26 08:06:09;˜ ˜˜˜˜˜˜˜˜˜˜˜;LWR
571;734847417;F;19;˜˜;462;2022-05-03;2022-05-03 17:59:26;0;LWR
572;1089263017;F;17;˜˜;0;2022-06-29;2022-06-29 15:10:51;0;LWR
573;321336847;F;51;˜˜;925;2023-12-20;2022-10-19 14:13:06;˜ ˜˜˜˜˜-˜˜˜˜˜˜˜˜˜;LWR
574;266922075;M;37;˜˜;879;2017-03-12;2020-10-21 10:51:09;˜˜˜˜˜˜˜˜˜˜˜ ˜˜˜;LWR
575;619251417;F;37;˜˜;879;2022-02-14;2024-08-16 12:32:37;˜˜˜˜˜˜˜˜˜˜˜˜˜ ˜˜˜;LWR
576;593765848;M;46;˜˜;3379;2017-01-09;2019-01-26 15:10:41;˜˜˜˜˜˜˜˜˜˜˜˜˜ ˜˜˜˜;LWR
577;1001060476;M;33;˜˜;324;2019-03-27;2023-01-17 11:02:19;˜˜˜˜˜˜˜˜˜˜˜˜ ˜˜˜;LWR
578;116382817;F;35;˜˜;555;2021-04-04;2021-04-04 11:12:56;˜˜˜˜ ˜˜˜˜˜˜˜˜˜;LWR
579;588864124;F;48;˜˜;2314;2021-10-29;2022-02-11 16:13:03;˜ ˜˜˜˜˜˜;LWR
580;1002775714;M;42;˜˜;0;2014-01-26;2014-02-05 11:08:32;˜˜˜˜˜˜;LWR
581;845034077;F;50;˜˜;1388;2017-05-18;2017-06-01 17:09:12;˜˜˜˜˜˜˜˜˜ ˜˜˜;LWR
582;1208904187;F;28;˜˜;1296;2019-11-19;2019-11-21 00:02:06;˜ ˜˜˜˜˜˜;LWR
583;243195146;F;43;˜˜;879;2022-10-28;2022-10-28 19:39:51;˜ ˜˜˜˜˜˜;LWR
584;123943988;F;29;˜˜;0;2021-06-27;2021-08-04 20:44:41;˜˜˜˜˜˜˜˜˜˜˜ ˜˜˜;LWR
585;1061412831;M;28;˜˜;0;2022-05-17;2022-05-18 14:32:40;˜˜˜˜˜˜˜˜˜˜˜˜ ˜˜˜;LWR
586;1148478929;M;61;˜˜;0;2021-02-08;2022-06-15 20:40:46;˜˜˜˜˜˜˜˜ ˜˜˜˜;LWR
587;367807681;M;20;˜˜;694;2023-03-27;2023-03-30 14:25:30;˜˜˜˜˜˜˜˜˜˜˜˜˜ ˜˜˜˜;LWR
588;945501028;M;50;˜˜;2592;2020-11-07;2020-11-07 13:33:26;˜ ˜˜˜˜˜-˜˜˜˜˜˜˜˜˜;LWR
589;342976217;M;39;˜˜;0;2021-04-15;2021-04-15 07:39:19;˜˜˜˜˜˜˜˜˜˜ ˜˜˜;LWR
590;151031736;F;35;˜˜;0;2022-07-06;2022-07-06 17:40:51;0;LWR
591;249709648;F;23;˜˜;925;2020-07-09;2020-07-09 21:54:21;˜ ˜˜˜˜˜˜;LWR
592;894978400;F;33;˜˜;620;2021-12-24;2024-02-11 11:42:49;˜˜˜˜˜˜˜˜˜˜˜ ˜˜˜;LWR
593;597526025;F;34;˜˜;0;2024-10-11;2024-10-11 13:58:34;0;LWR
594;223532832;M;48;˜˜;462;2022-06-07;2022-06-07 18:18:39;˜˜˜˜˜˜˜˜˜˜˜ ˜˜˜;LWR
595;146051577;M;47;˜˜;1851;2021-03-25;2021-03-26 13:04:16;˜ ˜˜˜˜˜˜;LWR
596;1003214451;F;25;˜˜;277;2021-07-21;2022-11-06 12:27:05;˜˜˜˜ ˜˜˜˜˜˜˜˜˜˜˜˜;LWR
597;1207841940;M;25;˜˜;740;2018-06-06;2018-07-07 13:30:38;˜ ˜˜˜˜˜˜;LWR
598;370385895;M;51;˜˜;3240;2020-04-28;2020-04-30 11:51:58;˜˜˜˜ ˜˜˜˜ /˜˜˜˜˜˜/;LWR
599;328338581;M;32;˜˜;0;2019-04-16;2019-04-19 16:04:32;˜ ˜˜˜˜˜-˜˜˜˜˜˜˜˜˜;LWR
600;666560926;F;30;˜˜;659;2023-06-01;2023-06-01 13:05:16;˜ ˜˜˜˜˜˜;LWR
601;906290971;F;31;˜˜;833;2021-05-03;2021-05-03 11:21:23;˜˜˜˜˜˜˜˜ ˜˜˜;LWR
602;1170702455;F;83;˜˜;0;2020-10-30;2023-09-21 05:36:20;˜˜˜˜ ˜˜˜˜˜˜˜˜˜˜˜˜;LWR
603;386972100;F;50;˜˜;0;2022-05-22;2022-05-22 22:47:12;0;LWR
604;768213628;F;53;˜˜;0;2020-08-10;2020-08-13 14:01:42;˜˜˜˜˜˜˜˜˜˜ ˜˜˜;LWR
605;115679543;F;51;˜˜;324;2022-12-02;2022-12-03 08:20:30;˜˜˜˜˜-˜˜˜˜˜˜˜˜˜˜ ˜˜˜˜˜˜˜˜˜˜ ˜˜˜˜˜ - ˜˜˜˜ ˜˜;LWR
606;1167701987;F;26;˜˜;462;2021-01-18;2021-01-19 12:01:08;˜˜˜˜˜˜˜˜˜˜˜˜˜ ˜˜˜˜;LWR
607;1148646191;M;26;˜˜;1574;2020-01-20;2020-01-20 17:25:09;˜˜˜˜ ˜˜˜˜˜˜˜˜˜˜;LWR
608;246764599;M;26;˜˜;648;2022-03-11;2022-03-11 12:29:57;˜˜˜˜ ˜˜˜˜˜˜˜;LWR
609;705056919;F;28;˜˜;462;2021-03-10;2021-03-10 11:45:28;˜˜˜˜˜˜˜˜˜˜˜ ˜˜˜;LWR
610;1209238689;F;49;˜˜;324;2022-03-16;2022-03-16 20:53:35;0;LWR
611;1208516533;M;26;˜˜;0;2018-06-06;2018-06-09 15:08:17;˜ ˜˜˜˜˜˜;LWR
612;756656277;M;34;˜˜;1388;2016-07-22;2017-07-28 20:41:00;˜ ˜˜˜˜˜˜;LWR
613;967129288;F;39;˜˜;518;2025-01-09;2025-02-10 13:54:20;˜ ˜˜˜˜˜˜˜˜˜˜˜;LWR
614;628615480;M;32;˜˜;0;2019-07-08;2019-07-09 18:23:26;˜˜˜˜ ˜˜˜˜˜˜˜;LWR
615;650353879;F;37;˜˜;555;2018-10-25;2020-09-23 13:59:01;˜˜˜˜˜˜˜˜˜˜˜ ˜˜˜;LWR
616;1209244341;M;31;˜˜;1111;2017-12-05;2022-02-23 00:11:15;˜˜˜˜˜˜ ˜˜˜;LWR
617;593106884;F;26;˜˜;833;2021-10-31;2022-02-08 18:22:24;˜ ˜˜˜˜˜˜;LWR
618;700020382;M;35;˜˜;925;2025-03-03;2025-03-05 21:39:03;˜˜˜˜ ˜˜˜˜˜˜˜˜˜;LWR
619;697245792;M;44;˜˜;416;2021-11-19;2022-07-27 21:42:07;˜˜˜˜˜˜˜˜ ˜˜˜;LWR
620;864736526;F;49;˜˜;1111;2019-07-12;2019-07-13 11:49:58;˜ ˜˜˜˜˜˜;LWR
621;107059251;M;25;˜˜;787;2022-08-02;2022-08-06 09:18:58;˜˜˜˜˜˜˜˜˜˜˜ ˜˜˜˜˜˜˜ - ˜˜˜˜˜˜˜;LWR
622;903627863;M;38;˜˜;740;2024-08-19;2024-08-21 15:50:48;0;LWR
623;813416593;M;26;˜˜;1153;2024-07-30;2024-08-06 09:51:45;˜˜˜˜˜˜˜˜˜˜˜˜ ˜˜˜;LWR
624;893608589;F;24;˜˜;1111;2021-11-08;2022-02-10 17:45:36;˜˜˜˜˜˜˜˜˜˜˜˜˜ ˜˜˜˜;LWR
625;739809817;M;26;˜˜;2175;2021-03-14;2021-03-16 12:52:34;˜ ˜˜˜˜˜˜;LWR
626;562209739;M;43;˜˜;0;2025-01-19;2025-01-19 12:57:13;˜˜˜˜ ˜˜˜˜˜˜˜;LWR
627;1003956088;F;57;˜˜;925;2022-02-16;2022-02-20 04:34:29;˜˜˜˜˜˜˜˜˜˜˜˜˜ ˜˜˜˜;LWR
628;1033460238;F;40;˜˜;2777;2016-06-24;2019-12-02 20:21:46;˜˜˜˜˜˜˜˜˜˜ ˜˜˜;LWR
629;1012341479;F;47;˜˜;277;2021-04-06;2021-04-08 12:53:00;˜˜˜˜˜˜˜˜˜˜˜˜ ˜˜˜˜;LWR
630;1203372435;M;52;˜˜;1111;2013-04-26;2021-04-23 16:47:55;˜˜˜˜˜˜˜˜˜˜˜˜ ˜˜˜˜;LWR
631;964467698;M;22;˜˜;601;2021-12-18;2022-06-08 10:49:59;˜˜˜˜˜˜˜˜˜˜˜˜˜ ˜˜˜;LWR
632;902010363;M;22;˜˜;787;2018-08-30;2021-03-01 08:49:21;˜˜˜˜˜˜˜˜ ˜˜˜;LWR
633;1013631586;F;18;˜˜;416;2021-10-28;2022-02-08 15:04:00;˜˜˜˜˜˜˜˜˜ ˜˜˜;LWR
634;964401820;M;42;˜˜;648;2022-12-02;2022-12-02 10:15:04;˜˜˜˜ ˜˜˜˜˜˜˜˜˜˜˜˜;LWR
635;118921415;F;39;˜˜;694;2025-02-21;2025-02-21 15:38:03;˜˜˜˜˜˜˜˜˜˜˜˜ ˜˜˜˜;LWR
636;260447735;M;25;˜˜;740;2021-02-12;2021-02-12 16:24:50;˜ ˜˜˜˜˜˜;LWR
637;963998243;F;34;˜˜;1527;2017-12-02;2022-02-16 19:59:48;˜˜˜˜ ˜˜˜˜˜˜˜;LWR
638;553250465;F;48;˜˜;1388;2021-08-06;2023-06-07 21:03:50;˜ ˜˜˜˜˜˜;LWR
639;959560119;F;36;˜˜;0;2022-12-02;2022-12-04 14:56:44;0;LWR
640;776742805;F;34;˜˜;0;2023-06-08;2023-06-08 14:53:54;0;LWR
641;430174895;M;55;˜˜;462;2024-03-24;2024-03-24 15:38:30;˜ ˜˜˜˜˜˜;LWR
642;619613725;M;25;˜˜;1574;2021-06-16;2022-05-29 23:03:11;˜˜˜˜ ˜˜˜˜˜˜˜˜˜;LWR
643;1068001427;F;44;˜˜;4629;2024-08-14;2024-08-15 17:48:24;0;LWR
644;284940891;M;30;˜˜;416;2018-04-12;2018-04-16 12:34:57;˜˜˜˜ ˜˜˜˜˜˜˜;LWR
645;311430807;F;40;˜˜;555;2021-11-05;2022-02-07 22:49:58;˜˜˜˜˜˜˜˜˜˜ ˜˜˜;LWR
646;296247258;F;49;˜˜;648;2020-10-07;2020-10-07 19:32:16;˜˜˜˜˜˜˜˜˜˜˜˜˜ ˜˜˜˜;LWR
647;159249219;M;43;˜˜;370;2022-12-22;2022-12-22 07:07:12;˜˜˜˜˜˜˜˜˜˜˜˜ ˜˜˜;LWR
648;643865794;M;42;˜˜;0;2018-10-09;2018-10-12 12:57:31;˜˜˜˜˜˜˜˜˜ ˜˜˜;LWR
649;397838889;M;62;˜˜;0;2021-04-13;2021-04-15 11:12:43;0;LWR
650;300392567;F;30;˜˜;555;2020-10-24;2020-12-12 01:32:41;˜˜˜˜˜˜˜˜˜˜˜ ˜˜˜;LWR
651;792733596;M;32;˜˜;3703;2020-08-25;2020-08-25 16:37:03;˜˜˜˜˜˜˜˜˜ ˜˜˜˜;LWR
652;907996086;F;27;˜˜;740;2020-08-04;2020-08-04 15:48:06;˜˜˜˜˜-˜˜˜˜˜˜˜˜˜˜ ˜˜˜˜˜˜˜˜˜˜ ˜˜˜˜˜ - ˜˜˜˜ ˜˜;LWR
653;215592305;F;23;˜˜;0;2021-10-28;2022-04-25 19:29:52;0;LWR
654;398938940;M;40;˜˜;462;2017-10-13;2019-04-19 06:42:28;˜˜˜˜ ˜˜˜˜ /˜˜˜˜˜˜/;LWR
655;301323685;F;37;˜˜;0;2021-10-13;2022-02-08 20:09:20;0;LWR
656;802145715;M;47;˜˜;462;2023-06-12;2023-06-12 22:20:04;˜˜˜˜ ˜˜˜˜;LWR
657;1216586387;F;36;˜˜;648;2021-12-31;2022-08-21 05:16:04;˜˜˜˜˜˜˜˜˜˜˜ ˜˜˜;LWR
658;393643828;F;40;˜˜;1481;2021-02-19;2021-02-24 13:58:25;˜ ˜˜˜˜˜˜;LWR
659;218812481;M;32;˜˜;3240;2013-09-20;2025-01-29 10:22:06;˜ ˜˜˜˜˜˜;LWR
660;588854327;M;35;˜˜;0;2014-03-19;2014-04-03 16:05:53;˜˜˜˜ ˜˜˜˜˜˜˜˜˜;LWR
661;508564166;F;37;˜˜;2314;2017-06-29;2017-07-04 18:52:53;˜˜˜˜˜˜˜˜˜˜ ˜˜˜;LWR
662;528348378;F;27;˜˜;601;2019-06-25;2020-10-26 10:09:09;˜˜˜˜ ˜˜˜˜˜˜˜˜˜;LWR
663;775311414;M;29;˜˜;1203;2025-01-25;2025-01-25 22:33:32;˜˜˜˜˜˜˜˜˜˜˜˜˜ ˜˜˜;LWR
664;618200175;M;36;˜˜;648;2017-01-25;2017-01-28 13:41:40;˜˜˜˜˜˜˜˜˜˜ ˜˜˜;LWR
665;911021842;F;19;˜˜;324;2021-06-18;2021-06-21 11:38:29;˜˜˜˜˜˜˜˜˜˜˜˜˜ ˜˜˜;LWR
666;101078598;F;65;˜˜;370;2024-07-03;2024-07-03 12:17:48;˜ ˜˜˜˜˜˜;LWR
667;1032507606;M;21;˜˜;648;2020-02-09;2020-02-11 19:45:04;˜˜˜˜˜˜˜˜ ˜˜˜;LWR
668;696311993;F;34;˜˜;1481;2021-01-13;2021-01-13 21:00:05;˜ ˜˜˜˜˜˜;LWR
669;951560979;M;21;˜˜;601;2024-04-19;2024-04-19 06:15:00;˜˜˜˜˜˜˜˜ ˜˜˜;LWR
670;537049851;M;24;˜˜;1851;2017-10-25;2017-10-29 14:22:38;˜˜˜˜˜˜˜˜˜˜˜˜˜ ˜˜˜˜;LWR
671;908720121;F;30;˜˜˜˜˜˜˜˜˜˜;0;2024-09-28;2024-09-28 21:27:25;˜˜˜˜˜˜˜˜˜˜˜˜˜ ˜˜˜;LWR
672;936783617;F;46;˜˜;1018;2012-04-11;2015-12-10 11:11:46;˜˜˜˜˜˜˜˜˜˜ ˜˜˜;LWR
673;909382601;M;56;˜˜;0;2021-09-06;2022-02-08 07:09:35;0;LWR
674;373596758;M;37;˜˜;2314;2016-07-26;2021-01-31 23:48:23;˜ ˜˜˜˜˜˜;LWR
675;1215750513;F;53;˜˜;2314;2024-03-21;2024-03-27 10:51:25;˜˜˜˜˜˜˜˜˜˜˜˜˜˜ ˜˜˜˜;LWR
676;856948052;F;35;˜˜;0;2021-02-14;2021-02-14 23:19:01;0;LWR
677;1057968786;F;50;˜˜;694;2022-09-01;2022-09-02 19:16:49;˜˜˜˜˜˜˜˜˜ ˜˜˜;LWR
678;1155530962;F;45;˜˜;648;2024-12-03;2024-12-03 19:48:11;˜˜˜ ˜˜˜˜˜˜˜˜˜;LWR
679;144802674;M;26;˜˜;648;2020-04-04;2020-04-09 17:22:25;˜˜˜˜˜˜˜˜˜˜ ˜˜˜;LWR
680;1028508627;F;23;˜˜;925;2023-04-24;2023-04-25 22:50:04;˜ ˜˜˜˜˜˜;LWR
681;1172171292;F;37;˜˜;574;2013-09-11;2024-07-14 12:06:52;˜ ˜˜˜˜˜-˜˜˜˜˜˜˜˜˜;LWR
682;677687149;F;25;˜˜;0;2019-02-05;2019-02-06 19:27:35;˜ ˜˜˜˜˜˜;LWR
683;758719424;F;31;˜˜;0;2020-10-28;2020-11-01 13:02:16;0;LWR
684;797194781;F;17;˜˜;0;2022-05-08;2022-05-08 12:21:07;0;LWR
685;378198026;M;36;˜˜;0;2021-09-03;2022-02-10 17:09:38;˜˜˜˜˜˜˜˜˜˜ ˜˜˜;LWR
686;1005203754;M;42;˜˜;925;2023-04-12;2023-04-12 08:50:23;˜˜˜˜ ˜˜˜˜;LWR
687;118048798;M;49;˜˜;0;2021-02-10;2021-02-10 18:09:59;0;LWR
688;939167722;F;34;˜˜;370;2023-11-10;2023-11-12 16:30:35;˜˜˜˜˜˜˜˜˜˜˜ ˜˜˜;LWR
689;761635864;0;37;˜˜˜˜˜˜˜˜˜;0;2024-04-12;2024-04-12 13:41:45;˜˜˜˜˜˜˜˜˜˜ ˜˜˜;LWR
690;613135130;M;66;˜˜;416;2016-11-02;2023-11-13 17:35:33;˜˜˜˜˜˜˜˜˜˜˜˜˜ ˜˜˜˜;LWR
691;118352761;F;31;˜˜;1666;2012-11-27;2018-01-23 12:27:54;˜˜˜˜˜˜˜˜˜˜ ˜˜˜;LWR
692;798071211;F;31;˜˜;416;2021-06-23;2021-06-23 19:25:00;˜˜˜˜˜˜˜ ˜˜˜;LWR
693;285383257;F;46;˜˜;1250;2017-06-19;2017-06-22 08:40:46;˜ ˜˜˜˜˜-˜˜˜˜˜˜˜˜˜;LWR
694;550414964;M;37;˜˜˜˜˜˜˜;0;2023-02-08;2023-02-11 14:56:51;˜˜˜˜˜˜˜˜˜˜˜ ˜˜˜˜;LWR
695;808479914;M;47;˜˜;1620;2017-04-29;2017-06-16 16:09:53;˜ ˜˜˜˜˜-˜˜˜˜˜˜˜˜˜;LWR
696;569304759;M;38;˜˜;2777;2024-06-16;2020-03-30 22:31:08;˜˜˜˜˜˜˜˜˜˜˜˜˜ ˜˜˜;LWR
697;1054150104;F;31;˜˜;462;2020-10-07;2020-10-08 18:11:34;˜ ˜˜˜˜˜-˜˜˜˜˜˜˜˜˜;LWR
698;389949862;M;32;˜˜;1851;2020-02-26;2022-03-07 12:12:00;˜˜˜˜˜˜˜˜ ˜˜˜;LWR
699;154884288;F;55;˜˜;3703;2018-10-18;2018-10-22 16:18:57;˜˜˜˜˜˜˜˜˜ ˜˜˜;LWR
700;1185739256;M;56;˜˜;1851;2013-10-17;2020-01-01 23:31:33;˜˜˜˜˜˜˜˜˜˜ ˜˜˜;LWR
701;910803629;M;50;˜˜;925;2020-10-16;2020-10-16 10:00:40;˜˜˜˜˜˜˜˜˜˜˜˜ ˜˜˜;LWR
702;284791921;F;18;˜˜;555;2022-05-09;2023-09-01 13:41:07;˜˜˜˜˜˜˜˜˜˜ ˜˜˜;LWR
703;1196269314;F;45;˜˜;925;2013-09-20;2013-09-25 10:38:04;˜˜˜˜˜˜˜˜˜˜ ˜˜˜;LWR
704;1221746852;M;34;˜˜˜˜˜˜˜˜;0;2017-06-19;2017-06-21 11:49:21;˜˜˜˜˜˜˜˜˜˜ ˜˜˜;LWR
705;117952042;F;51;˜˜;1388;2022-08-05;2022-08-05 21:10:34;˜˜˜˜˜˜˜˜˜˜ ˜˜˜;LWR
706;1002859802;F;24;˜˜;1111;2019-11-21;2019-11-30 10:52:21;˜˜˜˜˜˜˜˜˜˜˜ ˜˜˜;LWR
707;1087261966;M;30;˜˜;833;2019-08-19;2019-12-08 17:58:13;˜˜˜˜ ˜˜˜˜˜˜˜˜˜˜˜˜;LWR
708;554626933;F;35;˜˜;277;2017-03-29;2017-04-02 16:54:19;˜˜˜˜ ˜˜˜˜˜˜˜˜˜˜˜˜;LWR
709;130894778;M;22;˜˜;1018;2023-10-14;2023-10-14 23:28:34;˜˜˜˜˜˜˜˜˜˜˜˜˜ ˜˜˜;LWR
710;560156704;F;33;˜˜;0;2023-02-21;2023-02-21 14:47:55;0;LWR
711;1015803888;M;37;˜˜;925;2021-10-30;2022-08-18 08:34:10;˜˜˜˜˜˜˜˜˜˜ ˜˜˜;LWR
712;604059483;F;17;˜˜;0;2022-06-24;2022-06-24 18:33:12;0;LWR
713;1192592949;M;24;˜˜;2500;2021-04-19;2021-04-19 12:43:23;˜˜˜˜ ˜˜˜˜˜˜˜˜˜˜;LWR
714;822425812;F;43;˜˜;462;2018-06-27;2018-07-06 08:46:59;˜˜˜˜˜˜˜˜˜˜˜˜˜ ˜˜˜˜;LWR
715;515246564;F;43;˜˜;1805;2023-11-02;2023-11-03 12:47:03;˜˜˜˜˜˜˜˜˜˜ ˜˜˜;LWR
716;693248828;F;26;˜˜;555;2021-02-08;2021-02-08 15:13:01;˜˜˜˜˜˜˜˜˜˜˜˜ ˜˜˜;LWR
717;1129578964;M;25;˜˜˜˜˜˜˜˜˜˜;740;2022-08-22;2022-08-22 15:31:51;˜˜˜˜ ˜˜˜˜˜˜˜˜˜;LWR
718;897842134;F;53;˜˜;0;2022-05-20;2022-05-22 04:42:57;0;MED
719;161429510;M;42;˜˜;1111;2022-01-26;2022-02-11 11:41:27;˜˜˜˜˜˜˜˜˜˜˜˜ ˜˜˜˜;LWR
720;384339518;F;41;˜˜;0;2025-01-27;2025-01-27 17:08:36;0;LWR
721;1198943152;F;24;˜˜;833;2021-05-08;2021-05-11 12:39:01;0;LWR
722;295929747;F;30;˜˜;277;2023-09-29;2023-09-29 08:47:52;˜˜˜˜˜˜˜˜˜ ˜˜˜;LWR
723;758412894;M;17;˜˜;0;2023-11-25;2023-11-25 00:58:41;0;LWR
724;545286299;M;50;˜˜;740;2024-04-06;2024-04-06 18:51:06;˜˜˜˜˜˜˜˜˜˜˜˜˜ ˜˜˜;LWR
725;611294862;F;40;˜˜;0;2021-06-30;2022-02-26 07:32:20;˜˜˜˜˜˜˜˜˜˜ ˜˜˜˜;LWR
726;782432613;F;23;˜˜;555;2022-08-30;2022-08-30 14:27:53;˜˜˜˜ ˜˜˜˜ /˜˜˜˜˜˜/;LWR
727;1171220542;F;43;˜˜;0;2023-12-03;2023-12-05 21:29:24;˜˜˜˜˜˜˜˜˜˜˜˜˜ ˜˜˜˜;LWR
728;162125765;M;25;˜˜;925;2021-03-16;2022-02-10 17:19:43;˜˜˜˜˜˜˜˜˜˜˜ ˜˜˜;LWR
729;939639492;M;29;˜˜;0;2020-09-07;2020-09-07 10:35:37;0;LWR
730;132332094;M;36;˜˜;3611;2018-03-12;2018-03-13 10:08:30;˜˜˜˜ ˜˜˜˜˜˜˜˜˜˜˜˜;LWR
731;1016385335;M;24;˜˜;648;2021-06-06;2022-02-09 18:55:04;˜˜˜˜˜˜˜˜˜˜˜˜ ˜˜˜˜;LWR
732;124305383;M;25;˜˜;1111;2021-01-18;2022-03-21 08:11:54;˜˜˜˜˜˜˜˜˜˜˜˜˜ ˜˜˜;MED
733;4671344;M;25;˜˜;648;2021-10-05;2022-02-10 14:25:53;˜˜˜˜˜˜˜˜˜˜˜˜ ˜˜˜;LWR
734;666577444;F;26;˜˜;833;2021-09-09;2022-12-23 09:15:03;˜˜˜˜˜˜˜˜˜˜˜˜˜˜ ˜˜˜˜;LWR
735;1166744148;F;35;˜˜;462;2022-04-17;2022-04-17 13:49:44;˜˜˜˜ ˜˜˜˜˜˜˜˜˜;LWR
736;754043429;M;22;˜˜;0;2021-05-21;2021-05-21 12:33:54;˜˜˜˜˜˜˜˜˜˜ ˜˜˜;LWR
737;873211171;M;31;˜˜˜˜˜˜˜˜;1203;2022-11-29;2022-12-01 22:18:08;˜ ˜˜˜˜˜˜;LWR
738;972563894;M;25;˜˜;416;2023-01-19;2023-01-19 09:38:44;˜˜˜˜˜˜˜˜˜˜˜˜ ˜˜˜;LWR
739;383665489;F;35;˜˜;92;2021-03-22;2022-02-12 16:25:15;˜ ˜˜˜˜˜-˜˜˜˜˜˜˜˜˜;LWR
740;894197933;M;21;˜˜;648;2022-10-09;2022-10-09 15:12:32;˜˜˜˜˜˜˜˜˜˜˜˜ ˜˜˜;LWR
741;944371838;F;28;˜˜;1111;2020-04-19;2020-07-08 22:37:11;˜ ˜˜˜˜˜-˜˜˜˜˜˜˜˜˜;LWR
742;681707790;M;23;˜˜;0;2022-04-26;2022-04-26 17:26:08;˜˜˜˜˜˜˜˜˜˜ ˜˜˜;LWR
743;325153524;F;38;˜˜;287;2021-09-06;2022-02-16 17:10:40;˜˜˜˜˜˜˜˜˜˜˜˜˜ ˜˜˜;LWR
744;625031075;F;19;˜˜;1861;2022-06-05;2022-06-05 19:45:34;˜˜˜˜˜˜˜˜˜˜˜ ˜˜˜;LWR
745;509846346;F;56;˜˜;0;2018-03-27;2018-04-04 12:13:27;˜˜˜˜˜˜˜˜˜˜˜˜˜ ˜˜˜;LWR
746;705167130;M;39;˜˜;740;2019-11-29;2020-09-26 19:25:51;˜˜˜˜˜˜˜˜˜˜˜˜˜ ˜˜˜;LWR
747;896326091;F;26;˜˜;972;2020-09-09;2020-09-10 11:17:14;˜ ˜˜˜˜˜˜;LWR
748;1193425533;F;42;˜˜;277;2017-05-28;2017-05-31 10:50:32;˜˜˜˜˜˜˜˜˜˜˜˜˜ ˜˜˜;LWR
749;679500851;M;43;˜˜;833;2017-04-27;2017-05-03 09:09:48;˜˜˜˜˜˜˜˜ ˜˜˜˜;LWR
750;621479504;M;40;˜˜;925;2013-11-01;2021-05-13 09:07:54;˜˜˜˜˜˜˜˜˜ ˜˜˜;LWR
751;527209960;F;35;˜˜;787;2018-07-10;2018-07-12 11:50:19;˜˜˜˜˜˜˜˜˜˜ ˜˜˜;LWR
752;941201948;F;24;˜˜;25;2021-07-16;2021-07-20 12:08:52;˜˜˜˜˜˜˜ ˜˜˜;LWR
753;1210772676;M;20;˜˜;787;2022-10-02;2022-10-03 08:40:51;˜˜˜˜˜˜˜ ˜˜˜;LWR
754;167750808;M;51;˜˜;6481;2024-03-30;2024-04-01 16:39:59;˜˜˜˜˜˜˜˜˜˜˜˜˜ ˜˜˜˜;LWR
755;12744712;M;38;˜˜;0;2016-09-13;2016-09-15 12:19:42;˜˜˜˜˜˜˜˜˜˜˜˜˜ ˜˜˜;LWR
756;698062782;M;19;˜˜;231;2020-07-16;2020-07-17 16:15:33;˜˜˜˜˜˜˜˜˜˜˜ ˜˜˜˜˜˜˜ - ˜˜˜˜˜˜˜;LWR
757;122483368;F;46;˜˜;648;2021-09-24;2024-02-20 13:49:06;˜˜˜˜˜˜˜˜˜˜˜˜˜ ˜˜˜;LWR
758;1013334407;F;22;˜˜;407;2022-10-16;2022-10-08 17:00:32;˜˜˜˜˜˜˜˜˜˜˜ ˜˜˜;LWR
759;521908460;M;35;˜˜;0;2019-07-20;2019-07-21 09:49:56;˜˜˜˜˜˜˜˜˜˜ ˜˜˜;LWR
760;582559007;M;31;˜˜˜˜˜˜˜˜˜˜;0;2024-02-19;2024-02-20 16:56:00;˜ ˜˜˜˜˜˜;LWR
761;696741952;M;33;˜˜;1388;2021-02-24;2021-02-27 14:38:45;˜˜˜˜˜˜˜˜˜˜ ˜˜˜;LWR
762;607721685;F;41;˜˜;509;2022-04-20;2022-04-25 18:50:30;˜˜˜˜˜˜˜˜˜ ˜˜˜;LWR
763;591674810;F;46;˜˜;1388;2012-07-03;2016-09-01 14:58:34;˜˜˜˜˜˜˜˜˜˜˜˜˜ ˜˜˜;LWR
764;571321133;F;33;˜˜;0;2021-08-19;2022-02-08 08:11:07;0;LWR
765;286960368;F;41;˜˜;0;2020-10-14;2023-09-28 11:30:10;˜˜˜˜˜˜˜˜˜˜˜˜˜ ˜˜˜;LWR
766;509840601;M;40;˜˜;1851;2021-08-10;2021-08-11 19:07:21;˜˜˜˜˜˜˜˜˜˜ ˜˜˜;LWR
767;603739422;M;50;˜˜;740;2023-12-13;2023-12-13 12:12:38;0;LWR
768;398024137;M;32;˜˜;3240;2022-02-25;2022-03-25 20:43:33;˜˜˜˜˜˜˜˜˜ ˜˜˜;LWR
769;372133999;F;14;˜˜;0;2024-09-06;2024-09-06 12:57:49;0;LWR
770;206778760;F;39;˜˜;555;2022-06-21;2022-06-21 08:27:23;˜˜˜˜˜˜˜˜˜˜˜˜˜ ˜˜˜;LWR
771;380653974;M;35;˜˜;1388;2021-06-30;2022-02-13 14:41:30;˜˜˜˜˜˜˜˜˜˜˜˜˜ ˜˜˜˜;LWR
772;130080068;M;56;˜˜;1111;2018-04-17;2018-04-18 16:35:36;˜˜˜˜˜˜˜˜˜˜˜˜˜ ˜˜˜;LWR
773;1151310428;M;22;˜˜;648;2022-10-12;2022-10-14 17:34:09;˜˜˜˜ ˜˜˜˜˜˜˜˜˜;LWR
774;307679764;F;37;˜˜;1851;2018-08-28;2018-08-30 10:56:09;˜˜˜˜˜˜˜˜˜˜˜˜ ˜˜˜;LWR
775;999090716;F;26;˜˜;787;2020-11-09;2020-11-13 14:51:18;˜˜˜˜ ˜˜˜˜˜˜˜˜˜;LWR
776;287208052;M;19;˜˜;194;2021-11-14;2022-01-18 08:42:27;˜˜˜˜˜˜˜˜˜˜ ˜˜˜˜;LWR
777;320929803;F;54;˜˜;0;2021-06-27;2022-02-08 13:54:35;0;LWR
778;734820897;F;31;˜˜;1111;2016-12-20;2020-05-23 11:51:21;˜ ˜˜˜˜˜˜;LWR
779;728969077;M;45;˜˜;462;2023-07-31;2023-08-25 10:47:44;˜˜˜˜˜˜˜˜˜˜˜˜˜ ˜˜˜;LWR
780;367541148;F;66;˜˜;1481;2010-10-18;2021-12-21 19:30:27;˜˜˜˜˜˜˜˜˜˜ ˜˜˜;LWR
781;687495176;F;36;˜˜;740;2022-09-12;2022-09-12 17:12:46;˜˜˜˜˜˜˜˜˜˜ ˜˜˜;LWR
782;388027521;F;27;˜˜;370;2019-03-01;2019-06-30 12:39:42;˜˜˜˜ ˜˜˜˜˜˜˜˜˜;LWR
783;896575425;M;37;˜˜;1111;2019-09-15;2020-01-12 11:48:05;˜ ˜˜˜˜˜˜;LWR
784;597186399;M;27;˜˜;3148;2019-07-25;2019-07-27 15:08:57;˜ ˜˜˜˜˜˜;LWR
785;1140029855;M;30;˜˜;462;2020-03-24;2021-05-19 14:00:10;˜˜˜˜˜˜˜˜˜˜ ˜˜˜;LWR
786;1285844869;F;39;˜˜;0;2024-04-26;2024-04-26 17:37:30;˜˜˜˜˜˜˜˜˜˜˜ ˜˜˜˜˜˜˜ - ˜˜˜˜˜˜˜;LWR
787;1183091780;F;36;˜˜;925;2021-04-01;2021-04-01 12:20:12;˜˜˜˜˜˜˜˜˜˜˜˜ ˜˜˜˜;LWR
788;789644474;M;45;˜˜˜˜˜˜˜˜;0;2022-10-17;2022-10-17 21:45:11;˜˜˜˜˜˜˜˜˜˜ ˜˜˜;LWR
789;1064956831;F;54;˜˜;1851;2020-01-08;2023-08-02 13:26:13;˜˜˜˜˜˜˜˜˜˜˜˜˜ ˜˜˜;LWR
790;1034247834;F;19;˜˜;231;2023-09-10;2023-09-10 10:22:57;˜˜˜˜˜˜˜˜˜ ˜˜˜;LWR
791;158170053;F;41;˜˜;277;2022-07-28;2022-07-28 20:18:40;˜˜˜˜ ˜˜˜˜˜˜˜˜˜˜˜˜;LWR
792;1206146415;M;27;˜˜˜˜˜˜˜˜;0;2024-10-03;2024-10-03 09:27:44;˜˜˜˜˜˜˜˜˜˜ ˜˜˜;LWR
793;668070752;F;28;˜˜˜˜˜˜˜˜;416;2023-07-06;2023-10-26 10:47:02;˜ ˜˜˜˜˜˜;LWR
794;688901481;F;26;˜˜˜˜˜˜˜˜˜˜;0;2024-05-12;2024-05-13 19:02:19;˜˜˜˜˜˜˜˜˜˜ ˜˜˜;LWR
795;131636540;M;23;˜˜;925;2020-12-24;2022-10-18 18:52:32;˜˜˜˜˜˜˜˜˜˜ ˜˜˜;LWR
796;650856196;F;33;˜˜;925;2020-12-09;2021-01-02 11:27:59;˜˜˜˜˜˜˜˜˜˜ ˜˜˜;LWR
797;1034106220;M;37;˜˜;2129;2014-08-20;2024-02-16 19:47:36;˜ ˜˜˜˜˜-˜˜˜˜˜˜˜˜˜;LWR
798;289987875;F;36;˜˜;185;2024-06-27;2024-07-12 14:07:59;˜˜˜˜˜˜˜˜ ˜˜˜;LWR
799;1054818657;F;46;˜˜;3240;2016-08-12;2017-01-11 18:33:25;˜˜˜˜˜-˜˜˜˜˜˜˜˜˜;LWR
800;910930817;F;30;˜˜;925;2021-01-03;2023-10-26 12:54:16;˜˜˜˜˜˜˜˜˜˜˜ ˜˜˜;LWR
801;291464982;M;15;˜˜;0;2023-11-09;2023-11-09 17:53:35;˜ ˜˜˜˜˜˜;LWR
802;1205371119;M;37;˜˜;648;2023-08-21;2023-09-06 15:11:40;˜˜˜˜˜˜˜˜˜ ˜˜˜;LWR
803;808471642;F;66;˜˜;0;2024-05-15;2024-05-18 17:40:22;˜˜˜˜˜˜˜˜˜˜˜˜˜ ˜˜˜;LWR
804;375076426;M;27;˜˜;1018;2023-06-21;2023-06-26 17:59:15;˜˜˜˜˜˜˜˜˜˜˜ ˜˜˜;LWR
805;397192427;M;40;˜˜;462;2013-09-06;2019-04-27 17:32:35;˜˜˜˜ ˜˜˜˜˜˜˜˜;LWR
806;398239068;M;46;˜˜;0;2021-10-31;2022-03-01 03:39:44;0;LWR
807;386705196;F;40;˜˜;750;2023-10-21;2023-10-25 11:55:55;˜˜˜˜˜˜˜˜˜˜˜ ˜˜˜;LWR
808;375275526;M;34;˜˜;277;2022-11-25;2022-11-25 23:50:12;˜˜˜˜˜˜˜˜˜˜˜˜˜ ˜˜˜˜;LWR
809;756864438;M;43;˜˜;2592;2017-11-22;2019-02-18 10:49:10;˜˜˜˜˜˜˜˜˜˜˜ ˜˜˜˜˜˜˜ - ˜˜˜˜˜˜˜;LWR
810;137490117;F;24;˜˜;0;2020-01-20;2022-03-24 13:30:58;˜˜˜˜˜˜˜˜ ˜˜˜˜;LWR
811;642231601;F;45;˜˜;833;2021-09-27;2021-10-30 04:16:46;˜˜˜˜˜˜˜˜˜ ˜˜˜;LWR
812;968073745;F;51;˜˜;324;2023-06-06;2023-06-06 18:51:31;˜˜˜˜˜˜˜˜˜˜˜ ˜˜˜;LWR
813;3672393;M;33;˜˜;555;2017-12-14;2020-04-19 21:32:44;˜˜˜˜˜˜˜˜˜˜˜˜˜ ˜˜˜;LWR
814;1154446030;0;19;˜˜˜˜˜˜˜˜;0;2022-02-13;2022-02-14 00:55:10;˜ ˜˜˜˜˜˜;LWR
815;622679904;M;52;˜˜;4166;2019-08-21;2019-08-30 11:18:32;˜˜˜˜˜˜˜˜˜˜˜˜ ˜˜˜;LWR
816;733377488;M;50;˜˜;236;2020-10-22;2020-10-24 15:24:09;˜ ˜˜˜˜˜˜;LWR
817;552987746;M;46;˜˜;0;2021-02-14;2021-02-14 15:11:21;0;LWR
818;1030409986;M;26;˜˜;1388;2021-04-09;2021-04-10 10:39:36;˜˜˜˜˜˜˜˜˜˜ ˜˜˜;LWR
819;764173655;M;34;˜˜;1851;2022-02-28;2022-03-03 21:05:32;˜˜˜˜˜˜˜˜˜˜˜˜˜ ˜˜˜;LWR
820;369875209;F;50;˜˜;1388;2014-03-29;2024-03-09 13:17:29;˜˜˜˜˜-˜˜˜˜˜˜˜˜ ˜˜;LWR
821;599547386;F;41;˜˜;740;2019-01-08;2019-01-11 21:21:28;˜˜˜˜˜˜˜˜˜˜ ˜˜˜;LWR
822;152174682;F;33;˜˜;185;2022-06-07;2022-06-10 21:09:55;˜˜˜˜˜˜˜˜˜˜˜ ˜˜˜;LWR
823;1033572558;F;46;˜˜;0;2015-07-07;2019-11-28 19:44:30;˜ ˜˜˜˜˜˜;LWR
824;1065757419;F;25;˜˜;0;2022-10-15;2022-10-19 19:24:22;0;LWR
825;163198011;F;24;˜˜;0;2021-11-25;2022-02-08 02:05:26;0;LWR
826;722886417;M;51;˜˜;601;2023-08-16;2023-08-18 11:48:33;˜˜˜˜˜˜˜˜˜˜˜˜ ˜˜˜;LWR
827;1000873532;M;30;˜˜;0;2021-10-19;2022-02-25 00:36:29;0;LWR
828;756431674;M;42;˜˜;555;2011-10-11;2012-07-25 21:03:43;˜˜˜˜˜˜˜˜˜˜ ˜˜˜;LWR
829;515538488;F;27;˜˜;1111;2024-05-14;2024-05-14 18:48:04;0;LWR
830;869527650;M;40;˜˜;1851;2020-11-15;2020-11-15 22:43:01;˜ ˜˜˜˜˜˜;LWR
831;1033356162;M;26;˜˜;2592;2019-05-31;2019-06-02 11:46:05;˜ ˜˜˜˜˜˜˜˜˜˜˜;LWR
832;823089744;F;43;˜˜;0;2018-02-12;2018-02-16 13:47:12;˜˜˜˜˜˜˜˜˜˜ ˜˜˜;LWR
833;531988921;F;43;˜˜;0;2021-06-21;2022-02-14 17:57:46;0;LWR
834;558166156;F;22;˜˜;0;2021-02-03;2021-02-07 11:34:22;˜˜˜˜˜˜˜˜ ˜˜˜˜;LWR
835;849736939;F;42;˜˜;925;2021-02-23;2021-06-22 23:10:02;˜˜˜˜˜˜˜˜˜˜˜˜˜ ˜˜˜˜;LWR
836;848630238;F;15;˜˜;0;2024-08-14;2024-08-16 13:33:07;0;LWR
837;333455869;M;15;˜˜;0;2024-07-18;2024-07-18 16:47:16;˜˜˜˜˜˜˜˜˜˜˜ ˜˜˜;LWR
838;1040902027;F;62;˜˜;0;2023-05-06;2023-05-06 22:53:08;0;LWR
839;384451958;F;51;˜˜;879;2022-10-24;2022-10-26 15:35:21;˜ ˜˜˜˜˜˜;LWR
840;301984117;F;49;˜˜;2314;2021-03-04;2021-03-04 15:02:02;˜˜˜˜˜˜˜˜˜˜˜ ˜˜˜;LWR
841;320333941;M;21;˜˜;555;2023-07-09;2023-07-11 12:54:01;˜˜˜˜ ˜˜˜˜˜˜˜˜˜;LWR
842;619674156;F;35;˜˜;1296;2022-07-11;2022-07-11 10:54:04;˜ ˜˜˜˜˜˜;LWR
843;599616386;M;47;˜˜˜˜˜˜˜˜˜˜;0;2025-02-21;2025-02-21 11:12:03;˜˜˜˜˜˜˜˜˜˜ ˜˜˜;LWR
844;338664424;F;26;˜˜;648;2021-11-10;2021-11-17 22:48:47;˜˜˜˜˜˜˜˜˜˜˜˜˜ ˜˜˜;LWR
845;602110867;M;32;˜˜;2592;2018-07-31;2018-08-02 23:38:58;˜ ˜˜˜˜˜-˜˜˜˜˜˜˜˜˜;LWR
846;1059481542;M;30;˜˜;3703;2022-05-13;2022-05-13 12:07:17;˜˜˜˜˜˜˜˜˜˜ ˜˜˜;LWR
847;206021138;M;39;˜˜;462;2018-04-19;2022-02-07 22:36:13;˜ ˜˜˜˜˜˜;LWR
848;900144059;F;31;˜˜;601;2021-03-02;2022-12-09 11:18:21;˜˜˜˜˜˜˜˜˜˜ ˜˜˜;LWR
849;1140796047;F;33;˜˜;740;2023-05-04;2022-09-26 15:13:19;˜˜˜˜˜˜˜˜˜˜ ˜˜˜;LWR
850;534683193;M;24;˜˜;694;2022-10-08;2022-10-08 21:42:58;˜˜˜˜˜˜˜˜˜ ˜˜˜;LWR
851;267774012;F;27;˜˜;370;2021-07-10;2021-07-10 03:06:41;˜˜˜˜˜˜˜˜˜˜ ˜˜˜;LWR
852;937337733;F;34;˜˜;462;2021-06-27;2021-07-02 14:28:08;˜˜˜˜˜˜˜˜˜˜ ˜˜˜;LWR
853;726501291;M;37;˜˜;0;2021-03-09;2021-03-10 12:33:30;˜˜˜˜˜˜˜˜˜˜ ˜˜˜;LWR
854;239645667;F;52;˜˜;2777;2018-08-24;2022-02-13 10:17:28;˜˜˜˜˜˜˜˜˜˜˜˜ ˜˜˜˜;LWR
855;693812302;F;30;˜˜;462;2024-03-15;2024-03-15 20:32:37;˜ ˜˜˜˜˜-˜˜˜˜˜˜˜˜˜;LWR
856;861848693;M;37;˜˜;1111;2019-01-29;2019-02-07 13:27:36;˜ ˜˜˜˜˜˜;LWR
857;511341598;F;27;˜˜;648;2019-01-22;2019-01-22 15:16:51;˜˜˜˜˜˜˜˜˜˜ ˜˜˜;LWR
858;528331549;M;37;˜˜;0;2024-04-17;2024-04-18 10:22:23;0;LWR
859;697177680;F;17;˜˜;0;2022-04-04;2022-04-04 15:36:27;0;LWR
860;137268633;F;55;˜˜;0;2022-10-31;2022-11-01 20:21:03;0;LWR
861;904847844;M;43;˜˜;2777;2018-08-31;2018-09-04 21:08:22;˜˜˜˜˜˜˜˜˜˜ ˜˜˜;LWR
862;627535813;M;21;˜˜;833;2021-06-15;2021-06-15 20:13:33;˜˜˜˜ ˜˜˜˜˜˜˜˜˜;MED
863;863059196;M;49;˜˜˜˜˜˜˜;648;2019-03-17;2019-03-19 13:48:12;˜˜˜˜ ˜˜˜˜˜˜˜˜˜˜˜˜;LWR
864;861186854;F;22;˜˜;277;2020-11-13;2021-08-09 23:36:19;˜ ˜˜˜˜˜-˜˜˜˜˜˜˜˜˜;LWR
865;858632155;M;58;˜˜;277;2016-11-15;2016-12-06 16:44:31;˜˜˜˜˜˜;LWR
866;786412067;M;26;˜˜;648;2019-11-17;2023-05-28 19:43:46;˜˜˜˜˜˜˜˜˜˜ ˜˜˜;LWR
867;160215464;M;49;˜˜˜˜˜˜˜˜;1388;2017-06-29;2017-07-07 20:38:42;˜˜˜˜˜˜˜˜˜ ˜˜˜;LWR
868;1286973603;M;29;˜˜;0;2025-03-25;2025-03-26 13:12:49;˜˜˜˜ ˜˜˜˜˜˜˜˜˜˜;LWR
869;377407447;M;37;˜˜;925;2022-03-30;2022-03-30 07:53:56;˜˜˜˜˜˜˜˜ ˜˜˜;LWR
870;1000421853;F;35;˜˜;1111;2020-10-01;2020-10-02 17:02:35;˜ ˜˜˜˜˜˜;LWR
871;694085459;F;22;˜˜;166;2022-08-19;2022-08-19 15:55:38;0;LWR
872;518571126;M;41;˜˜˜˜˜˜˜˜;0;2023-03-31;2023-04-01 09:15:40;˜ ˜˜˜˜˜˜;LWR
873;164713135;F;34;˜˜;1574;2019-09-04;2019-09-07 10:01:51;˜˜˜˜ ˜˜˜˜ (˜˜˜˜˜˜);LWR
874;1013095541;F;42;˜˜;518;2019-01-12;2019-01-13 18:42:20;˜ ˜˜˜˜˜˜;LWR
875;732356491;M;47;˜˜;0;2023-10-10;2023-10-10 21:58:14;˜˜˜ ˜˜˜˜˜˜˜˜˜˜˜;LWR
876;360374106;M;17;˜˜;0;2023-05-17;2023-05-17 21:25:55;0;LWR
877;865937138;F;36;˜˜;4629;2018-05-08;2018-05-09 12:51:10;˜˜˜˜˜˜˜˜˜˜ ˜˜˜;LWR
878;1211632402;0;22;˜˜˜˜˜;0;2024-06-15;2024-06-16 14:26:01;˜ ˜˜˜˜˜˜;LWR
879;211038837;M;51;˜˜;1759;2011-09-30;2017-07-14 13:03:47;˜ ˜˜˜˜˜˜;LWR
880;1000381532;M;38;˜˜;0;2021-10-31;2022-02-08 10:00:39;0;LWR
881;962044035;M;48;˜˜;648;2020-05-29;2020-06-01 17:52:31;˜˜˜˜˜˜˜˜˜˜˜˜ ˜˜˜;LWR
882;1176165672;M;41;˜˜;0;2021-10-22;2022-02-09 14:09:59;0;LWR
883;751185355;M;46;˜˜;0;2024-12-29;2024-12-30 15:53:18;˜˜˜˜˜˜˜˜˜˜˜˜˜ ˜˜˜;LWR
884;1049736433;M;26;˜˜;787;2021-05-31;2022-02-08 00:18:46;˜ ˜˜˜˜˜-˜˜˜˜˜˜˜˜˜;LWR
885;611008749;F;24;˜˜;509;2024-03-14;2024-03-15 11:21:15;˜ ˜˜˜˜˜˜;LWR
886;505415967;M;27;˜˜;2777;2021-04-15;2022-02-07 22:40:53;˜˜˜˜ ˜˜˜˜˜˜˜˜˜;LWR
887;516237437;F;34;˜˜;462;2015-05-18;2021-03-12 15:17:56;˜˜˜˜˜˜˜˜˜˜ ˜˜˜;LWR
888;957481166;M;23;˜˜;0;2019-08-28;2019-08-30 19:10:40;˜˜˜˜˜˜˜˜˜ ˜˜˜;LWR
889;1071640314;M;44;˜˜;925;2014-12-26;2015-01-24 18:33:55;˜˜˜˜˜˜˜˜˜˜ ˜˜˜;LWR
890;733063062;F;27;˜˜;462;2021-11-30;2022-02-15 07:26:58;˜˜˜˜˜˜˜˜˜˜˜ ˜˜˜˜˜˜˜ - ˜˜˜˜˜˜˜;LWR
891;1210489704;F;26;˜˜;925;2022-01-01;2022-02-09 00:12:15;˜˜˜˜˜˜˜˜˜˜˜˜˜ ˜˜˜;LWR
892;381546527;M;44;˜˜;416;2022-06-08;2022-06-08 18:44:50;˜˜˜˜˜˜˜˜˜˜ ˜˜˜;LWR
893;748018365;F;37;˜˜;0;2021-06-30;2021-09-24 16:15:44;0;LWR
894;507313143;F;17;˜˜;0;2022-12-06;2022-12-06 23:24:29;0;LWR
895;267009069;M;21;˜˜;0;2022-07-28;2022-07-28 21:44:37;0;LWR
896;21905988;F;39;˜˜;462;2014-11-04;2016-11-14 17:18:00;˜˜˜˜˜˜˜˜˜˜ ˜˜˜;LWR
897;1002792926;M;22;˜˜;694;2020-12-20;2021-06-25 18:12:51;˜˜˜˜˜˜˜˜˜˜ ˜˜˜;LWR
898;564528286;M;35;˜˜;416;2022-12-25;2022-12-25 10:29:53;˜˜˜˜˜˜˜˜˜˜˜ ˜˜˜;LWR
899;520446979;M;30;˜˜;833;2017-08-30;2020-03-02 11:13:58;˜˜˜˜˜˜˜˜˜˜ ˜˜˜;LWR
900;132737223;F;33;˜˜;277;2015-12-21;2022-12-29 10:11:25;˜˜˜˜ ˜˜˜˜˜˜˜˜ ˜˜˜˜˜˜ - ˜˜˜˜˜˜;LWR
901;748237093;F;15;˜˜;0;2024-02-19;2024-02-20 19:22:53;˜˜˜˜˜˜˜ ˜˜˜;LWR
902;597749522;F;33;˜˜;1759;2021-01-01;2020-06-01 19:56:23;˜ ˜˜˜˜˜˜;LWR
903;325012411;F;36;˜˜;462;2024-10-02;2024-10-02 10:52:13;˜˜˜˜˜˜˜˜˜˜ ˜˜˜;LWR
904;828029107;F;41;˜˜;925;2022-05-08;2022-05-08 11:54:47;˜ ˜˜˜˜˜-˜˜˜˜˜˜˜˜˜;LWR
905;395800536;M;38;˜˜;1296;2021-11-03;2022-02-08 12:39:38;˜˜˜˜˜˜˜˜˜˜˜ ˜˜˜;LWR
906;696377345;F;35;˜˜;0;2021-07-12;2021-07-13 10:37:54;˜˜˜˜ ˜˜˜˜˜˜˜˜˜˜;LWR
907;1147176669;F;21;˜˜;740;2021-02-13;2022-02-28 17:47:23;˜˜˜˜˜˜˜˜˜˜˜˜ ˜˜˜;LWR
908;902696751;M;54;˜˜;685;2024-08-05;2024-08-05 20:03:37;˜˜˜˜ ˜˜˜˜;LWR
909;868291151;M;37;˜˜;2777;2020-03-01;2020-03-03 15:25:17;0;LWR
910;164632695;M;35;˜˜;925;2020-06-20;2020-06-21 09:30:42;˜˜˜˜˜˜˜˜˜˜˜˜ ˜˜˜;LWR
911;890639563;F;23;˜˜;740;2023-12-05;2022-08-18 13:35:17;˜˜˜˜˜˜˜˜˜˜ ˜˜˜;LWR
912;869428783;F;36;˜˜;555;2020-06-25;2020-06-25 16:04:21;˜˜˜˜˜˜˜˜˜˜˜˜ ˜˜˜;LWR
913;300668614;F;28;˜˜;1388;2021-01-24;2021-01-30 14:03:36;˜˜˜˜˜˜˜˜ ˜˜˜;LWR
914;616512103;M;40;˜˜;1111;2016-06-09;2023-11-22 06:32:40;˜˜˜˜˜˜˜˜˜˜˜˜ ˜˜˜;LWR
915;613402805;M;43;˜˜;1388;2015-12-16;2017-11-18 15:17:38;˜˜˜˜˜˜˜˜˜˜ ˜˜˜;LWR
916;1081508916;M;16;˜˜;0;2023-10-09;2023-10-09 20:45:15;0;LWR
917;826720628;M;22;˜˜;0;2021-10-19;2022-02-10 10:09:23;˜ ˜˜˜˜˜˜;LWR
918;320276624;F;42;˜˜;0;2025-01-09;2025-01-10 18:24:54;0;LWR
919;604923604;F;25;˜˜;0;2021-10-19;2022-02-10 14:40:04;0;LWR
920;80329359;M;45;˜˜;1342;2013-04-10;2022-05-20 15:26:53;˜˜˜˜˜˜˜˜˜˜ ˜˜˜;LWR
921;858948840;M;25;˜˜;2129;2020-12-08;2020-12-08 16:41:04;˜˜˜˜ ˜˜˜˜;LWR
922;395467768;M;28;˜˜;2460;2019-12-08;2019-12-16 14:24:43;˜ ˜˜˜˜˜-˜˜˜˜˜˜˜˜˜;LWR
923;901616286;F;39;˜˜;0;2023-04-18;2023-04-20 17:02:34;0;LWR
924;385640010;F;76;˜˜;648;2018-03-28;2018-03-30 14:52:59;˜ ˜˜˜˜˜-˜˜˜˜˜˜˜˜˜;LWR
925;559726203;F;59;˜˜;2314;2019-03-26;2019-03-27 12:34:55;˜˜˜˜˜˜˜˜˜˜˜˜ ˜˜˜;LWR
926;911009438;F;45;˜˜;0;2020-09-16;2023-01-25 18:13:43;˜˜˜˜ ˜˜˜˜˜˜˜˜˜˜˜˜;LWR
927;857804207;F;52;˜˜;1388;2024-08-13;2024-08-13 19:39:06;0;LWR
928;731016934;F;48;˜˜;1652;2022-10-09;2022-10-17 10:21:55;˜˜˜˜˜˜˜˜˜ ˜˜˜;MED
929;381382527;M;35;˜˜;735;2020-03-09;2024-10-08 11:26:01;0;LWR
930;770443937;M;41;˜˜;740;2019-08-31;2019-09-12 14:48:30;˜˜˜˜˜˜˜˜˜˜˜˜˜ ˜˜˜˜;LWR
931;535828236;F;28;˜˜;1851;2021-02-05;2021-03-05 15:25:31;˜˜˜˜˜˜˜˜ ˜˜˜;LWR
932;429183539;M;53;˜˜;0;2020-09-25;2020-09-25 23:07:26;0;LWR
933;1059484928;F;27;˜˜;0;2021-08-12;2022-02-08 15:32:53;0;LWR
934;603727758;M;21;˜˜;462;2018-10-09;2018-10-12 12:46:46;˜˜˜˜˜˜˜˜˜˜˜ ˜˜˜;LWR
935;295572165;M;23;˜˜;1296;2020-09-06;2020-09-06 10:38:54;˜˜˜˜˜˜˜˜˜˜˜˜˜ ˜˜˜;LWR
936;970260070;M;23;˜˜;537;2021-10-31;2022-02-08 04:57:05;˜˜˜˜˜˜˜˜˜˜˜˜˜ ˜˜˜;LWR
937;360743962;F;40;˜˜;0;2022-01-28;2022-02-08 06:04:37;0;LWR
938;970630828;F;20;˜˜;0;2020-07-02;2020-07-02 12:54:44;0;LWR
939;848614738;F;30;˜˜;324;2021-10-29;2022-02-08 17:34:59;˜ ˜˜˜˜˜˜;LWR
940;286390241;M;54;˜˜;92;2021-03-15;2021-03-16 20:33:20;˜ ˜˜˜˜˜˜;LWR
941;759000973;M;37;˜˜;2314;2013-11-25;2019-01-26 11:23:34;˜˜˜˜˜-˜˜˜˜˜˜˜˜˜;LWR
942;891708507;F;37;˜˜;0;2021-01-28;2021-01-28 08:34:00;˜˜˜˜˜˜˜˜˜˜˜˜ ˜˜˜;LWR
943;530362499;M;24;˜˜˜˜˜˜˜˜˜˜;0;2022-11-21;2022-11-24 20:26:41;˜˜˜˜˜˜˜˜˜˜ ˜˜˜;LWR
944;568820131;M;47;˜˜;555;2013-09-30;2013-12-12 15:56:44;˜ ˜˜˜˜˜˜;LWR
945;267169009;F;37;˜˜;324;2015-05-12;2015-05-14 16:56:16;˜˜˜˜˜˜˜˜˜˜˜ ˜˜˜;LWR
946;944158243;M;42;˜˜;1018;2018-06-09;2018-06-11 15:11:45;˜ ˜˜˜˜˜-˜˜˜˜˜˜˜˜˜;LWR
947;369275859;F;18;˜˜;0;2021-10-27;2022-07-27 11:36:42;0;LWR
948;803515256;F;33;˜˜;0;2021-06-27;2021-07-28 20:34:32;0;LWR
949;743531346;M;33;˜˜;925;2024-03-24;2024-03-24 22:28:26;˜˜˜˜˜˜˜˜˜˜ ˜˜˜;LWR
950;998141470;M;27;˜˜;3888;2020-02-25;2020-02-28 09:40:24;˜ ˜˜˜˜˜˜;LWR
951;509167680;M;54;˜˜;1851;2022-06-15;2022-06-18 08:51:45;˜˜˜˜˜˜˜˜˜˜˜˜ ˜˜˜;LWR
952;584219081;M;23;˜˜;509;2022-02-23;2022-02-09 13:12:57;˜˜˜˜˜˜˜˜˜˜˜˜ ˜˜˜;LWR
953;393026300;M;45;˜˜;925;2019-02-10;2020-06-21 21:46:36;˜ ˜˜˜˜˜˜;LWR
954;629108437;M;45;˜˜;740;2020-09-11;2022-03-31 20:05:53;˜ ˜˜˜˜˜˜;LWR
955;374192960;F;35;˜˜;925;2022-05-14;2022-05-18 09:44:55;˜˜˜˜˜˜˜˜˜˜˜˜ ˜˜˜;LWR
956;1016696875;F;34;˜˜;1851;2020-12-22;2020-12-24 12:12:44;˜˜˜˜˜˜˜˜˜˜˜ ˜˜˜;LWR
957;867260988;M;39;˜˜;842;2023-08-31;2021-09-12 18:31:10;˜˜˜˜˜˜˜˜˜˜˜ ˜˜˜;LWR
958;751608378;M;78;˜˜;0;2024-05-15;2024-05-16 11:57:33;˜˜˜˜˜˜˜˜ ˜˜˜;LWR
959;696740268;M;33;˜˜;0;2021-10-21;2022-02-09 09:02:47;0;LWR
960;110473235;F;39;˜˜;555;2020-01-28;2020-06-26 09:28:38;˜ ˜˜˜˜˜-˜˜˜˜˜˜˜˜˜;LWR
961;235234336;M;53;˜˜;648;2018-01-26;2018-02-17 16:19:11;˜ ˜˜˜˜˜˜;LWR
962;373951877;F;25;˜˜;833;2020-04-02;2020-04-13 12:27:14;˜˜˜˜˜˜˜˜ ˜˜˜˜;LWR
963;1189468524;F;19;˜˜;648;2023-01-23;2023-01-23 08:03:32;˜˜˜˜˜˜˜˜˜˜ ˜˜˜˜;LWR
964;276575001;M;53;˜˜;925;2017-06-30;2019-03-26 13:56:24;˜˜˜˜˜-˜˜˜˜˜˜˜˜˜˜ ˜˜˜˜˜˜˜˜˜˜ ˜˜˜˜˜ - ˜˜˜˜ ˜˜;LWR
965;723724304;F;44;˜˜;4166;2017-05-20;2019-03-08 17:39:22;˜˜˜˜˜˜˜˜˜˜˜ ˜˜˜;LWR
966;1006328777;M;41;˜˜;4629;2021-04-21;2021-04-21 23:58:22;˜ ˜˜˜˜˜-˜˜˜˜˜˜˜˜˜;LWR
967;1169311858;F;55;˜˜;0;2024-12-19;2025-01-13 07:40:23;˜˜˜˜˜˜˜˜˜˜˜˜˜ ˜˜˜;LWR
968;398349640;M;29;˜˜;2037;2017-10-30;2017-11-02 14:28:54;˜˜˜˜˜˜˜˜˜ ˜˜˜;LWR
969;396210683;F;27;˜˜;1018;2020-04-18;2020-04-18 23:55:50;˜ ˜˜˜˜˜-˜˜˜˜˜˜˜˜˜;LWR
970;907538486;F;35;˜˜;0;2022-03-22;2022-03-22 20:47:43;0;LWR
971;637925585;F;64;˜˜;370;2021-11-09;2023-08-04 16:41:26;˜˜˜˜˜˜˜˜˜˜ ˜˜˜;LWR
972;33064481;M;37;˜˜;3703;2019-12-20;2019-12-23 16:34:53;˜˜˜˜˜˜˜˜˜ ˜˜˜˜;LWR
973;323739057;F;62;˜˜;0;2018-11-23;2018-11-25 13:14:50;˜˜˜˜˜˜˜˜˜˜˜ ˜˜˜;LWR
974;140099101;F;27;˜˜;648;2020-10-28;2020-11-09 15:03:52;˜˜˜˜˜˜˜˜˜˜ ˜˜˜;LWR
975;2331242;F;39;˜˜;9259;2019-02-03;2019-02-05 15:19:41;˜˜˜˜˜˜˜˜˜˜ ˜˜˜;LWR
976;1154570026;F;33;˜˜;2592;2021-01-18;2021-01-19 11:07:40;˜˜˜˜ ˜˜˜˜˜˜˜˜˜;LWR
977;31648456;F;29;˜˜;787;2021-08-25;2022-01-27 15:02:16;˜ ˜˜˜˜˜-˜˜˜˜˜˜˜˜˜;LWR
978;141774772;F;40;˜˜;312;2021-01-12;2021-01-12 14:25:14;˜˜˜˜˜˜˜˜ ˜˜˜;LWR
979;803266534;M;23;˜˜;462;2020-05-12;2022-06-24 07:47:08;˜˜˜˜˜˜˜˜˜ ˜˜˜;LWR
980;615924849;M;24;˜˜;648;2022-10-11;2022-10-11 22:16:07;˜˜˜˜˜˜˜˜˜˜˜˜˜ ˜˜˜;LWR
981;244104057;M;37;˜˜;17592;2013-02-07;2022-02-08 13:46:08;˜ ˜˜˜˜˜˜;LWR
982;1098433817;F;55;˜˜;0;2022-03-30;2022-04-04 08:04:52;0;LWR
983;608924963;F;41;˜˜;925;2023-02-25;2023-02-25 20:39:41;˜ ˜˜˜˜˜-˜˜˜˜˜˜˜˜˜;LWR
984;895951520;M;48;˜˜;462;2022-03-10;2023-02-14 19:55:18;˜˜˜˜˜˜˜˜˜˜˜˜˜ ˜˜˜˜;LWR
985;259549315;F;40;˜˜;0;2023-12-12;2023-12-13 08:12:52;˜˜˜˜˜˜˜˜˜ ˜˜˜˜˜˜˜˜˜˜ - ˜˜˜˜˜˜˜;LWR
986;424961877;M;39;˜˜;1851;2024-01-21;2024-02-02 17:16:16;˜˜˜˜˜˜˜˜˜˜˜ ˜˜˜;LWR
987;257888982;F;44;˜˜;740;2019-12-20;2021-10-08 19:52:36;˜˜˜˜˜˜˜˜˜˜ ˜˜˜;LWR
988;164715524;M;48;˜˜;0;2025-03-25;2025-03-25 14:23:18;0;LWR
989;552761127;M;26;˜˜;416;2018-11-10;2018-11-12 13:39:34;˜˜˜˜˜˜˜˜˜˜˜˜ ˜˜˜;LWR
990;639253483;M;39;˜˜;509;2018-06-22;2018-06-26 13:11:48;˜˜˜˜ ˜˜˜˜˜ ˜˜;LWR
991;341266417;F;23;˜˜;537;2023-04-21;2023-04-21 17:48:22;˜˜˜˜˜˜˜˜˜˜˜˜˜ ˜˜˜;LWR
992;132558849;F;34;˜˜;1342;2013-07-17;2021-02-03 15:30:54;˜˜˜˜˜˜˜˜˜˜ ˜˜˜;LWR
993;651823947;F;29;˜˜;1111;2022-10-06;2022-10-06 11:13:38;˜˜˜˜˜˜˜˜˜˜ ˜˜˜;LWR
994;1048919999;M;27;˜˜;324;2021-06-24;2021-06-24 11:49:44;˜˜˜˜˜˜˜˜˜˜˜˜ ˜˜˜;LWR
995;1075950938;M;38;˜˜;740;2020-08-30;2021-12-08 12:12:36;˜˜˜˜˜˜˜˜˜˜˜˜˜ ˜˜˜˜;LWR
996;379861325;F;38;˜˜;907;2021-08-10;2022-02-12 06:01:08;˜˜˜˜ ˜˜˜˜˜˜˜;LWR
997;129328041;M;17;˜˜;740;2023-04-28;2023-04-28 23:39:27;˜˜˜˜˜˜˜˜ ˜˜˜;LWR
998;1209802201;F;42;˜˜;925;2017-04-30;2021-01-27 14:27:05;˜ ˜˜˜˜˜˜;LWR
999;1181443497;F;17;˜˜˜˜˜;0;2025-03-27;2025-03-29 14:21:47;˜ ˜˜˜˜˜-˜˜˜˜˜˜˜˜˜;LWR
1000;1035818164;M;27;˜˜;620;2021-06-30;2022-02-08 20:16:09;˜˜˜˜ ˜˜˜˜˜˜˜˜˜;LWR
1001;1218434646;M;16;˜˜;0;2023-11-28;2024-01-02 18:19:47;0;LWR
1002;1036908950;F;16;˜˜;0;2023-06-22;2023-06-25 09:01:17;0;LWR
1003;425565756;M;28;˜˜;5092;2019-08-19;2019-08-21 13:17:12;˜˜˜˜˜˜˜˜˜ ˜˜˜;LWR
1004;86821328;M;44;˜˜;1111;2021-09-14;2022-02-09 10:19:12;˜˜˜˜˜˜˜˜˜˜ ˜˜˜;LWR
1005;697500426;F;62;˜˜;462;2020-07-31;2020-07-31 16:13:42;˜˜˜˜˜˜˜˜˜˜ ˜˜˜;LWR
1006;1174048974;M;27;˜˜;740;2018-10-08;2018-10-31 18:58:12;˜˜˜˜˜˜˜˜˜˜˜˜˜ ˜˜˜;LWR
1007;729873143;M;30;˜˜;0;2021-06-30;2021-07-04 13:56:07;˜˜˜˜˜˜˜˜˜˜˜ ˜˜˜;LWR
1008;1086596142;M;28;˜˜;0;2019-11-02;2019-11-04 14:27:18;˜ ˜˜˜˜˜-˜˜˜˜˜˜˜˜˜;LWR
1009;865708007;M;60;˜˜;0;2023-01-24;2023-01-24 12:15:40;0;LWR
1010;274127749;F;30;˜˜;1296;2019-09-19;2019-12-15 16:05:08;˜˜˜˜˜˜˜˜˜ ˜˜˜;LWR
1011;1044197477;F;39;˜˜;740;2014-01-08;2014-01-12 01:44:47;˜ ˜˜˜˜˜˜;LWR
1012;230198248;M;43;˜˜;4629;2018-10-20;2018-10-21 12:28:36;˜ ˜˜˜˜˜˜;LWR
1013;121254310;F;41;˜˜;0;2022-04-07;2022-04-11 15:08:02;0;LWR
1014;223237548;F;19;˜˜;879;2021-12-24;2022-03-09 12:03:52;˜ ˜˜˜˜˜-˜˜˜˜˜˜˜˜˜;LWR
1015;133294244;M;22;˜˜˜˜˜˜˜˜˜;0;2025-02-21;2025-02-21 09:26:56;˜ ˜˜˜˜˜-˜˜˜˜˜˜˜˜˜;LWR
1016;259672952;M;24;˜˜;925;2022-01-08;2022-05-23 19:11:22;˜ ˜˜˜˜˜˜;LWR
1017;211206844;M;37;˜˜˜˜˜˜˜˜;0;2022-03-05;2022-03-06 01:21:26;˜ ˜˜˜˜˜-˜˜˜˜˜˜˜˜˜;LWR
1018;325945713;F;34;˜˜˜˜, ˜˜˜˜˜˜˜˜˜ ˜˜˜˜˜˜˜˜˜˜;0;2024-11-27;2024-11-28 10:45:48;˜˜˜˜˜˜˜˜˜˜ ˜˜˜;LWR
1019;1050441312;M;51;˜˜;0;2022-09-03;2022-09-03 11:37:46;0;LWR
1020;1215404300;M;53;˜˜;796;2018-09-08;2018-09-12 11:07:54;˜˜˜˜˜˜˜˜˜˜˜ ˜˜˜;LWR
1021;795510390;F;27;˜˜;0;2021-11-19;2022-02-17 18:27:36;˜˜˜˜˜˜˜˜ ˜˜˜;LWR
1022;314642220;F;30;˜˜;925;2024-08-06;2024-08-08 12:34:34;˜˜˜˜˜˜˜˜˜˜˜˜ ˜˜˜;LWR
1023;4186731;M;47;˜˜;3240;2020-03-14;2020-03-15 06:37:04;˜˜˜˜˜˜˜˜˜˜ ˜˜˜;LWR
1024;1006763485;F;25;˜˜;925;2019-02-02;2019-02-04 12:34:30;˜ ˜˜˜˜˜˜;LWR
1025;596667294;F;36;˜˜;925;2022-11-06;2022-11-06 21:20:13;˜˜˜˜ ˜˜˜˜;LWR
1026;247543912;F;36;˜˜;1481;2018-05-25;2018-05-28 10:20:49;˜˜˜˜˜˜˜˜˜ ˜˜˜;LWR
1027;238019332;F;30;˜˜;0;2020-09-29;2020-09-29 13:41:51;˜˜˜˜˜˜˜˜˜ ˜˜˜;LWR
1028;554221159;M;29;˜˜;787;2022-01-05;2022-02-08 09:52:51;0;LWR
1029;505120631;M;48;˜˜;2824;2015-12-28;2019-09-17 10:21:46;˜˜˜˜ ˜˜˜˜˜˜˜˜˜;LWR
1030;188773;M;34;˜˜;0;2023-12-07;2023-12-07 09:51:09;˜˜˜˜˜˜˜˜˜˜˜˜ ˜˜˜;LWR
1031;220597302;F;26;˜˜;0;2019-02-27;2022-10-28 11:53:59;˜˜˜˜˜˜˜˜˜˜˜ ˜˜˜;LWR
1032;343504067;M;16;˜˜;0;2022-08-23;2022-08-23 19:07:24;˜˜˜˜˜˜˜˜˜˜ ˜˜˜;LWR
1033;1199274080;M;30;˜˜;740;2018-07-03;2020-08-04 21:51:18;˜˜˜˜˜˜˜˜˜˜˜ ˜˜˜;LWR
1034;609999290;M;41;˜˜;3425;2016-12-23;2018-09-19 18:05:11;˜˜˜˜˜˜˜˜˜˜˜ ˜˜˜;LWR
1035;665165699;M;25;˜˜;324;2021-10-23;2022-02-12 21:30:47;˜˜˜˜˜˜˜˜˜˜˜˜ ˜˜˜;LWR
1036;1035469502;M;38;˜˜;370;2020-11-01;2021-02-25 09:58:20;˜˜˜˜˜˜˜˜˜˜˜ ˜˜˜;LWR
1037;158876231;F;25;˜˜;740;2021-12-01;2022-03-06 22:31:10;˜ ˜˜˜˜˜˜;LWR
1038;892510307;M;42;˜˜;0;2024-08-16;2024-08-18 10:44:46;0;LWR
1039;269959711;M;42;˜˜;1203;2019-08-05;2019-08-09 12:44:06;˜˜˜˜˜˜˜˜˜˜˜˜ ˜˜˜;LWR
1040;161005987;F;58;˜˜;574;2017-07-14;2021-05-23 11:48:55;˜˜˜˜ ˜˜˜˜˜˜˜˜˜;LWR
1041;387314571;F;58;˜˜;925;2024-06-20;2024-06-20 22:49:11;˜ ˜˜˜˜˜˜;LWR
1042;249749928;M;39;˜˜;833;2022-07-30;2022-07-30 03:28:48;˜˜˜˜˜˜˜˜˜˜˜ ˜˜˜˜;LWR
1043;747285541;F;36;˜˜;601;2023-04-10;2023-04-13 12:28:25;˜˜˜˜˜˜˜˜˜˜˜˜˜ ˜˜˜˜;LWR
1044;1016234511;F;38;˜˜;0;2021-09-29;2022-03-23 09:40:40;˜˜˜˜˜˜˜˜˜˜˜˜˜ ˜˜˜;LWR
1045;335787059;M;26;˜˜;555;2019-02-18;2019-02-19 12:42:38;˜˜˜˜˜˜˜˜˜˜˜˜˜ ˜˜˜;LWR
1046;1185186253;M;50;˜˜;2592;2022-05-19;2022-05-19 12:32:35;˜ ˜˜˜˜˜˜;LWR
1047;297065822;F;31;˜˜;1111;2021-11-24;2024-11-24 11:48:15;˜˜˜˜ ˜˜˜˜˜˜˜˜˜˜˜˜;LWR
1048;698470849;F;51;˜˜;694;2018-08-15;2021-08-08 14:39:17;˜˜˜˜ ˜˜˜˜˜˜˜;LWR
1049;817712473;M;33;˜˜;0;2016-07-25;2016-07-27 12:33:34;˜˜˜˜˜˜;LWR
1050;993984994;M;37;˜˜˜˜˜˜˜˜;0;2019-03-06;2019-03-07 14:04:45;˜˜˜˜˜˜˜˜˜˜ ˜˜˜;LWR
1051;593176563;M;35;˜˜;0;2020-12-20;2020-12-20 09:39:08;˜˜˜˜˜˜˜˜˜˜˜˜˜ ˜˜˜˜;LWR
1052;146301826;F;39;˜˜;0;2015-05-20;2015-05-25 12:01:08;˜˜˜˜˜˜˜˜˜˜˜˜ ˜˜˜;LWR
1053;722207783;F;26;˜˜;648;2023-09-26;2023-09-25 13:12:50;˜ ˜˜˜˜˜-˜˜˜˜˜˜˜˜˜;LWR
1054;741342360;M;47;˜˜;555;2013-02-09;2013-03-04 15:08:59;˜˜˜˜˜˜˜˜˜ ˜˜˜;LWR
1055;1025560501;M;56;˜˜;833;2017-08-04;2021-01-06 09:42:20;˜˜˜˜˜˜˜˜˜ ˜˜˜˜˜˜˜˜˜˜ - ˜˜˜˜˜˜˜;LWR
1056;636424167;F;29;˜˜;0;2020-03-10;2020-03-12 16:28:51;˜˜˜˜˜-˜˜˜˜˜˜˜˜˜˜ ˜˜˜˜˜˜˜˜˜˜ ˜˜˜˜˜ - ˜˜˜˜ ˜˜;LWR
1057;258581437;M;34;˜˜;1203;2016-12-18;2018-01-14 11:03:32;˜˜˜˜˜˜˜˜˜ ˜˜˜;LWR
1058;117831707;F;26;˜˜;555;2022-06-29;2022-06-29 12:29:03;0;LWR
1059;110357141;M;28;˜˜;0;2021-02-04;2021-02-05 15:45:42;˜ ˜˜˜˜˜-˜˜˜˜˜˜˜˜˜;LWR
1060;892967395;F;58;˜˜;0;2024-01-11;2024-01-11 15:41:50;0;LWR
1061;571281127;F;36;˜˜;277;2022-06-22;2022-06-22 15:39:05;˜˜˜˜˜-˜˜˜˜˜˜˜˜˜˜ ˜˜˜˜˜˜˜˜˜˜ ˜˜˜˜˜ - ˜˜˜˜ ˜˜;LWR
1062;509010610;M;34;˜˜;0;2022-06-24;2022-06-24 12:55:38;˜˜˜˜˜˜˜˜˜˜˜ ˜˜˜;LWR
1063;861600393;F;18;˜˜;277;2022-05-20;2022-05-21 08:22:43;˜˜˜˜˜˜˜˜˜˜˜ ˜˜˜;LWR
1064;597443989;F;24;˜˜;231;2022-06-10;2022-06-10 19:55:04;˜˜˜˜ ˜˜˜˜˜˜˜˜˜-˜˜˜˜˜˜˜˜˜˜;LWR
1065;268110768;M;47;˜˜;1111;2014-03-20;2017-11-18 09:20:32;˜˜˜˜˜˜˜˜˜˜˜˜˜˜˜ ˜˜˜;LWR
1066;939599310;F;36;˜˜;1388;2021-03-12;2021-03-20 11:48:59;˜˜˜˜˜˜˜˜˜˜˜˜ ˜˜˜;LWR
1067;974242347;F;55;˜˜;0;2020-05-29;2020-06-01 10:28:31;˜˜˜˜˜˜˜˜˜˜˜ ˜˜˜;LWR
1068;300384411;M;35;˜˜;0;2021-10-07;2022-02-09 15:37:54;0;LWR
1069;304700086;F;37;˜˜;231;2022-09-30;2022-10-02 11:10:53;˜˜˜˜˜˜˜˜˜˜ ˜˜˜;LWR
1070;318047150;M;40;˜˜;0;2019-04-10;2020-03-01 18:25:39;˜ ˜˜˜˜˜-˜˜˜˜˜˜˜˜˜;LWR
1071;639244459;F;38;˜˜;0;2023-06-30;2023-07-02 18:49:37;0;LWR
1072;268144553;F;17;˜˜;0;2023-12-06;2023-12-06 18:21:37;0;LWR
1073;1073934937;M;27;˜˜;0;2017-12-11;2017-12-16 16:19:12;˜ ˜˜˜˜˜˜;LWR
1074;1021549812;F;43;˜˜;694;2023-12-09;2023-12-15 10:26:08;˜˜˜˜˜˜˜˜˜ ˜˜˜;LWR
1075;896575200;F;22;˜˜;925;2022-06-30;2022-06-30 22:34:06;˜ ˜˜˜˜˜-˜˜˜˜˜˜˜˜˜;LWR
1076;154476341;F;60;˜˜;787;2024-11-12;2024-12-17 06:27:26;0;LWR
1077;350547841;F;60;˜˜;0;2019-04-12;2019-04-15 12:11:30;˜˜˜˜˜˜˜˜˜˜˜˜ ˜˜˜;LWR
1078;1140408337;M;42;˜˜;740;2020-09-24;2020-09-25 18:58:33;˜˜˜˜˜˜˜˜˜ ˜˜˜;LWR
1079;1085646102;M;29;˜˜;0;2019-03-31;2019-04-02 13:14:05;˜˜˜˜˜˜˜˜˜˜ ˜˜˜;LWR
1080;1024231966;0;20;˜˜˜˜˜;0;2023-12-13;2023-12-13 19:13:20;˜ ˜˜˜˜˜-˜˜˜˜˜˜˜˜˜;LWR
1081;429203786;F;44;˜˜;462;2010-11-18;2012-06-26 21:56:11;˜ ˜˜˜˜˜-˜˜˜˜˜˜˜˜˜;LWR
1082;427454235;M;25;˜˜;509;2022-05-11;2023-10-10 20:24:23;0;LWR
1083;941224588;M;24;˜˜;0;2022-03-04;2022-03-04 11:31:02;˜˜˜˜˜˜˜˜˜˜˜ ˜˜˜;LWR
1084;142569624;M;47;˜˜;879;2023-01-31;2023-01-31 11:23:36;˜˜˜˜˜˜˜˜˜˜˜˜˜ ˜˜˜;LWR
1085;1020579818;M;57;˜˜;648;2021-09-11;2022-02-08 08:30:36;˜˜˜˜˜˜˜˜˜˜˜ ˜˜˜;LWR
1086;394495899;F;21;˜˜;925;2022-05-05;2022-05-08 12:13:43;˜˜˜˜˜˜˜˜˜˜˜˜˜ ˜˜˜;LWR
1087;1143572849;F;45;˜˜;0;2019-10-08;2019-10-10 21:34:46;˜˜˜˜˜˜˜˜˜˜˜˜˜˜˜ ˜˜˜;LWR
1088;383428206;M;25;˜˜;370;2022-06-29;2022-06-29 19:25:42;˜˜˜˜˜˜˜˜˜˜˜ ˜˜˜;LWR
1089;161720633;M;33;˜˜;648;2024-03-26;2024-03-28 17:29:29;˜˜˜˜˜˜˜˜˜˜˜˜˜ ˜˜˜;LWR
1090;956815360;F;25;˜˜;277;2022-03-01;2022-03-01 13:38:31;˜˜˜˜ ˜˜˜˜˜˜˜˜˜;LWR
1091;648928697;M;26;˜˜;0;2021-12-28;2022-02-09 15:29:19;˜˜˜˜˜˜˜˜˜˜ ˜˜˜;MED
1092;124452649;F;31;˜˜;972;2021-03-22;2021-03-23 13:46:03;˜˜˜˜˜˜˜˜˜˜ ˜˜˜;LWR
1093;633541840;F;39;˜˜;6611;2021-09-12;2022-03-15 18:16:06;˜˜˜˜˜˜˜˜ ˜˜˜˜;LWR
1094;1205123731;F;31;˜˜;648;2021-08-26;2022-01-09 09:21:31;˜˜˜˜˜˜˜ ˜˜˜;LWR
1095;865700803;F;25;˜˜;1342;2021-10-18;2022-02-11 11:44:11;˜ ˜˜˜˜˜˜;LWR
1096;379645475;M;49;˜˜;324;2017-04-17;2022-02-25 03:16:22;˜˜˜˜ ˜˜˜˜˜˜˜;LWR
1097;522233549;M;34;˜˜;925;2020-11-26;2020-11-27 09:40:45;˜˜˜˜˜˜˜ ˜˜˜˜˜˜˜˜˜˜˜˜;LWR
1098;19662537;M;41;˜˜;0;2018-10-23;2018-10-31 13:16:38;˜˜˜˜˜˜˜˜˜˜ ˜˜˜;LWR
1099;1039931465;M;45;˜˜˜˜˜;0;2020-08-24;2020-09-04 15:44:02;0;LWR
1100;1028985851;F;64;˜˜;0;2018-05-15;2023-01-12 09:28:05;˜˜˜˜ ˜˜˜˜ /˜˜˜˜˜˜/;LWR
1101;867649311;F;53;˜˜;138;2019-11-27;2021-04-05 14:14:07;˜˜˜˜˜˜˜˜˜˜ ˜˜˜;LWR
1102;301115227;M;29;˜˜;925;2019-05-26;2019-06-01 16:35:01;˜˜˜˜˜˜˜˜˜˜ ˜˜˜;LWR
1103;1212351918;M;38;˜˜˜˜˜˜˜˜˜˜˜;0;2024-09-07;2024-09-10 13:40:54;˜˜˜˜˜˜˜˜˜˜ ˜˜˜;LWR
1104;260296808;M;38;˜˜;416;2020-10-04;2020-10-05 05:04:08;˜˜˜˜˜˜˜˜ ˜˜˜;LWR
1105;548975009;M;39;˜˜;0;2024-12-20;2024-12-23 14:30:44;0;LWR
1106;161968564;F;41;˜˜;740;2023-03-27;2023-03-27 16:50:36;˜˜˜˜˜˜˜˜˜˜ ˜˜˜;LWR
1107;995099014;M;38;˜˜;1851;2013-04-03;2023-12-07 16:21:29;˜˜˜˜˜˜˜˜˜˜˜˜˜ ˜˜˜˜;LWR
1108;283377953;M;33;˜˜;833;2019-05-13;2022-02-08 18:04:30;˜˜˜˜˜˜˜˜˜˜ ˜˜˜;LWR
1109;822546287;M;51;˜˜;462;2021-02-13;2021-02-13 21:25:41;˜˜˜˜ ˜˜˜˜˜˜˜˜˜;LWR
1110;693316301;M;28;˜˜;833;2021-01-18;2019-09-02 14:37:00;˜ ˜˜˜˜˜-˜˜˜˜˜˜˜˜˜;LWR
1111;699209683;M;51;˜˜˜˜˜˜˜˜;0;2025-01-15;2025-01-23 14:58:42;˜ ˜˜˜˜˜˜;LWR
1112;1040538092;M;25;˜˜;462;2022-04-07;2022-04-30 20:55:41;˜˜˜˜ ˜˜˜˜˜˜˜˜˜;LWR
1113;1024593556;F;55;˜˜;1064;2016-06-15;2018-09-28 15:26:53;˜˜˜˜˜˜;LWR
1114;868884834;F;39;˜˜;0;2023-06-25;2023-06-25 07:14:22;˜˜˜˜˜˜˜˜˜˜˜ ˜˜˜˜˜˜˜ - ˜˜˜˜˜˜˜;LWR
1115;118955809;F;22;˜˜;1388;2022-12-11;2022-12-11 14:05:37;˜˜˜˜˜˜˜˜˜˜˜˜ ˜˜˜;LWR
1116;1196419565;F;26;˜˜;555;2019-08-15;2020-11-09 13:04:40;˜˜˜˜ ˜˜˜˜˜˜˜˜˜˜˜˜;LWR
1117;207766183;F;33;˜˜;648;2021-10-12;2022-02-08 08:36:47;˜˜˜˜˜˜˜˜˜˜˜ ˜˜˜;LWR
1118;260001897;F;35;˜˜;1111;2022-06-04;2022-06-04 14:02:20;˜˜˜˜˜˜˜˜˜˜˜ ˜˜˜;LWR
1119;604587979;M;24;˜˜;2777;2022-05-30;2022-05-30 06:42:42;0;LWR
1120;670153450;M;38;˜˜;0;2020-06-15;2023-04-09 16:44:41;˜˜˜˜˜˜˜˜˜ ˜˜˜;LWR
1121;314250470;F;35;˜˜;0;2021-03-18;2021-03-18 15:58:26;˜˜˜˜˜˜˜˜˜˜˜˜˜ ˜˜˜;LWR
1122;905392552;M;41;˜˜;1851;2018-08-13;2018-08-16 16:46:59;˜˜˜˜ ˜˜˜˜˜˜˜˜˜˜;LWR
1123;1046213567;M;24;˜˜;925;2020-02-27;2021-06-18 17:35:29;˜˜˜˜˜˜˜˜ ˜˜˜;LWR
1124;354428546;F;56;˜˜;324;2016-02-29;2016-03-25 05:27:41;˜˜˜˜˜˜˜˜˜˜˜˜ ˜˜˜˜;LWR
1125;937508604;M;54;˜˜;462;2020-06-01;2020-06-03 14:42:40;˜ ˜˜˜˜˜-˜˜˜˜˜˜˜˜˜;LWR
1126;771566333;M;32;˜˜;740;2018-01-16;2019-08-03 08:24:19;˜˜˜˜˜˜˜˜˜˜ ˜˜˜;LWR
1127;616340588;M;34;˜˜˜˜˜˜˜˜˜˜;0;2025-02-26;2025-03-11 11:43:32;˜˜˜˜˜˜˜˜˜˜ ˜˜˜˜;LWR
1128;1192844254;F;63;˜˜;833;2024-02-18;2024-02-20 09:45:51;˜˜˜˜˜˜˜˜˜˜˜˜ ˜˜˜;LWR
1129;757854288;M;39;˜˜;1111;2016-08-19;2016-08-22 14:47:50;˜˜˜˜˜˜˜˜˜˜ ˜˜˜;LWR
1130;113439702;M;28;˜˜;342;2017-12-05;2019-02-16 17:24:37;˜˜˜˜˜˜˜˜˜˜˜ ˜˜˜;LWR
1131;380777386;F;50;˜˜;555;2023-08-08;2023-08-09 19:49:29;˜˜˜˜ ˜˜˜˜˜˜˜˜ ˜˜˜˜˜˜ - ˜˜˜˜˜˜;LWR
1132;167864858;F;19;˜˜;0;2023-06-30;2023-06-30 14:16:24;0;LWR
1133;126705076;F;29;˜˜;2314;2016-05-11;2016-05-21 15:22:18;˜˜˜˜˜˜˜˜˜˜˜˜˜ ˜˜˜;LWR
1134;698404200;F;32;˜˜;4027;2017-08-28;2017-09-03 13:38:28;˜˜˜˜˜˜˜˜˜˜˜˜˜ ˜˜˜;LWR
1135;1006787361;M;39;˜˜;0;2014-05-19;2022-04-27 14:03:50;˜˜˜˜˜-˜˜˜˜˜˜˜˜˜;LWR
1136;353680035;M;26;˜˜;92;2021-03-27;2021-03-30 09:36:17;˜˜˜˜˜˜˜˜˜˜˜ ˜˜˜;LWR
1137;1148187307;F;69;˜˜;1944;2022-07-23;2022-07-23 13:18:17;˜˜˜˜˜˜˜˜˜˜˜˜˜ ˜˜˜˜;MED
1138;765344507;M;48;˜˜;555;2019-03-09;2019-03-09 10:21:29;˜˜˜˜˜˜˜˜˜˜˜ ˜˜˜;LWR
1139;160635225;M;35;˜˜;1111;2022-05-09;2022-05-09 18:18:01;˜ ˜˜˜˜˜˜;LWR
1140;1194431130;M;22;˜˜;648;2022-08-29;2024-04-03 13:58:09;˜˜˜˜ ˜˜˜˜˜˜;LWR
1141;767863261;M;29;˜˜;1407;2021-03-10;2021-03-18 08:15:30;˜˜˜˜˜˜˜˜˜˜˜ ˜˜˜˜;LWR
1142;1163984921;F;35;˜˜;1296;2024-05-03;2018-12-30 16:23:24;˜˜˜˜˜˜˜˜˜˜˜ ˜˜˜˜˜˜˜ - ˜˜˜˜˜˜˜;LWR
1143;609008272;F;43;˜˜;0;2023-03-09;2023-03-09 19:08:00;0;LWR
1144;777697101;M;80;˜˜;0;2023-03-03;2023-03-03 18:36:20;0;LWR
1145;685258173;F;35;˜˜;277;2017-07-26;2017-08-06 13:16:21;˜˜˜˜˜˜˜ ˜˜˜;LWR
1146;618324594;M;58;˜˜;555;2023-09-22;2023-09-22 09:26:57;˜˜˜˜ ˜˜˜˜˜˜˜˜;LWR
1147;779952304;F;19;˜˜;0;2021-05-25;2021-06-28 16:16:42;0;LWR
1148;945909631;F;34;˜˜;3425;2019-09-04;2019-09-08 20:32:44;˜˜˜˜˜˜˜˜˜˜ ˜˜˜;LWR
1149;907779428;M;27;˜˜;833;2022-10-08;2022-10-08 12:28:22;˜˜˜˜ ˜˜˜˜˜˜˜˜;LWR
1150;1047566256;F;44;˜˜;0;2021-08-27;2022-02-15 16:06:21;0;LWR
1151;757078873;M;21;˜˜;0;2022-04-12;2022-04-13 15:29:55;˜˜˜˜ ˜˜˜˜˜˜˜˜˜;LWR
1152;258099654;M;40;˜˜;0;2021-06-27;2022-02-08 05:51:55;0;MED
1153;594330550;F;24;˜˜;324;2022-04-21;2022-04-23 11:49:48;˜˜˜˜˜˜˜˜˜˜˜˜ ˜˜˜;LWR
1154;940212554;F;46;˜˜;416;2014-11-19;2022-05-04 06:00:37;˜˜˜˜˜˜˜˜˜ ˜˜˜;LWR
1155;315495334;F;22;˜˜;1666;2024-09-29;2024-09-30 15:02:43;˜˜˜˜˜˜˜˜˜˜ ˜˜˜;LWR
1156;813422029;M;25;˜˜;555;2019-05-11;2019-05-14 07:21:14;˜˜˜˜˜˜˜˜˜˜ ˜˜˜˜;LWR
1157;850634544;M;20;˜˜;0;2022-08-27;2022-08-27 12:07:33;˜ ˜˜˜˜˜-˜˜˜˜˜˜˜˜˜;LWR
1158;688075143;M;40;˜˜;5555;2019-12-12;2019-12-13 18:44:25;˜˜˜˜ ˜˜˜˜˜˜˜˜˜;LWR
1159;168114080;M;34;˜˜;4629;2018-05-08;2018-05-11 15:39:43;˜ ˜˜˜˜˜˜;LWR
1160;383135422;M;40;˜˜;925;2023-03-16;2023-03-16 14:21:35;˜ ˜˜˜˜˜˜;LWR
1161;279764843;M;22;˜˜;370;2020-09-19;2020-09-20 00:02:23;˜˜˜˜˜˜˜˜˜ ˜˜˜;LWR
1162;1183510016;M;31;˜˜;2777;2020-05-20;2020-05-20 09:31:02;˜ ˜˜˜˜˜˜;LWR
1163;368327524;M;22;˜˜;879;2022-07-21;2022-07-21 01:31:02;˜˜˜˜˜˜˜˜˜˜˜˜ ˜˜˜˜;LWR
1164;165282754;F;22;˜˜;740;2024-05-02;2024-05-04 14:31:22;˜˜˜˜˜-˜˜˜˜˜˜˜˜˜˜ ˜˜˜˜˜˜˜˜˜˜ ˜˜˜˜˜ - ˜˜˜˜ ˜˜;LWR
1165;748903667;M;43;˜˜;1111;2021-08-08;2021-08-10 11:07:41;˜˜˜˜˜˜˜˜˜˜˜˜˜ ˜˜˜;LWR
1166;392905828;F;34;˜˜;740;2018-08-24;2020-01-04 09:18:22;˜˜˜˜˜˜˜˜˜˜ ˜˜˜;LWR
1167;619191528;M;56;˜˜;0;2021-10-14;2021-10-16 00:37:10;0;LWR
1168;1151666476;F;36;˜˜;0;2022-08-02;2022-08-02 17:17:18;0;LWR
1169;1161149631;M;17;˜˜;0;2022-05-29;2022-06-01 11:19:26;˜˜˜˜˜˜˜˜˜ ˜˜˜;LWR
1170;965176371;F;34;˜˜;0;2023-10-29;2023-10-29 11:28:17;0;LWR
1171;700466429;F;27;˜˜;648;2021-10-27;2021-11-18 10:18:32;˜˜˜˜ ˜˜˜˜˜˜˜˜˜;LWR
1172;1075887841;F;44;˜˜;648;2019-07-06;2019-07-09 06:45:31;˜˜˜˜˜˜˜˜˜˜˜˜˜ ˜˜˜˜;MED
1173;734712367;F;48;˜˜;925;2014-02-16;2014-09-09 18:29:05;˜˜˜˜˜˜˜˜˜˜˜˜ ˜˜˜;LWR
1174;270274003;F;64;˜˜;648;2023-04-12;2023-04-12 12:49:57;0;LWR
1175;210902838;M;78;˜˜;0;2022-06-19;2022-06-19 09:05:17;0;LWR
1176;1009973864;M;41;˜˜;462;2016-09-10;2016-09-12 19:40:52;˜ ˜˜˜˜˜˜;LWR
1177;758194420;M;20;˜˜;0;2020-03-05;2020-03-14 16:20:56;0;LWR
1178;272337364;M;31;˜˜;0;2021-11-28;2024-08-27 08:34:11;˜˜˜˜˜˜˜˜˜˜˜˜˜ ˜˜˜;LWR
1179;951671401;F;43;˜˜;370;2022-03-23;2022-03-23 08:33:28;˜˜˜˜˜˜˜˜˜˜˜˜ ˜˜˜˜;LWR
1180;145089266;F;29;˜˜;1388;2020-01-05;2019-01-18 16:41:07;˜˜˜˜˜˜˜˜˜˜ ˜˜˜;LWR
1181;561438185;M;21;˜˜;185;2018-01-13;2018-04-12 11:05:22;˜ ˜˜˜˜˜˜;MED
1182;375814073;F;22;˜˜;1111;2020-02-25;2024-05-24 18:20:32;˜˜˜˜˜˜˜˜˜˜ ˜˜˜;LWR
1183;1009064691;F;25;˜˜;1666;2021-10-26;2022-02-07 23:28:20;˜ ˜˜˜˜˜˜;LWR
1184;826788086;F;20;˜˜;370;2022-02-28;2022-02-28 19:12:16;˜˜˜˜˜˜˜˜˜˜ ˜˜˜;LWR
1185;697308388;M;39;˜˜;925;2021-07-30;2022-02-08 07:53:48;˜˜˜˜˜-˜˜˜˜˜˜˜˜˜˜ ˜˜˜˜˜˜˜˜˜˜ ˜˜˜˜˜ - ˜˜˜˜ ˜˜;LWR
1186;215798454;F;34;˜˜;1481;2019-07-09;2019-07-11 10:10:04;˜ ˜˜˜˜˜˜;LWR
1187;542686524;F;41;˜˜;925;2018-05-21;2018-05-30 20:50:43;˜ ˜˜˜˜˜-˜˜˜˜˜˜˜˜˜;LWR
1188;506906208;F;22;˜˜;0;2024-07-04;2024-07-08 08:10:57;0;LWR
1189;944577490;M;43;˜˜;555;2021-08-16;2022-02-14 08:03:17;˜˜˜˜˜˜˜˜˜ ˜˜˜;LWR
1190;975376641;M;34;˜˜;555;2018-10-07;2018-10-10 12:14:39;˜˜˜˜˜˜˜˜˜˜˜ ˜˜˜;LWR
1191;942088869;F;60;˜˜;1851;2020-10-30;2020-11-16 14:08:02;˜˜˜˜˜˜˜˜˜˜˜˜ ˜˜˜˜;LWR
1192;1183533842;M;37;˜˜;2314;2024-01-22;2024-01-26 19:09:28;˜˜˜˜˜˜˜˜ ˜˜˜˜;LWR
1193;1146192910;M;33;˜˜;0;2021-06-27;2022-02-28 11:48:48;˜ ˜˜˜˜˜˜;LWR
1194;939845690;F;53;˜˜;0;2024-05-31;2024-06-05 11:22:42;˜˜˜ ˜˜˜˜˜˜˜˜˜;LWR
1195;952010874;M;34;˜˜;175;2020-04-03;2020-04-05 08:45:56;˜˜˜˜˜˜˜˜˜ ˜˜˜;LWR
1196;631319524;M;20;˜˜;925;2018-12-09;2018-12-11 00:00:25;˜ ˜˜˜˜˜˜;MED
1197;623591164;F;42;˜˜;1851;2010-12-21;2022-02-08 08:58:01;˜˜˜˜˜˜˜˜˜˜ ˜˜˜;LWR
1198;822373860;F;25;˜˜;462;2020-08-15;2020-08-17 16:27:24;˜˜˜˜˜˜˜˜˜ ˜˜˜;LWR
1199;283388978;F;38;˜˜;925;2020-11-23;2020-11-23 16:09:48;˜˜˜˜ ˜˜˜˜˜˜˜˜˜˜;LWR
1200;524998692;F;33;˜˜;0;2023-05-29;2023-06-01 14:20:17;0;LWR
1201;680105404;M;29;˜˜;648;2021-10-28;2023-05-16 20:35:57;0;LWR
1202;861690615;M;23;˜˜;555;2020-09-16;2020-09-23 11:55:37;˜ ˜˜˜˜˜˜;LWR
1203;207521838;M;23;˜˜;0;2021-05-20;2021-05-20 17:53:10;˜ ˜˜˜˜˜˜;MED
1204;897423622;F;37;˜˜;0;2019-06-05;2019-06-09 07:34:48;˜˜˜˜˜˜˜˜˜˜˜˜˜ ˜˜˜;LWR
1205;527139589;F;41;˜˜;3287;2013-06-02;2019-09-12 17:48:22;˜ ˜˜˜˜˜˜;LWR
1206;243857289;M;38;˜˜;1546;2021-05-20;2021-05-23 04:49:07;˜˜˜˜˜˜˜˜ ˜˜˜;LWR
1207;513888062;M;54;˜˜;648;2024-04-22;2024-04-22 15:31:18;˜˜˜˜˜˜˜˜˜˜˜˜˜ ˜˜˜˜;LWR
1208;652987880;F;33;˜˜;370;2020-03-07;2020-03-11 05:43:31;˜˜˜˜˜˜˜˜˜˜˜ ˜˜˜˜;LWR
1209;866630273;F;31;˜˜;1388;2022-06-28;2022-06-28 10:12:00;˜ ˜˜˜˜˜-˜˜˜˜˜˜˜˜˜;LWR
1210;341506975;M;29;˜˜;2314;2018-08-24;2018-08-26 19:00:52;˜˜˜˜˜˜˜˜˜˜ ˜˜˜;LWR
1211;734162881;M;57;˜˜;1851;2024-07-05;2024-07-05 11:45:13;˜˜˜˜˜˜ ˜˜˜;LWR
1212;508181315;M;22;˜˜;462;2020-06-02;2020-06-10 12:58:33;˜˜˜˜˜˜˜˜˜˜˜˜˜˜ ˜˜˜˜;LWR
1213;648493739;M;33;˜˜;2916;2019-01-10;2019-01-11 11:33:22;˜˜˜˜˜˜˜˜˜˜ ˜˜˜;LWR
1214;593411972;F;23;˜˜;509;2023-10-25;2023-10-27 11:17:43;˜˜˜˜˜˜˜˜˜ ˜˜˜˜˜˜˜˜˜˜ - ˜˜˜˜˜˜˜;LWR
1215;828762716;M;52;˜˜;555;2019-02-23;2021-10-11 18:29:47;˜˜˜˜˜˜˜˜˜˜˜ ˜˜˜;LWR
1216;284522089;M;25;˜˜;1851;2018-01-12;2022-11-10 17:41:54;˜˜˜˜˜˜˜˜˜˜ ˜˜˜;LWR
1217;1041776608;F;17;˜˜;0;2023-05-30;2023-05-31 10:26:58;0;LWR
1218;549882105;F;42;˜˜;0;2022-10-12;2022-10-12 22:59:31;0;LWR
1219;975766171;M;40;˜˜;1388;2013-04-10;2022-02-08 12:34:37;˜˜˜˜˜˜˜˜˜˜˜˜˜ ˜˜˜˜;LWR
1220;396385202;F;26;˜˜;648;2017-03-01;2017-03-01 19:17:24;˜˜˜˜˜˜˜˜˜˜˜˜ ˜˜˜˜;LWR
1221;764532815;F;39;˜˜;1990;2018-10-09;2018-10-10 13:09:28;˜ ˜˜˜˜˜˜;LWR
1222;704474535;M;51;˜˜;925;2021-10-11;2022-02-12 08:27:18;0;LWR
1223;1023838957;M;40;˜˜;0;2016-10-11;2016-10-13 13:01:11;˜ ˜˜˜˜˜-˜˜˜˜˜˜˜˜˜;LWR
1224;236517055;F;66;˜˜;925;2024-02-05;2024-02-07 11:26:11;˜˜˜˜˜˜˜˜˜˜ ˜˜˜;LWR
1225;702990583;M;20;˜˜˜˜˜˜˜˜˜˜;740;2022-12-05;2024-11-10 21:18:29;˜˜˜˜˜˜˜˜˜˜ ˜˜˜;LWR
1226;1166712826;M;56;˜˜;0;2023-04-02;2023-04-03 13:45:25;0;LWR
1227;353725592;M;34;˜˜;1574;2022-01-08;2023-09-24 09:08:36;˜˜˜˜˜˜˜˜˜˜ ˜˜˜;LWR
1228;697569276;F;33;˜˜;694;2014-12-11;2014-12-19 14:07:58;˜ ˜˜˜˜˜-˜˜˜˜˜˜˜˜˜;LWR
1229;629501590;F;15;˜˜;0;2023-12-13;2023-12-13 14:12:37;˜˜˜˜˜˜˜˜˜˜˜˜˜ ˜˜˜;LWR
1230;113038401;F;32;˜˜;2064;2018-05-08;2018-05-11 14:20:24;˜ ˜˜˜˜˜˜;LWR
1231;586699916;F;29;˜˜;0;2021-09-04;2021-09-04 15:38:34;0;LWR
1232;964468000;M;25;˜˜;0;2021-01-08;2021-01-08 09:49:45;˜˜˜˜ ˜˜˜˜˜˜˜˜;LWR
1233;850301050;F;32;˜˜;462;2021-11-08;2022-02-08 11:30:09;˜˜˜˜˜˜˜˜˜˜˜˜˜ ˜˜˜;LWR
1234;731011622;F;50;˜˜;0;2024-08-29;2024-09-11 09:08:22;0;LWR
1235;217526991;M;41;˜˜;1111;2014-12-24;2014-12-27 18:11:00;˜ ˜˜˜˜˜˜;LWR
1236;289195468;M;38;˜˜;740;2021-12-23;2022-02-10 14:59:22;˜˜˜˜˜˜˜˜˜˜˜˜˜ ˜˜˜˜;LWR
1237;631744054;M;38;˜˜;0;2024-03-25;2024-03-25 19:48:30;0;LWR
1238;703666923;M;31;˜˜;0;2024-06-27;2024-07-02 15:05:14;˜˜˜˜˜˜˜˜˜˜˜˜˜ ˜˜˜˜;LWR
1239;387618338;F;72;˜˜;462;2021-09-18;2022-02-08 13:55:02;˜˜˜˜˜˜˜˜˜˜˜˜ ˜˜˜;LWR
1240;892928689;M;43;˜˜;509;2019-12-24;2021-05-31 20:49:27;˜ ˜˜˜˜˜˜;LWR
1241;256942898;F;44;˜˜;0;2014-10-10;2014-10-14 23:04:46;˜˜˜˜˜˜;LWR
1242;550915438;M;49;˜˜;1064;2021-07-20;2021-08-16 19:45:46;˜˜˜˜˜˜˜˜ ˜˜˜;LWR
1243;868268756;M;45;˜˜;0;2010-04-02;2012-06-29 20:40:00;˜. ˜˜˜˜˜˜;LWR
1244;936725347;F;31;˜˜;925;2022-10-20;2022-10-22 13:59:19;˜ ˜˜˜˜˜˜;LWR
1245;126724748;M;22;˜˜;1388;2021-04-06;2021-04-09 12:58:07;˜ ˜˜˜˜˜˜;LWR
1246;161304657;F;24;˜˜;462;2023-11-12;2023-11-12 17:38:53;˜ ˜˜˜˜˜˜˜˜˜˜˜;LWR
1247;765621741;F;40;˜˜;1851;2018-08-20;2018-10-15 15:18:54;˜˜˜˜ ˜˜˜˜˜˜˜˜˜;LWR
1248;975363416;F;30;˜˜;231;2021-10-14;2022-02-09 06:49:00;˜˜˜˜˜˜˜˜ ˜˜˜˜;LWR
1249;1186843187;F;29;˜˜;833;2022-12-22;2022-12-22 11:38:28;0;LWR
1250;741056174;M;17;˜˜;0;2022-10-15;2022-10-15 01:34:17;0;LWR
1251;348122140;F;31;˜˜;601;2018-12-05;2018-12-07 12:48:37;˜˜˜˜˜˜˜˜˜˜ ˜˜˜;LWR
1252;1068359883;F;16;˜˜;0;2023-10-28;2023-10-28 16:16:07;0;LWR
1253;808489490;F;30;˜˜;0;2021-03-02;2021-03-02 21:11:52;˜˜˜˜˜˜˜˜˜˜˜ ˜˜˜;LWR
1254;1203475;M;38;˜˜;1296;2018-12-03;2024-03-27 22:27:49;˜ ˜˜˜˜˜-˜˜˜˜˜˜˜˜˜;LWR
1255;294313300;F;36;˜˜;925;2021-09-05;2021-06-15 21:03:16;˜˜˜˜˜˜˜˜˜˜˜ ˜˜˜;LWR
1256;867675939;F;53;˜˜;648;2022-11-26;2022-11-26 18:43:07;˜˜˜˜˜˜˜ ˜˜˜;MED
1257;1030735651;F;35;˜˜;648;2018-02-27;2018-03-05 13:24:23;˜ ˜˜˜˜˜˜;MED
1258;114743563;M;37;˜˜;4629;2019-12-03;2019-12-04 20:59:51;˜˜˜˜˜˜˜˜˜˜ ˜˜˜;LWR
1259;695577451;F;32;˜˜;1388;2021-10-13;2022-03-10 14:25:31;˜˜˜˜ ˜˜˜˜ (˜˜˜˜˜˜);LWR
1260;587699903;M;21;˜˜;0;2024-10-23;2024-10-24 09:51:44;0;LWR
1261;1189558815;M;26;˜˜;462;2020-02-25;2023-01-04 22:27:54;˜˜˜˜ ˜˜˜˜˜˜˜˜˜;LWR
1262;861836272;F;69;˜˜;0;2022-03-06;2022-03-06 15:22:08;˜ ˜˜˜˜˜˜;LWR
1263;785222202;F;25;˜˜;611;2022-08-02;2022-08-02 15:41:26;˜ ˜˜˜˜˜-˜˜˜˜˜˜˜˜˜;LWR
1264;863259762;F;39;˜˜;0;2021-10-11;2022-02-08 16:31:33;0;LWR
1265;600638743;M;22;˜˜;740;2020-06-03;2021-02-22 16:21:34;˜˜˜˜˜˜˜˜˜˜˜˜ ˜˜˜;LWR
1266;747236498;F;32;˜˜;370;2025-02-05;2023-10-14 14:31:13;˜˜˜˜˜˜˜˜˜˜˜ ˜˜˜;LWR
1267;811043859;M;42;˜˜;648;2024-12-19;2025-01-05 20:31:39;˜˜˜˜˜˜˜ ˜˜˜˜˜˜˜˜˜˜;LWR
1268;748800121;F;38;˜˜;1851;2022-09-14;2022-09-14 14:00:22;˜˜˜˜˜˜˜˜˜˜ ˜˜˜;LWR
1269;1059155040;F;51;˜˜;231;2014-03-10;2014-06-10 00:09:24;˜ ˜˜˜˜˜-˜˜˜˜˜˜˜˜˜;LWR
1270;1191055576;F;22;˜˜;601;2022-07-09;2022-07-10 15:16:51;˜˜˜˜˜˜˜˜ ˜˜˜˜;MED
1271;783187167;M;27;˜˜;740;2022-02-14;2022-02-19 09:35:33;˜˜˜˜˜˜˜˜˜˜˜˜ ˜˜˜;LWR
1272;1178479730;M;35;˜˜;1388;2024-04-14;2024-04-14 08:22:45;˜˜˜˜˜-˜˜˜˜˜˜˜˜˜˜ ˜˜˜˜˜˜˜˜˜˜ ˜˜˜˜˜ - ˜˜˜˜ ˜˜;LWR
1273;1197924652;M;18;˜˜;0;2021-06-29;2021-06-29 15:53:27;˜˜˜. ˜˜˜˜˜˜˜˜˜˜;LWR
1274;334334157;M;33;˜˜;0;2021-06-30;2020-05-06 15:06:07;˜ ˜˜˜˜˜˜;LWR
1275;782788605;F;49;˜˜;2962;2011-03-23;2018-06-20 17:31:58;˜ ˜˜˜˜˜˜;LWR
1276;547462452;F;27;˜˜;1203;2020-10-20;2020-10-27 13:53:21;˜˜˜˜ ˜˜˜˜˜˜˜˜˜;LWR
1277;632883453;F;14;˜˜;0;2024-07-16;2023-11-14 02:31:21;˜ ˜˜˜˜˜˜;LWR
1278;507260032;M;36;˜˜;1388;2014-10-03;2014-10-06 16:50:21;˜ ˜˜˜˜˜-˜˜˜˜˜˜˜˜˜;LWR
1279;869143797;M;68;˜˜;0;2024-12-19;2024-12-31 21:14:36;˜˜˜˜˜˜˜˜˜˜ ˜˜˜;LWR
1280;251247979;M;49;˜˜;925;2022-10-13;2022-10-13 23:05:55;˜˜˜˜˜˜˜˜˜˜ ˜˜˜;LWR
1281;533387459;M;16;˜˜;0;2024-05-30;2024-05-30 11:53:08;0;LWR
1282;254523542;F;38;˜˜;0;2014-11-12;2014-11-14 20:13:03;˜ ˜˜˜˜˜˜;LWR
1283;368426425;F;41;˜˜;0;2019-08-14;2019-08-21 09:34:13;˜˜˜˜˜˜˜˜˜˜˜˜ ˜˜˜˜;LWR
1284;867945561;F;41;˜˜;462;2019-06-28;2019-07-03 12:53:48;˜˜˜˜˜˜˜˜˜˜˜ ˜˜˜;LWR
1285;524207064;F;22;˜˜;277;2023-02-23;2023-02-23 08:34:38;˜˜˜˜˜˜˜˜˜˜ ˜˜˜;LWR
1286;851204506;M;39;˜˜;277;2024-08-22;2024-08-22 17:14:12;0;LWR
1287;554201128;M;28;˜˜;0;2019-11-12;2019-11-14 12:03:44;˜˜˜˜˜˜˜˜˜ ˜˜˜;LWR
1288;389689034;F;19;˜˜;0;2024-10-03;2024-10-03 18:23:44;0;LWR
1289;260102473;F;17;˜˜;0;2024-05-06;2024-05-06 17:26:10;0;LWR
1290;274245828;F;34;˜˜;694;2020-11-18;2020-11-20 11:32:46;˜˜˜˜˜˜˜˜ ˜˜˜˜;LWR
1291;267473932;M;28;˜˜;462;2022-11-27;2022-11-27 16:07:55;˜˜˜˜˜˜˜˜˜˜˜ ˜˜˜;LWR
1292;1047038073;M;30;˜˜˜˜˜˜˜˜;0;2024-02-14;2024-02-14 14:43:21;˜˜˜˜˜˜˜˜˜˜ ˜˜˜;LWR
1293;333754593;F;23;˜˜;0;2022-08-21;2022-08-21 20:14:22;0;LWR
1294;155412367;F;47;˜˜;1851;2020-01-07;2020-01-16 13:38:46;˜˜˜˜ ˜˜˜˜˜;LWR
1295;286002539;M;17;˜˜˜˜˜˜˜;555;2022-06-01;2022-06-04 14:14:43;˜˜˜˜˜˜˜˜˜˜ ˜˜˜;LWR
1296;264646489;M;43;˜˜;1574;2022-11-16;2022-11-17 21:29:55;˜˜˜˜˜˜˜˜˜˜ ˜˜˜;MED
1297;1180570398;M;36;˜˜;0;2019-08-08;2019-08-09 16:25:33;˜ ˜˜˜˜˜-˜˜˜˜˜˜˜˜˜;LWR
1298;1023263481;F;44;˜˜;925;2016-05-20;2020-06-30 10:04:10;˜˜˜˜˜˜˜˜˜˜˜˜˜ ˜˜˜;LWR
1299;256191591;M;24;˜˜;4629;2018-10-17;2018-10-22 13:04:17;˜˜˜˜˜˜˜˜˜˜ ˜˜˜˜;LWR
1300;963266346;M;31;˜˜;0;2020-06-30;2020-07-02 11:54:27;0;LWR
1301;753999228;F;43;˜˜;740;2010-07-12;2021-01-13 13:37:37;˜˜˜˜˜˜˜˜˜ ˜˜˜;LWR
1302;1019667584;M;38;˜˜;0;2023-02-25;2023-02-25 20:35:38;0;LWR
1303;785209160;M;20;˜˜˜˜˜˜˜˜;0;2022-11-02;2022-11-04 09:20:49;˜ ˜˜˜˜˜˜;LWR
1304;751039544;F;27;˜˜;601;2020-12-22;2020-12-23 20:24:11;˜ ˜˜˜˜˜˜;LWR
1305;158307991;M;17;˜˜;0;2022-05-16;2022-07-15 08:44:25;˜˜˜˜˜˜˜˜˜ ˜˜˜˜;LWR
1306;558493970;F;51;˜˜;0;2024-08-29;2024-08-29 21:51:11;˜ ˜˜˜˜˜˜˜˜˜˜˜;LWR
1307;159293906;F;35;˜˜;324;2024-08-23;2024-08-23 12:11:42;˜˜˜˜ ˜˜˜˜;LWR
1308;1170916;F;44;˜˜;462;2023-04-20;2023-04-20 17:50:55;˜˜˜˜˜˜˜˜˜˜ ˜˜˜;LWR
1309;1236673872;M;41;˜˜;1157;2019-02-11;2019-02-14 13:35:18;˜˜˜˜˜˜˜˜˜˜ ˜˜˜;LWR
1310;341286108;M;57;˜˜;925;2020-07-01;2020-07-03 09:02:32;˜ ˜˜˜˜˜˜;LWR
1311;966945738;M;50;˜˜;925;2021-01-29;2021-01-30 16:19:17;˜ ˜˜˜˜˜-˜˜˜˜˜˜˜˜˜;LWR
1312;314253991;M;26;˜˜;972;2024-06-08;2024-06-08 15:40:35;˜˜˜˜ ˜˜˜˜˜˜˜˜˜;LWR
1313;856070711;M;24;˜˜;462;2021-04-21;2021-04-21 08:23:19;˜˜˜˜˜˜˜˜˜˜˜˜ ˜˜˜;LWR
1314;722843364;F;28;˜˜˜˜˜;0;2023-11-14;2023-11-14 15:25:31;˜ ˜˜˜˜˜˜;LWR
1315;545752825;M;15;˜˜;537;2023-12-20;2023-12-21 12:52:22;˜˜˜˜˜˜˜˜˜˜˜˜ ˜˜˜;LWR
1316;1207831801;F;35;˜˜;787;2017-11-13;2017-11-14 14:32:39;˜˜˜˜˜˜˜˜˜˜ ˜˜˜;LWR
1317;1154913938;F;28;˜˜;740;2021-06-08;2021-06-08 17:40:02;˜ ˜˜˜˜˜-˜˜˜˜˜˜˜˜˜;LWR
1318;295494700;M;41;˜˜;462;2021-07-28;2022-02-09 18:01:24;˜˜˜˜˜˜˜˜˜˜ ˜˜˜;LWR
1319;645352971;M;61;˜˜;0;2013-04-10;2013-04-16 07:59:31;˜˜˜˜˜˜˜˜˜˜˜˜ ˜˜˜;LWR
1320;903340641;M;39;˜˜;1851;2013-06-25;2013-06-30 09:13:12;˜ ˜˜˜˜˜˜;MED
1321;1084915533;F;46;˜˜˜˜˜˜˜˜˜;0;2024-12-27;2024-12-27 21:05:55;˜ ˜˜˜˜˜˜;LWR
1322;1606555;F;62;˜˜;370;2014-05-20;2023-02-11 12:49:55;˜˜˜˜˜˜˜˜˜˜˜˜˜ ˜˜˜˜;LWR
1323;752037676;M;43;˜˜;1851;2019-05-08;2019-05-24 09:34:04;˜˜˜˜˜˜˜˜˜˜ ˜˜˜˜;LWR
1324;250084594;F;24;˜˜;370;2022-10-20;2022-10-21 21:31:21;˜ ˜˜˜˜˜˜;LWR
1325;508918270;M;36;˜˜;5555;2018-02-08;2018-10-11 11:37:56;˜˜˜˜˜˜˜˜˜˜ ˜˜˜;LWR
1326;393483505;M;40;˜˜;416;2023-03-17;2023-03-17 15:08:49;˜˜˜˜ ˜˜˜˜˜˜˜˜˜;LWR
1327;114288500;F;39;˜˜;1851;2023-12-17;2023-12-18 16:28:43;0;LWR
1328;650080566;F;40;˜˜;555;2020-10-26;2020-10-28 22:25:34;˜˜˜˜˜˜˜˜˜˜˜˜˜ ˜˜˜;LWR
1329;697491084;F;38;˜˜;648;2021-01-01;2022-09-03 22:18:08;˜˜˜˜˜˜˜˜˜˜˜ ˜˜˜;LWR
1330;1007455167;M;30;˜˜;1111;2023-06-11;2025-01-03 22:00:23;˜ ˜˜˜˜˜˜;LWR
1331;306771893;F;44;˜˜;138;2019-01-26;2023-09-22 18:54:36;˜˜˜˜˜˜˜˜ ˜˜˜;LWR
1332;728754518;M;37;˜˜;0;2020-05-19;2020-05-20 09:53:18;˜ ˜˜˜˜˜˜;LWR
1333;818510809;M;26;˜˜;925;2021-03-11;2022-02-07 23:03:04;˜˜˜˜˜˜˜˜˜˜ ˜˜˜;LWR
1334;360471878;F;35;˜˜;888;2019-06-21;2022-06-08 16:49:08;˜ ˜˜˜˜˜-˜˜˜˜˜˜˜˜˜;LWR
1335;1010715573;M;29;˜˜;0;2021-04-26;2022-03-15 14:46:38;˜˜˜˜˜˜˜ ˜˜˜;LWR
1336;1016418513;F;47;˜˜˜˜˜˜˜˜˜˜;833;2025-01-17;2025-01-17 14:52:13;˜˜˜˜˜˜˜˜ ˜˜˜;LWR
1337;944993260;F;30;˜˜˜˜˜˜˜, ˜˜˜˜˜˜˜˜˜˜;462;2023-10-30;2023-10-31 15:37:28;˜ ˜˜˜˜˜-˜˜˜˜˜˜˜˜˜;LWR
1338;895781945;F;39;˜˜;1388;2024-04-05;2024-04-04 20:22:38;˜˜˜˜˜˜˜˜˜˜ ˜˜˜;LWR
1339;997067156;F;38;˜˜;2592;2019-03-23;2019-12-24 20:53:18;˜˜˜˜˜˜˜˜˜˜ ˜˜˜;LWR
1340;1171824090;F;65;˜˜;175;2023-11-29;2023-11-29 13:04:58;˜˜˜˜˜˜˜˜˜˜˜ ˜˜˜;LWR
1341;789307553;M;47;˜˜;3923;2024-10-02;2024-11-14 10:56:55;˜˜˜˜˜ ˜˜˜˜˜˜;LWR
1342;600783737;M;24;˜˜;370;2024-10-18;2024-10-18 10:13:53;˜˜˜˜˜˜˜˜˜˜˜˜ ˜˜˜˜;LWR
1343;1056428910;F;27;˜˜;4444;2023-09-23;2023-09-23 09:30:12;˜˜˜˜˜-˜˜˜˜˜˜˜˜˜˜ ˜˜˜˜˜˜˜˜˜˜ ˜˜˜˜˜ - ˜˜˜˜ ˜˜;LWR
1344;870491782;M;21;˜˜;0;2022-10-06;2022-10-06 11:25:43;0;LWR
1345;55354523;M;42;˜˜;925;2020-03-19;2020-03-21 22:55:28;˜˜˜˜˜˜˜˜˜˜˜˜˜ ˜˜˜˜;LWR
1346;1015879216;M;31;˜˜;1111;2023-01-13;2023-01-14 01:09:17;˜˜˜˜ ˜˜˜˜˜˜˜˜˜;LWR
1347;844493235;F;42;˜˜;648;2021-04-18;2020-07-10 10:04:00;˜ ˜˜˜˜˜-˜˜˜˜˜˜˜˜˜;LWR
1348;626029441;M;23;˜˜;694;2020-09-21;2020-09-22 10:12:58;˜˜˜˜˜˜˜˜˜ ˜˜˜;LWR
1349;706349013;M;32;˜˜˜˜˜˜˜˜˜˜;55;2023-01-12;2023-01-21 07:28:06;˜˜˜˜˜˜˜˜˜˜˜˜˜ ˜˜˜;LWR
1350;1006520881;F;20;˜˜;0;2022-06-15;2022-06-17 21:02:37;0;LWR
1351;153997540;M;48;˜˜;2777;2016-05-08;2016-12-09 11:11:17;˜˜˜˜˜˜˜˜ ˜˜˜;LWR
1352;938358140;F;42;˜˜;0;2024-09-30;2024-10-01 13:25:58;˜˜˜˜˜˜˜˜˜˜˜˜ ˜˜˜;LWR
1353;359484699;M;48;˜˜;555;2021-06-02;2022-02-08 10:43:00;˜ ˜˜˜˜˜-˜˜˜˜˜˜˜˜˜;LWR
1354;515517961;F;23;˜˜˜˜˜˜˜˜˜˜;0;2023-11-27;2023-11-27 18:36:53;˜ ˜˜˜˜˜˜;LWR
1355;530173092;M;26;˜˜;1388;2019-10-26;2019-10-30 10:47:57;˜˜˜˜˜˜˜˜˜˜˜ ˜˜˜;LWR
1356;800494011;M;20;˜˜;277;2021-04-07;2022-11-29 18:31:49;˜˜˜˜ ˜˜˜˜˜˜˜˜˜;LWR
1357;942310743;F;76;˜˜;194;2010-03-22;2017-10-03 10:19:30;˜˜˜˜˜˜˜˜˜˜˜ ˜˜˜;LWR
1358;280239618;M;34;˜˜;1018;2012-12-12;2014-08-13 22:56:59;˜ ˜˜˜˜˜-˜˜˜˜˜˜˜˜˜;LWR
1359;111697598;M;29;˜˜;925;2021-03-31;2021-04-02 16:32:41;˜ ˜˜˜˜˜˜;LWR
1360;1218309282;M;57;˜˜;648;2023-09-07;2023-09-07 09:36:28;˜˜˜˜˜˜˜˜˜˜˜˜˜ ˜˜˜;LWR
1361;705366023;F;51;˜˜;740;2024-01-14;2021-01-18 13:19:07;˜ ˜˜˜˜˜˜;LWR
1362;622393626;M;22;˜˜;740;2024-04-29;2024-04-29 23:33:37;˜˜˜˜ ˜˜˜˜˜˜˜˜˜˜˜˜;LWR
1363;86159555;M;33;˜˜;277;2019-01-17;2019-01-21 17:36:12;˜˜˜˜˜˜˜˜˜˜˜ ˜˜˜;LWR
1364;856326223;0;35;˜˜˜˜˜˜˜˜;879;2023-12-15;2024-05-01 08:57:29;˜˜˜˜˜˜˜˜˜˜˜˜ ˜˜˜;LWR
1365;568428;F;32;˜˜;740;2016-04-27;2019-06-05 08:45:38;˜˜˜˜˜˜˜˜˜˜˜ ˜˜˜;LWR
1366;1669894;F;20;˜˜;185;2021-07-27;2021-07-30 15:17:53;˜˜˜˜˜˜˜˜˜ ˜˜˜;LWR
1367;905559780;F;39;˜˜;787;2019-03-21;2019-02-11 15:02:37;˜˜˜˜˜˜˜˜˜˜˜˜˜ ˜˜˜˜;LWR
1368;646236863;M;41;˜˜;0;2021-06-04;2021-06-07 15:29:33;0;LWR
1369;863302220;M;46;˜˜;1018;2020-11-24;2020-11-26 14:14:40;˜˜˜˜˜˜˜˜˜˜ ˜˜˜;LWR
1370;634953210;M;34;˜˜;1111;2022-05-18;2022-05-18 13:33:36;˜˜˜˜˜˜˜˜˜˜˜ ˜˜˜;LWR
1371;389277994;M;25;˜˜;462;2019-04-28;2021-04-11 20:45:52;˜˜˜˜˜˜˜˜˜ ˜˜˜;LWR
1372;131884615;M;51;˜˜;1388;2008-02-07;2022-02-08 13:41:58;˜˜˜˜ ˜˜˜˜˜˜˜˜˜˜˜˜;LWR
1373;762733645;F;56;˜˜;1388;2020-10-19;2020-10-19 16:05:29;˜˜˜˜˜˜˜˜˜˜ ˜˜˜;LWR
1374;222759930;M;62;˜˜;0;2021-10-25;2022-02-09 10:53:22;0;LWR
1375;403937566;F;76;˜˜;416;2025-01-25;2025-01-25 14:20:14;0;LWR
1376;973452624;F;38;˜˜;740;2022-12-25;2022-12-28 15:46:22;˜˜˜˜˜˜˜˜˜˜˜˜˜ ˜˜˜˜;LWR
1377;339331819;M;40;˜˜;925;2020-08-03;2020-08-07 18:26:47;˜˜˜˜ ˜˜˜˜˜˜˜;LWR
1378;2996764;M;23;˜˜;1388;2020-02-22;2020-02-26 10:21:38;˜˜˜˜˜˜˜˜ ˜˜˜;LWR
1379;629470534;M;32;˜˜;1851;2021-03-18;2021-03-19 23:19:29;˜˜˜˜˜˜˜˜˜˜˜˜˜˜˜ ˜˜˜;LWR
1380;610748317;M;27;˜˜;1666;2021-03-20;2021-03-20 19:30:14;˜˜˜˜ ˜˜˜˜˜˜˜;LWR
1381;595918950;F;38;˜˜;0;2017-03-27;2023-02-18 20:29:41;˜ ˜˜˜˜˜-˜˜˜˜˜˜˜˜˜;LWR
1382;2286707;F;44;˜˜;740;2021-08-07;2023-11-13 10:43:00;˜˜˜˜˜˜˜˜˜˜˜ ˜˜˜;LWR
1383;809842104;M;49;˜˜;0;2023-02-02;2023-02-02 15:42:23;0;LWR
1384;770666837;F;25;˜˜;601;2022-03-10;2022-03-10 11:19:41;˜ ˜˜˜˜˜-˜˜˜˜˜˜˜˜˜;LWR
1385;385151828;F;36;˜˜;324;2017-12-08;2018-06-29 16:40:46;˜˜˜˜˜˜˜˜ ˜˜˜;LWR
1386;288611812;M;33;˜˜;3564;2019-11-15;2020-02-15 01:07:57;˜˜˜˜˜˜˜˜˜˜ ˜˜˜;LWR
1387;651825933;M;30;˜˜;925;2020-10-18;2020-10-18 09:10:20;˜˜˜˜˜˜˜˜˜˜ ˜˜˜˜;LWR
1388;900958242;M;30;˜˜;0;2022-09-13;2022-09-15 20:09:30;˜˜˜˜˜˜˜˜˜˜ ˜˜˜;LWR
1389;256473555;M;20;˜˜;0;2022-05-22;2022-05-22 14:06:17;˜˜˜˜˜˜˜˜˜˜˜ ˜˜˜˜˜˜˜ - ˜˜˜˜˜˜˜;LWR
1390;974235143;M;36;˜˜;1851;2023-06-18;2023-06-18 15:18:40;˜˜˜˜ ˜˜˜˜˜˜˜˜˜;LWR
1391;1194746862;F;40;˜˜;1018;2021-06-09;2022-02-17 13:59:49;˜˜˜˜˜˜˜˜ ˜˜˜˜;LWR
1392;1047417617;M;33;˜˜;1143;2019-09-02;2019-09-03 16:32:38;˜ ˜˜˜˜˜˜;LWR
1393;101272621;F;22;˜˜;138;2021-09-06;2022-02-11 13:25:36;˜˜˜˜˜˜˜˜˜˜ ˜˜˜;LWR
1394;165122658;F;25;˜˜;925;2019-04-29;2019-05-01 20:23:29;˜˜˜˜˜˜˜˜˜˜˜˜˜ ˜˜˜˜;LWR
1395;748491990;F;36;˜˜;648;2011-08-08;2020-08-04 20:26:23;˜ ˜˜˜˜˜-˜˜˜˜˜˜˜˜˜;LWR
1396;1147381047;M;32;˜˜;0;2022-05-16;2022-05-16 18:29:49;0;LWR
1397;356232783;F;61;˜˜;0;2021-02-12;2021-02-20 15:01:27;0;LWR
1398;700056081;F;33;˜˜;1294;2020-04-10;2020-04-10 14:14:53;˜˜˜˜˜˜˜˜˜˜ ˜˜˜;LWR
1399;293163456;M;30;˜˜;462;2023-11-29;2023-11-29 11:08:15;˜˜˜˜˜˜˜˜ ˜˜˜;LWR
1400;865920146;M;19;˜˜;0;2024-04-18;2024-04-18 16:39:42;0;LWR
1401;1065878796;F;50;˜˜;1388;2013-01-31;2018-08-21 11:05:42;˜ ˜˜˜˜˜-˜˜˜˜˜˜˜˜˜;LWR
1402;812953431;F;16;˜˜;462;2024-04-05;2024-04-09 11:57:14;˜ ˜˜˜˜˜-˜˜˜˜˜˜˜˜˜;LWR
1403;366840467;F;24;˜˜;416;2021-10-26;2022-02-19 09:42:09;˜˜˜˜˜˜˜˜˜ ˜˜˜;LWR
1404;725028360;F;23;˜˜;0;2024-05-29;2024-05-29 23:16:15;0;LWR
1405;251800768;M;35;˜˜;879;2022-05-31;2022-05-31 21:17:43;˜˜˜˜˜˜˜˜˜˜˜˜˜ ˜˜˜;LWR
1406;145531835;F;37;˜˜;555;2021-08-27;2023-06-10 11:19:01;˜˜˜˜˜˜˜˜ ˜˜˜˜;LWR
1407;632234851;F;32;˜˜;1527;2020-09-01;2021-01-26 13:52:12;˜˜˜˜˜˜˜˜˜˜˜˜ ˜˜˜˜;LWR
1408;687374740;M;35;˜˜;555;2023-02-26;2023-02-27 12:00:50;0;LWR
1409;403186019;M;36;˜˜;740;2018-08-23;2018-08-28 00:00:11;˜˜˜˜˜˜˜˜ ˜˜˜;LWR
1410;1059048351;M;33;˜˜;1388;2021-03-16;2022-02-12 15:28:36;˜˜˜˜˜˜˜˜˜˜˜˜˜˜ ˜˜˜˜;LWR
1411;859178549;M;42;˜˜;0;2019-12-25;2019-12-30 15:40:11;˜˜˜˜˜˜˜˜˜˜˜˜˜ ˜˜˜;LWR
1412;214001476;M;27;˜˜;0;2020-02-02;2020-02-03 13:03:37;˜˜˜˜˜˜˜˜˜˜˜˜˜ ˜˜˜;LWR
1413;603346533;F;44;˜˜;1157;2020-09-23;2020-11-07 15:16:17;˜˜˜˜˜˜˜˜˜˜˜˜˜ ˜˜˜˜;LWR
1414;248830164;F;36;˜˜;925;2016-12-10;2017-01-03 22:23:17;˜ ˜˜˜˜˜˜;LWR
1415;613147776;M;45;˜˜;925;2019-04-06;2019-04-07 13:45:56;˜ ˜˜˜˜˜-˜˜˜˜˜˜˜˜˜;LWR
1416;694643096;F;49;˜˜;925;2019-05-14;2019-05-22 17:32:04;˜˜˜˜˜˜˜˜˜˜ ˜˜˜˜;LWR
1417;535002986;F;33;˜˜;555;2024-08-22;2024-08-22 16:06:41;˜ ˜˜˜˜˜˜;LWR
1418;865807771;F;26;˜˜;1111;2021-12-20;2022-03-04 11:38:43;˜ ˜˜˜˜˜˜;LWR
1419;330393881;M;24;˜˜;0;2020-08-06;2020-08-06 17:00:37;0;LWR
1420;1064321672;F;18;˜˜;648;2023-03-01;2023-03-03 23:37:35;˜˜˜˜ ˜˜˜˜˜˜˜˜˜˜˜˜;LWR
1421;423573383;M;40;˜˜;3703;2014-11-24;2015-12-15 09:19:52;˜ ˜˜˜˜˜˜;LWR
1422;516555293;M;41;˜˜;833;2020-01-16;2020-01-18 19:22:15;˜˜˜˜˜˜˜˜˜˜ ˜˜˜;LWR
1423;249182850;F;53;˜˜;462;2024-03-18;2024-03-24 18:16:51;˜˜˜˜˜˜˜˜˜˜ ˜˜˜;LWR
1424;1158787853;M;31;˜˜;1388;2021-04-19;2021-04-24 20:58:09;˜˜˜˜˜˜˜˜˜˜ ˜˜˜;LWR
1425;972833049;M;41;˜˜;5138;2015-06-10;2015-06-23 19:25:21;˜ ˜˜˜˜˜˜;MED
1426;801028213;M;20;˜˜;277;2022-10-21;2022-10-25 15:29:35;0;LWR
1427;809035109;F;21;˜˜;0;2022-10-13;2022-10-13 18:45:32;0;LWR
1428;1057969294;M;29;˜˜;2314;2020-12-14;2020-12-14 07:22:00;˜˜˜˜˜˜˜˜˜˜˜ ˜˜˜;LWR
1429;107793779;F;50;˜˜;601;2023-04-25;2023-04-25 18:35:25;˜˜˜˜˜˜˜˜ ˜˜˜˜;LWR
1430;380660573;M;39;˜˜;1666;2020-09-28;2020-10-01 11:20:30;˜˜˜˜˜˜˜˜˜˜˜ ˜˜˜˜˜˜˜ - ˜˜˜˜˜˜˜;LWR
1431;1065549928;F;26;˜˜;740;2019-06-29;2019-06-30 12:28:35;˜ ˜˜˜˜˜˜;LWR
1432;747290969;F;20;˜˜;138;2021-12-17;2022-10-06 16:13:46;˜˜˜˜˜˜˜˜ ˜˜˜˜;LWR
1433;143443201;M;18;˜˜;925;2022-10-26;2022-10-26 19:25:05;˜˜˜˜˜˜˜˜˜ ˜˜˜;LWR
1434;136551319;M;40;˜˜;1388;2022-09-30;2023-02-17 19:36:13;˜˜˜˜˜˜˜˜˜˜˜˜˜ ˜˜˜;LWR
1435;101247317;M;57;˜˜;0;2022-11-14;2022-11-16 07:11:00;0;LWR
1436;857818571;M;24;˜˜;0;2020-03-21;2023-07-17 16:22:48;˜˜˜˜˜˜˜˜˜˜˜ ˜˜˜;LWR
1437;756833902;M;36;˜˜;1296;2021-05-21;2021-06-27 12:47:19;˜˜˜˜˜˜˜˜˜ ˜˜˜;LWR
1438;149062792;M;39;˜˜;263;2017-02-03;2017-02-21 15:39:22;˜ ˜˜˜˜˜-˜˜˜˜˜˜˜˜˜;LWR
1439;622663936;M;41;˜˜˜˜˜˜˜˜˜˜;0;2024-05-07;2024-05-07 15:10:15;˜˜˜˜˜-˜˜˜˜˜˜˜˜˜˜ ˜˜˜˜˜˜˜˜˜˜ ˜˜˜˜˜ - ˜˜˜˜ ˜˜;LWR
1440;961250086;M;22;˜˜;370;2020-03-30;2020-04-22 12:18:18;˜˜˜˜˜˜˜˜˜˜˜˜˜ ˜˜˜;LWR
1441;944122475;F;28;˜˜;925;2022-03-16;2021-06-11 07:51:38;˜˜˜˜˜˜˜˜˜˜˜˜˜ ˜˜˜˜;LWR
1442;136352882;F;56;˜˜;555;2014-07-27;2024-08-01 07:20:06;˜ ˜˜˜˜˜˜;LWR
1443;764562319;M;41;˜˜;0;2025-01-27;2025-01-28 00:30:44;˜˜˜˜˜˜˜˜˜˜ ˜˜˜˜;LWR
1444;1175046780;F;40;˜˜;555;2016-05-07;2016-07-18 22:59:33;˜˜˜˜˜˜˜˜˜˜ ˜˜˜;LWR
1445;388703896;M;39;˜˜;0;2014-12-04;2014-12-09 22:03:55;˜˜˜˜˜˜˜˜˜˜˜ ˜˜˜;LWR
1446;306772213;M;39;˜˜;4629;2012-11-16;2023-03-30 19:56:35;˜˜˜˜˜˜˜˜˜˜ ˜˜˜;LWR
1447;140806580;M;40;˜˜;0;2023-09-16;2023-09-16 13:06:13;˜ ˜˜˜˜˜˜;LWR
1448;371606355;F;35;˜˜;1851;2021-12-29;2022-02-10 15:39:07;˜ ˜˜˜˜˜-˜˜˜˜˜˜˜˜˜;LWR
1449;510715610;F;21;˜˜;925;2021-11-22;2022-02-23 16:43:48;˜˜˜˜˜˜˜˜˜˜˜˜˜ ˜˜˜;LWR
1450;1187076406;M;21;˜˜;555;2022-05-26;2024-02-02 07:32:24;˜˜˜˜˜˜˜˜˜˜ ˜˜˜;LWR
1451;315667741;F;38;˜˜;462;2021-06-21;2021-06-21 14:44:05;˜˜˜˜˜˜˜˜˜˜˜ ˜˜˜;LWR
1452;279540530;M;32;˜˜;555;2020-03-11;2023-03-22 15:45:51;˜˜˜˜˜˜˜˜˜˜˜˜˜ ˜˜˜;LWR
1453;20427705;M;21;˜˜;324;2022-10-07;2022-10-08 22:09:12;˜ ˜˜˜˜˜-˜˜˜˜˜˜˜˜˜;LWR
1454;336792069;F;68;˜˜;462;2019-02-24;2020-11-11 11:23:04;˜ ˜˜˜˜˜˜;LWR
1455;945473154;F;43;˜˜;648;2017-09-30;2017-10-02 21:59:16;˜˜˜˜˜˜˜˜˜˜ ˜˜˜;LWR
1456;702675136;M;31;˜˜;694;2020-05-11;2020-05-11 11:39:11;˜˜˜˜˜˜˜˜˜˜˜˜ ˜˜˜;LWR
1457;537503356;F;43;˜˜;1388;2023-12-22;2023-12-21 16:00:44;˜ ˜˜˜˜˜˜;LWR
1458;967329971;M;22;˜˜;740;2021-04-26;2021-04-26 00:55:23;˜˜˜˜˜˜˜˜˜˜˜˜˜ ˜˜˜;LWR
1459;250195953;M;40;˜˜;833;2024-10-05;2024-10-05 12:29:42;˜˜˜˜˜˜˜˜˜˜˜˜˜ ˜˜˜˜;LWR
1460;569733260;F;55;˜˜;370;2023-06-12;2023-06-12 19:16:26;˜˜˜˜˜˜˜˜˜˜˜ ˜˜˜;LWR
1461;278005798;F;33;˜˜;925;2014-10-09;2020-03-30 12:50:06;˜˜˜˜ ˜˜˜˜˜˜˜˜˜;LWR
1462;1056510043;F;24;˜˜;740;2020-10-10;2020-10-10 20:51:23;˜˜˜˜˜˜˜ ˜˜˜;LWR
1463;953022;F;33;˜˜;0;2022-04-01;2022-04-01 15:04:38;0;LWR
1464;357503661;M;38;˜˜;0;2022-03-13;2022-03-14 11:46:53;˜˜˜˜˜˜˜˜˜˜˜˜˜ ˜˜˜˜;LWR
1465;609958084;M;44;˜˜;0;2016-12-25;2016-12-28 14:19:37;˜ ˜˜˜˜˜˜;LWR
1466;756553056;M;39;˜˜;1296;2020-09-15;2022-02-16 19:05:13;˜˜˜˜˜˜˜˜˜˜˜˜˜ ˜˜˜˜;LWR
1467;909536730;M;25;˜˜;0;2022-06-28;2022-06-28 09:21:51;0;LWR
1468;739904680;M;22;˜˜;462;2021-04-21;2021-04-21 15:34:54;˜˜˜˜ ˜˜˜˜˜˜˜˜˜;LWR
1469;807463155;M;32;˜˜;1851;2022-03-01;2022-03-01 23:19:40;0;LWR
1470;1160763672;M;32;˜˜;925;2021-01-21;2021-01-22 14:09:56;˜˜˜˜˜˜˜˜˜˜ ˜˜˜;LWR
1471;154308225;M;25;˜˜;740;2021-12-15;2022-02-19 16:51:42;˜˜˜˜˜˜˜˜˜˜˜˜˜ ˜˜˜;LWR
1472;1039938215;M;33;˜˜;0;2022-05-19;2022-05-19 11:31:32;0;LWR
1473;116078217;M;42;˜˜;523;2019-09-18;2019-09-21 18:05:22;˜˜˜˜˜˜˜˜˜˜˜˜˜ ˜˜˜;LWR
1474;254199110;M;36;˜˜˜˜˜˜˜˜;1111;2021-05-13;2021-05-14 19:06:51;0;LWR
1475;755876251;M;38;˜˜;0;2021-09-29;2022-06-15 12:24:02;˜ ˜˜˜˜˜˜;LWR
1476;1148372263;M;57;˜˜;462;2021-01-31;2021-02-04 11:36:17;˜˜˜˜ ˜˜˜˜˜˜˜˜˜;LWR
1477;279254998;M;64;˜˜;777;2024-12-19;2024-12-24 10:47:40;˜˜˜˜˜˜˜˜˜˜˜˜˜ ˜˜˜˜;LWR
1478;776104974;F;35;˜˜;0;2023-08-07;2023-08-07 13:54:47;˜˜˜˜˜˜˜˜˜˜ ˜˜˜;LWR
1479;516799733;F;32;˜˜;324;2023-11-08;2023-11-11 15:02:15;˜ ˜˜˜˜˜-˜˜˜˜˜˜˜˜˜;LWR
1480;1051973204;M;32;˜˜;1296;2019-10-21;2019-11-06 17:27:05;˜˜˜˜˜˜˜˜˜˜ ˜˜˜;LWR
1481;561468927;M;51;˜˜;416;2018-03-30;2024-02-04 10:36:08;˜˜˜˜ ˜˜˜˜˜;LWR
1482;1157652217;F;43;˜˜;879;2023-01-19;2023-01-19 14:15:19;˜ ˜˜˜˜˜˜;LWR
1483;759699609;F;54;˜˜;0;2024-06-02;2024-06-06 19:28:25;˜˜˜ ˜˜˜˜˜˜˜˜˜˜˜˜;LWR
1484;374783660;M;32;˜˜;833;2018-12-08;2019-02-17 04:22:37;˜˜˜˜˜˜˜˜˜˜ ˜˜˜˜;LWR
1485;248226525;F;24;˜˜;925;2019-03-28;2023-05-30 17:46:51;˜˜˜˜˜˜˜˜˜ ˜˜˜˜˜˜˜˜˜˜ - ˜˜˜˜˜˜˜;LWR
1486;1034402751;F;27;˜˜;1851;2021-06-12;2021-06-14 17:02:29;˜˜˜˜˜˜˜˜˜˜˜ ˜˜˜;LWR
1487;547454682;M;32;˜˜;833;2022-11-01;2022-11-01 16:59:34;˜˜˜˜˜˜˜˜˜˜ ˜˜˜;LWR
1488;70250729;M;35;˜˜;925;2021-07-13;2021-08-18 08:57:43;˜˜˜˜˜˜˜˜˜ ˜˜˜;LWR
1489;554201957;F;40;˜˜;0;2021-06-22;2021-06-23 19:20:14;0;LWR
1490;292301527;M;43;˜˜;648;2012-03-20;2020-05-27 07:15:55;˜˜˜˜˜˜˜˜˜˜˜˜ ˜˜˜;LWR
1491;293127220;M;38;˜˜;625;2019-04-12;2021-05-01 18:13:24;˜˜˜˜˜˜˜˜˜˜˜˜ ˜˜˜;LWR
1492;787818636;F;44;˜˜;500;2019-12-30;2020-01-13 09:24:38;˜˜˜˜ ˜˜˜˜ /˜˜˜˜˜˜/;LWR
1493;265647075;M;22;˜˜;0;2021-01-11;2021-01-14 06:08:13;0;LWR
1494;1080355016;F;32;˜˜;1388;2021-02-16;2021-02-16 20:56:53;˜˜˜˜˜˜˜˜˜˜˜˜ ˜˜˜;LWR
1495;237826931;M;62;˜˜;462;2025-02-13;2025-02-13 13:20:00;0;LWR
1496;939833775;M;38;˜˜;0;2024-03-20;2024-03-20 14:33:53;˜˜˜˜˜˜˜˜˜ ˜˜˜;LWR
1497;800635565;M;45;˜˜;2962;2019-06-03;2020-12-15 12:30:49;˜˜˜˜ ˜˜˜˜˜˜˜˜˜˜˜˜;LWR
1498;858363819;M;37;˜˜;0;2017-09-12;2017-09-15 17:44:04;˜˜˜˜˜˜˜˜˜˜˜˜˜ ˜˜˜˜;LWR
1499;726356945;M;24;˜˜;6481;2022-02-15;2022-02-15 17:23:12;˜˜˜˜˜˜˜˜˜˜˜˜˜ ˜˜˜˜;LWR
1500;729792324;F;22;˜˜;277;2022-05-12;2022-05-12 11:52:20;˜˜˜˜˜˜˜˜˜˜˜˜ ˜˜˜;LWR
1501;345955704;0;20;˜˜˜˜˜˜˜˜˜;0;2024-01-04;2024-01-04 16:32:53;˜ ˜˜˜˜˜˜;LWR
1502;772384470;F;20;˜˜;675;2022-02-25;2022-02-25 13:44:19;˜˜˜˜˜˜˜˜˜˜ ˜˜˜;LWR
1503;520437826;M;42;˜˜;1018;2015-06-01;2016-11-30 22:02:21;˜ ˜˜˜˜˜˜;LWR
1504;585951494;F;45;˜˜;324;2023-04-07;2023-04-07 18:50:42;0;LWR
1505;611221894;F;42;˜˜;0;2020-09-26;2024-09-24 09:19:38;0;LWR
1506;508176230;M;32;˜˜;740;2020-07-04;2021-09-19 16:32:33;˜˜˜˜ ˜˜˜˜˜˜˜˜˜;LWR
1507;1175864765;F;51;˜˜;444;2016-05-05;2020-08-21 12:39:05;˜˜˜˜˜˜˜˜˜ ˜˜˜;LWR
1508;706020039;F;36;˜˜;2314;2020-03-24;2022-09-26 13:54:20;˜˜˜˜˜˜˜˜˜˜˜˜˜ ˜˜˜;LWR
1509;1036859195;M;23;˜˜;0;2021-04-21;2021-04-22 13:44:20;˜˜˜˜˜˜˜˜˜˜ ˜˜˜;LWR
1510;784028427;M;37;˜˜;462;2023-06-22;2023-06-23 14:18:52;˜˜˜˜˜˜˜˜˜˜˜˜˜ ˜˜˜˜;LWR
1511;80434377;F;43;˜˜;1500;2018-08-09;2018-08-11 15:29:42;˜˜˜˜˜ ˜˜˜˜˜˜;LWR
1512;522454146;F;35;˜˜;1666;2022-09-26;2022-09-26 08:40:07;˜˜˜˜˜˜˜˜ ˜˜˜;LWR
1513;217177829;F;26;˜˜;0;2022-06-05;2022-06-05 18:54:21;˜˜˜˜˜˜˜˜ ˜˜˜˜;LWR
1514;527659206;M;35;˜˜;1388;2017-05-03;2017-05-12 19:02:42;˜ ˜˜˜˜˜˜;LWR
1515;338674517;M;20;˜˜˜˜˜˜˜˜˜˜˜;462;2023-05-05;2023-09-06 16:24:55;˜ ˜˜˜˜˜˜;LWR
1516;427362297;F;23;˜˜;0;2023-10-07;2023-10-07 19:09:21;0;LWR
1517;784177410;M;25;˜˜;416;2018-09-26;2021-12-07 20:51:31;˜ ˜˜˜˜˜-˜˜˜˜˜˜˜˜˜;LWR
1518;402961976;M;37;˜˜;4814;2016-03-21;2016-03-22 22:18:20;˜ ˜˜˜˜˜-˜˜˜˜˜˜˜˜˜;LWR
1519;1206108093;M;45;˜˜;277;2023-10-26;2023-10-30 11:23:22;0;LWR
1520;277095526;M;42;˜˜;462;2021-08-11;2021-09-13 06:55:28;˜˜˜˜˜˜˜˜˜˜˜˜˜ ˜˜˜;LWR
1521;389966507;M;26;˜˜;1851;2021-06-21;2021-08-23 12:22:53;˜˜˜˜˜˜˜˜˜ ˜˜˜;LWR
1522;758099114;F;41;˜˜;0;2021-06-30;2022-02-19 10:18:34;˜˜˜˜˜˜˜˜ ˜˜˜;LWR
1523;1142011492;M;42;˜˜;1111;2017-12-13;2018-01-09 14:47:17;˜ ˜˜˜˜˜-˜˜˜˜˜˜˜˜˜;LWR
1524;153022230;F;20;˜˜;1388;2022-06-08;2022-06-09 16:05:16;˜ ˜˜˜˜˜˜;LWR
1525;999528334;M;47;˜˜;277;2024-07-06;2024-07-06 14:39:12;˜˜˜˜˜˜˜˜˜˜˜˜ ˜˜˜;LWR
1526;689751982;M;44;˜˜;740;2021-05-24;2021-05-27 08:12:16;0;LWR
1527;550266014;M;56;˜˜;0;2019-05-16;2024-06-20 12:14:47;˜˜˜˜˜˜˜˜˜˜˜˜˜ ˜˜˜˜;LWR
1528;857200370;F;40;˜˜;185;2022-10-03;2022-10-03 18:12:44;˜ ˜˜˜˜˜˜;LWR
1529;908021015;F;45;˜˜;324;2021-10-31;2022-02-25 21:12:00;˜˜˜˜˜˜˜˜˜˜˜˜ ˜˜˜;LWR
1530;108052126;F;20;˜˜;2592;2021-08-08;2024-01-28 09:40:50;˜˜˜˜˜˜˜˜˜˜˜˜ ˜˜˜˜;LWR
1531;910485372;F;46;˜˜;416;2024-08-03;2024-08-03 18:11:51;0;LWR
1532;758479917;F;31;˜˜;1111;2017-06-28;2019-02-08 19:11:42;˜ ˜˜˜˜˜˜;LWR
1533;644348733;M;44;˜˜;0;2025-01-21;2025-01-28 16:25:22;0;LWR
1534;126056578;F;24;˜˜;1388;2022-09-05;2022-06-21 20:47:20;˜˜˜˜˜˜˜˜˜˜˜˜˜ ˜˜˜;LWR
1535;754180937;F;32;˜˜;648;2019-09-27;2019-10-02 16:34:36;˜˜˜˜˜˜˜˜˜˜˜ ˜˜˜;LWR
1536;1098199474;M;20;˜˜;1574;2021-03-23;2022-05-18 12:39:09;˜˜˜˜˜˜˜˜˜˜˜˜ ˜˜˜;LWR
1537;802167714;M;48;˜˜;370;2024-06-15;2024-06-17 16:41:17;˜˜˜˜˜˜˜˜˜˜˜˜ ˜˜˜;LWR
1538;1165074416;M;23;˜˜˜˜˜˜˜˜˜˜;0;2022-11-04;2022-11-04 13:47:34;˜ ˜˜˜˜˜˜;LWR
1539;609323896;F;34;˜˜;3240;2022-04-20;2022-04-27 10:01:28;˜˜˜˜˜ ˜˜˜˜˜˜;LWR
1540;696099641;M;34;˜˜;648;2017-11-25;2020-03-18 10:47:20;˜˜˜˜˜˜˜˜˜˜˜˜˜˜˜ ˜˜˜;LWR
1541;760811099;M;27;˜˜;1157;2021-04-20;2021-04-20 16:54:28;˜˜˜˜ ˜˜˜˜˜˜˜˜;LWR
1542;385391179;F;50;˜˜;0;2019-11-11;2019-11-12 12:03:38;˜˜˜˜˜˜˜˜˜˜˜˜ ˜˜˜˜;LWR
1543;30241106;F;44;˜˜;0;2024-07-18;2024-07-22 09:48:25;0;LWR
1544;845992939;M;34;˜˜;1203;2018-05-26;2019-09-12 17:55:54;˜˜˜˜˜˜˜˜˜˜˜˜˜ ˜˜˜;LWR
1545;84205656;F;36;˜˜;370;2018-04-28;2018-05-01 09:23:18;˜˜˜˜ ˜˜˜˜˜˜˜;LWR
1546;594428347;F;59;˜˜;462;2018-06-18;2018-06-19 20:08:49;˜ ˜˜˜˜˜-˜˜˜˜˜˜˜˜˜;LWR
1547;679617449;M;26;˜˜;1296;2019-01-08;2019-01-13 13:38:22;˜˜˜˜˜-˜˜˜˜˜˜˜˜ ˜˜;LWR
1548;402534965;F;24;˜˜;0;2022-10-20;2022-10-20 14:46:48;0;LWR
1549;230476529;M;36;˜˜;1194;2022-05-30;2022-05-30 21:16:23;˜˜˜˜˜˜˜˜˜˜˜ ˜˜˜;LWR
1550;1032561465;M;43;˜˜;2314;2017-07-10;2022-03-05 16:45:16;˜˜˜˜˜˜˜ ˜˜˜;MED
1551;773941364;F;42;˜˜;291;2022-08-30;2022-09-01 13:31:16;˜˜˜˜˜˜˜˜˜˜˜˜˜ ˜˜˜;LWR
1552;869123211;M;39;˜˜˜˜˜˜˜˜;0;2019-08-26;2019-08-30 09:55:50;˜ ˜˜˜˜˜-˜˜˜˜˜˜˜˜˜;MED
1553;367525510;F;54;˜˜;601;2020-03-31;2020-04-06 07:17:42;˜˜˜˜˜˜˜˜˜˜˜ ˜˜˜˜˜˜˜ - ˜˜˜˜˜˜˜;LWR
1554;803892400;F;21;˜˜;1388;2022-02-13;2022-02-14 12:41:40;˜˜˜˜˜˜˜˜˜˜ ˜˜˜;LWR
1555;230369665;F;67;˜˜;925;2019-05-18;2019-05-22 10:46:01;˜˜˜˜˜˜˜˜˜˜˜˜ ˜˜˜;LWR
1556;539761467;M;59;˜˜;518;2020-12-13;2020-12-14 15:34:58;˜˜˜˜˜˜˜˜˜ ˜˜˜˜;LWR
1557;908926455;M;21;˜˜;1111;2022-05-14;2022-08-02 00:31:50;˜ ˜˜˜˜˜˜;LWR
1558;606900391;M;47;˜˜;2037;2016-01-23;2018-08-11 07:15:40;˜ ˜˜˜˜˜˜;LWR
1559;777651243;F;23;˜˜;462;2019-11-19;2019-11-23 10:31:14;˜˜˜˜˜˜˜˜˜˜ ˜˜˜;LWR
1560;944748933;M;32;˜˜˜˜˜˜˜˜˜˜˜;0;2024-10-30;2024-10-30 12:05:45;˜˜˜˜˜˜˜˜˜˜ ˜˜˜;LWR
1561;168766144;F;24;˜˜;0;2022-06-29;2022-06-30 22:25:11;0;LWR
1562;259645789;F;49;˜˜;925;2024-10-09;2024-10-09 11:44:32;˜˜˜˜˜˜˜˜˜˜˜˜ ˜˜˜˜;LWR
1563;754005453;F;59;˜˜;490;2023-08-21;2023-08-22 11:01:28;˜˜˜˜˜˜˜˜˜˜˜ ˜˜˜˜˜˜˜ - ˜˜˜˜˜˜˜;LWR
1564;282742530;F;23;˜˜;0;2020-09-21;2020-09-22 10:52:59;˜˜˜˜˜˜˜˜ ˜˜˜˜;LWR
1565;1049636068;F;29;˜˜;555;2022-03-04;2022-03-04 07:21:26;˜˜˜˜˜˜˜˜˜˜˜ ˜˜˜˜;LWR
1566;633543790;F;29;˜˜;462;2021-04-01;2022-04-28 12:00:04;˜˜˜˜˜˜˜˜˜˜˜˜˜ ˜˜˜;LWR
1567;249269513;M;41;˜˜;694;2020-10-24;2021-03-07 11:48:23;˜˜˜˜˜˜˜˜ ˜˜˜˜;LWR
1568;900706012;F;36;˜˜;0;2024-02-13;2024-02-15 11:33:42;˜˜˜˜˜˜˜˜˜ ˜˜˜;LWR
1569;1034402827;M;38;˜˜;1851;2018-08-13;2018-08-17 14:08:14;˜˜˜˜ ˜˜˜˜˜˜˜˜˜-˜˜˜˜˜˜˜˜˜˜;LWR
1570;335398663;M;51;˜˜;0;2022-02-28;2022-02-28 16:46:14;˜˜˜˜˜˜˜˜˜˜˜˜˜˜˜ ˜˜˜;LWR
1571;586720914;F;37;˜˜;1388;2022-10-04;2022-10-04 17:33:29;˜˜˜˜˜˜˜˜˜˜˜˜˜ ˜˜˜;LWR
1572;796665877;F;41;˜˜;1462;2016-05-02;2016-06-03 11:17:10;˜˜˜˜˜˜˜˜˜˜˜˜ ˜˜˜˜;LWR
1573;360810889;F;54;˜˜;509;2022-01-10;2023-02-02 21:17:54;˜ ˜˜˜˜˜-˜˜˜˜˜˜˜˜˜;LWR
1574;1016697901;M;36;˜˜;925;2016-11-25;2016-12-06 15:23:50;˜˜˜˜˜˜˜˜˜˜˜˜˜ ˜˜˜˜;LWR
1575;806649236;F;30;˜˜;1111;2019-02-26;2019-02-24 02:47:53;˜ ˜˜˜˜˜-˜˜˜˜˜˜˜˜˜;LWR
1576;538815597;M;35;˜˜;1805;2022-03-15;2022-03-15 15:27:53;˜˜˜˜˜˜˜˜˜˜ ˜˜˜;LWR
1577;1159340329;F;38;˜˜;1625;2024-11-14;2024-11-14 07:35:23;0;LWR
1578;1205610772;F;21;˜˜;926;2021-06-28;2024-04-10 13:07:03;˜˜˜˜˜˜˜˜˜˜˜˜˜ ˜˜˜;LWR
1579;643024138;M;27;˜˜;851;2019-02-01;2019-02-04 13:42:30;˜˜˜˜˜˜˜˜˜˜ ˜˜˜;LWR
1580;391670772;M;49;˜˜;2407;2016-11-17;2016-11-21 17:46:37;˜˜˜˜˜˜˜˜˜˜ ˜˜˜;MED
1581;120283300;F;65;˜˜;0;2021-04-13;2022-02-19 21:09:37;˜˜˜˜˜˜˜˜˜˜ ˜˜˜;LWR
1582;5020093;F;32;˜˜;740;2020-02-10;2020-02-11 13:27:44;˜ ˜˜˜˜˜-˜˜˜˜˜˜˜˜˜;LWR
1583;757421292;M;40;˜˜;740;2018-03-10;2022-03-16 13:09:40;˜˜˜˜˜˜˜˜˜˜˜˜ ˜˜˜;LWR
1584;761940950;F;43;˜˜;925;2023-07-17;2023-07-17 19:21:12;˜˜˜˜˜˜˜˜˜ ˜˜˜;LWR
1585;848389340;F;29;˜˜;370;2020-09-10;2020-09-11 06:37:23;˜˜˜˜˜˜˜˜˜ ˜˜˜;LWR
1586;870771129;F;32;˜˜;0;2023-10-09;2023-10-11 11:02:03;0;LWR
1587;337976263;M;24;˜˜;1203;2020-06-18;2020-06-18 14:52:45;˜˜˜˜˜-˜˜˜˜˜˜˜˜˜˜ ˜˜˜˜˜˜˜˜˜˜ ˜˜˜˜˜ - ˜˜˜˜ ˜˜;LWR
1588;374593398;M;31;˜˜;740;2018-08-06;2018-08-07 11:04:09;˜˜˜˜˜˜˜˜˜˜˜˜ ˜˜˜;LWR
1589;1031230363;M;58;˜˜;2777;2021-05-30;2021-11-09 14:24:47;˜˜˜˜˜˜˜˜˜˜˜˜˜ ˜˜˜˜;LWR
1590;1056427891;M;49;˜˜;0;2024-02-02;2025-01-22 21:36:25;˜˜˜˜˜˜˜˜˜˜ ˜˜˜;LWR
1591;1027286852;F;47;˜˜;0;2022-02-28;2022-02-28 14:44:50;0;LWR
1592;358707714;F;23;˜˜;1203;2020-09-23;2020-09-23 17:01:47;˜˜˜˜˜˜˜˜˜˜˜˜ ˜˜˜˜;LWR
1593;998130861;M;51;˜˜;462;2016-06-22;2016-07-15 15:44:19;˜˜˜˜˜˜˜˜˜˜˜˜˜ ˜˜˜;LWR
1594;1146836350;F;37;˜˜;555;2017-04-12;2022-01-27 18:23:40;˜˜˜˜˜˜˜˜˜˜˜˜˜ ˜˜˜˜;LWR
1595;734142539;F;49;˜˜;694;2018-06-04;2018-06-05 11:44:04;˜ ˜˜˜˜˜˜;LWR
1596;943813592;M;27;˜˜;0;2021-02-06;2021-02-07 12:37:52;˜˜˜˜˜˜˜˜˜ ˜˜˜;LWR
1597;1172066146;M;62;˜˜;0;2017-10-12;2017-10-16 15:40:10;˜ ˜˜˜˜˜-˜˜˜˜˜˜˜˜˜;LWR
1598;168353227;F;41;˜˜;0;2023-06-15;2023-06-15 21:27:02;0;LWR
1599;938427582;F;43;˜˜;648;2017-06-27;2017-06-30 17:19:37;˜˜˜˜˜˜˜˜˜˜˜˜˜ ˜˜˜;LWR
1600;860958361;M;20;˜˜;370;2021-06-24;2025-01-29 05:32:43;˜˜˜˜˜˜˜˜ ˜˜˜;LWR
1601;781718489;F;21;˜˜;185;2022-10-08;2024-04-11 18:15:06;˜˜˜˜˜˜˜˜˜˜˜ ˜˜˜;LWR
1602;300045023;M;35;˜˜;0;2016-10-28;2016-11-05 14:29:50;˜˜˜ ˜˜˜˜˜˜˜˜˜˜˜;LWR
1603;850541794;M;55;˜˜;462;2024-06-18;2024-06-24 09:39:22;˜˜˜˜˜˜˜˜˜˜˜ ˜˜˜;LWR
1604;325437132;F;68;˜˜;1388;2023-03-01;2023-03-01 11:09:19;0;LWR
1605;683767879;F;22;˜˜;740;2022-11-12;2022-11-13 03:04:45;˜˜˜˜˜˜˜˜˜˜˜˜˜ ˜˜˜˜;LWR
1606;604930872;M;33;˜˜;2314;2020-02-21;2020-02-22 13:53:19;˜˜˜˜˜˜˜˜˜˜ ˜˜˜;LWR
1607;1155055160;M;59;˜˜;1481;2017-06-05;2017-06-06 15:16:27;˜ ˜˜˜˜˜˜;LWR
1608;757084861;F;38;˜˜;740;2022-11-25;2023-05-02 13:14:47;˜˜˜˜˜˜˜˜˜ ˜˜˜˜;LWR
1609;31429028;F;47;˜˜;222;2022-05-29;2022-05-29 13:22:48;˜˜˜˜˜˜˜˜˜˜˜ ˜˜˜;LWR
1610;1052298133;F;44;˜˜;740;2024-06-30;2024-06-30 18:04:31;˜˜˜˜˜˜˜˜˜˜˜˜ ˜˜˜;LWR
1611;701066503;M;59;˜˜;4629;2019-03-25;2019-03-26 17:52:23;˜ ˜˜˜˜˜˜;LWR
1612;862743678;M;28;˜˜;1814;2018-10-22;2022-02-12 02:04:02;˜˜˜˜˜˜˜˜˜˜˜˜ ˜˜˜;MED
1613;1160667586;F;40;˜˜;740;2020-10-19;2023-02-12 14:33:03;˜˜˜˜˜˜˜˜˜ ˜˜˜˜˜˜˜˜˜˜ - ˜˜˜˜˜˜˜;LWR
1614;779653787;M;27;˜˜;555;2021-12-01;2022-02-14 14:28:07;˜˜˜˜ ˜˜˜˜˜˜˜˜˜;LWR
1615;153026257;M;20;˜˜;481;2022-02-03;2023-03-07 08:20:13;˜˜˜˜ ˜˜˜˜˜˜˜˜˜;LWR
1616;128219713;F;47;˜˜;925;2020-06-11;2023-08-01 09:52:16;˜˜˜˜ ˜˜˜˜˜˜˜˜˜;LWR
1617;1171163168;F;50;˜˜;0;2018-12-15;2018-12-22 18:17:34;˜˜˜˜˜˜˜˜˜˜˜˜ ˜˜˜˜;LWR
1618;221588645;M;30;˜˜;1574;2019-08-01;2019-08-09 17:53:05;˜˜˜˜˜˜˜˜˜ ˜˜˜;LWR
1619;1163319143;F;39;˜˜;3571;2020-08-27;2020-09-01 13:13:39;˜˜˜˜˜˜˜˜˜˜˜˜ ˜˜˜;LWR
1620;1139966864;F;29;˜˜;500;2024-09-17;2020-11-18 11:08:45;˜˜˜˜˜˜˜˜ ˜˜˜;LWR
1621;975066519;M;18;˜˜;37;2022-06-01;2022-06-01 19:43:47;0;LWR
1622;274863834;M;27;˜˜˜˜˜˜˜˜˜˜˜;0;2023-04-02;2023-04-03 03:57:45;˜˜˜˜˜˜˜˜˜˜ ˜˜˜;LWR
1623;1018694911;F;22;˜˜;416;2021-12-02;2023-06-21 19:40:04;˜ ˜˜˜˜˜-˜˜˜˜˜˜˜˜˜;LWR
1624;757107456;M;54;˜˜;648;2024-11-11;2024-11-12 15:02:56;˜˜˜˜˜˜˜˜˜˜ ˜˜˜˜ /˜˜˜˜˜˜/;LWR
1625;529621886;F;47;˜˜;3518;2012-07-25;2020-04-07 11:27:10;˜˜˜˜˜˜˜˜˜˜˜ ˜˜˜;MED
1626;393378339;M;47;˜˜;277;2016-07-23;2018-11-16 10:33:40;˜˜˜˜˜˜˜˜ ˜˜˜˜;LWR
1627;395182587;M;44;˜˜;509;2011-04-13;2020-08-19 06:58:24;˜˜˜˜˜˜˜˜ ˜˜˜˜;LWR
1628;777688234;F;49;˜˜;879;2023-01-31;2023-01-31 08:19:52;˜˜˜˜˜˜˜˜ ˜˜˜;LWR
1629;1049512177;F;21;˜˜;944;2020-12-13;2023-10-09 10:09:31;˜˜˜˜˜˜˜˜˜ ˜˜˜;LWR
1630;904671567;F;40;˜˜;1574;2014-10-29;2020-07-11 20:14:55;˜˜˜˜˜˜˜˜˜˜ ˜˜˜;LWR
1631;863058171;M;47;˜˜;1203;2016-10-19;2024-06-05 02:22:21;˜˜˜˜˜˜˜˜ ˜˜˜;LWR
1632;149251968;M;57;˜˜;555;2021-12-16;2021-12-22 22:03:04;˜˜˜˜˜˜˜˜˜˜ ˜˜˜;LWR
1633;562740138;M;31;˜˜;2777;2021-03-16;2021-03-17 10:47:46;˜˜˜˜˜˜˜˜ ˜˜;LWR
1634;746489968;F;35;˜˜;8333;2022-05-29;2022-05-31 11:24:36;˜˜˜˜˜˜˜˜˜˜ ˜˜˜;LWR
1635;645197261;M;26;˜˜;972;2023-12-06;2023-12-06 15:16:22;˜˜˜˜˜˜˜˜˜˜˜ ˜˜˜;LWR
1636;741321664;F;52;˜˜;370;2022-12-06;2022-12-07 18:59:25;˜ ˜˜˜˜˜˜;LWR
1637;1077585680;M;32;˜˜;3333;2017-04-27;2017-04-27 20:45:13;˜ ˜˜˜˜˜-˜˜˜˜˜˜˜˜˜;LWR
1638;1248193508;M;34;˜˜;555;2024-07-20;2024-08-09 16:51:52;˜˜˜˜˜˜˜˜˜˜˜˜ ˜˜˜;LWR
1639;1201342209;M;26;˜˜;1111;2022-02-07;2022-02-09 00:00:10;˜ ˜˜˜˜˜˜;LWR
1640;900222197;F;52;˜˜;0;2024-01-30;2024-02-03 11:14:06;0;LWR
1641;264524471;M;19;˜˜;462;2022-10-12;2022-10-12 12:33:55;0;LWR
1642;735161993;F;40;˜˜;925;2022-11-03;2022-11-07 11:49:52;˜˜˜˜˜˜˜˜˜˜ ˜˜˜;LWR
1643;341827167;F;39;˜˜;462;2025-02-10;2025-02-10 18:25:42;0;LWR
1644;1009338270;M;47;˜˜;740;2016-03-24;2023-03-21 22:11:00;˜˜˜˜˜˜˜˜˜˜˜˜ ˜˜˜;LWR
1645;306442617;M;39;˜˜;833;2021-06-02;2022-02-10 15:19:24;˜˜˜˜˜˜˜˜˜˜ ˜˜˜;LWR
1646;1050081695;F;36;˜˜;777;2018-11-20;2019-03-13 12:35:10;˜ ˜˜˜˜˜-˜˜˜˜˜˜˜˜˜;LWR
1647;604953990;F;74;˜˜;0;2022-06-07;2022-06-14 20:06:11;˜˜˜˜˜˜˜˜˜˜ ˜˜˜;LWR
1648;540952353;F;28;˜˜;2500;2017-02-22;2021-06-15 07:49:58;˜ ˜˜˜˜˜˜;LWR
1649;554883512;M;58;˜˜;740;2019-12-21;2019-12-24 15:25:34;˜ ˜˜˜˜˜-˜˜˜˜˜˜˜˜˜;LWR
1650;540522681;F;38;˜˜;1620;2020-04-01;2020-04-03 15:14:26;˜˜˜˜˜˜˜˜˜˜ ˜˜˜;LWR
1651;903552349;F;30;˜˜;462;2021-02-13;2021-02-15 22:36:00;˜˜˜˜˜˜˜˜˜˜ ˜˜˜;LWR
1652;1175234732;M;27;˜˜;740;2018-09-19;2018-12-02 10:13:56;˜˜˜˜˜˜˜˜˜˜˜˜˜ ˜˜˜;LWR
1653;592265565;F;50;˜˜;555;2018-10-03;2023-10-07 11:19:22;˜˜˜˜˜˜˜˜ ˜˜˜˜;LWR
1654;214820509;F;38;˜˜;925;2022-05-17;2022-05-17 12:51:39;˜ ˜˜˜˜˜˜;LWR
1655;702931987;F;34;˜˜;462;2017-06-23;2017-06-26 16:46:49;˜˜˜˜˜˜˜˜ ˜˜˜;LWR
1656;938915065;M;44;˜˜;4629;2020-06-06;2020-06-06 13:54:27;˜˜˜˜˜˜˜˜˜˜ ˜˜˜;LWR
1657;689837672;M;60;˜˜;1574;2021-02-11;2021-03-02 14:03:07;˜˜˜˜˜˜˜˜˜˜˜˜˜ ˜˜˜;LWR
1658;404130772;F;20;˜˜;416;2022-03-31;2022-03-31 11:48:53;˜˜˜˜ ˜˜˜˜˜˜˜˜˜˜;LWR
1659;1212573909;F;29;˜˜;462;2022-03-24;2022-03-24 13:15:35;˜˜˜˜˜˜˜˜˜˜ ˜˜˜;LWR
1660;587191801;M;32;˜˜;1388;2017-05-05;2017-05-11 16:21:14;˜˜˜˜˜˜˜˜˜ ˜˜˜;LWR
1661;859724318;M;35;˜˜;0;2020-07-17;2020-07-17 14:17:44;˜˜˜˜˜˜˜˜˜˜˜ ˜˜˜;LWR
1662;610042075;F;56;˜˜;0;2024-10-28;2024-11-05 14:20:34;˜˜˜˜˜˜˜˜ ˜˜˜;LWR
1663;632351327;F;29;˜˜;648;2021-06-18;2022-03-06 17:00:57;˜ ˜˜˜˜˜˜;LWR
1664;729278300;F;37;˜˜;1388;2020-10-24;2020-09-20 11:30:36;˜˜˜˜ ˜˜˜˜˜˜˜˜˜˜˜˜;LWR
1665;639248754;F;27;˜˜;231;2021-04-03;2021-04-03 01:29:34;˜˜˜˜˜˜˜˜˜˜ ˜˜˜;LWR
1666;1055122688;M;37;˜˜;1851;2020-02-15;2020-02-16 11:02:40;˜˜˜˜˜˜˜˜˜˜ ˜˜˜;LWR
1667;164944332;F;34;˜˜;879;2021-03-10;2021-03-17 10:04:41;˜˜˜˜ ˜˜˜˜˜˜˜˜˜;LWR
1668;863965655;F;42;˜˜;481;2022-09-08;2022-09-08 13:51:31;˜˜˜˜˜˜˜ ˜˜˜;LWR
1669;998331227;M;35;˜˜;0;2024-02-10;2024-02-12 09:52:05;˜˜˜˜˜˜˜˜˜˜˜˜ ˜˜˜˜;LWR
1670;1127878306;M;39;˜˜;0;2023-07-26;2023-07-26 14:46:46;˜ ˜˜˜˜˜˜;LWR
1671;689221131;M;43;˜˜;0;2020-08-14;2017-04-10 21:14:13;˜˜˜˜˜˜˜˜˜˜˜˜˜ ˜˜˜˜;LWR
1672;610993650;M;38;˜˜;925;2021-05-28;2021-05-29 10:52:57;˜˜˜˜˜˜˜˜˜˜˜˜˜ ˜˜˜;LWR
1673;682160013;M;26;˜˜;0;2017-08-23;2023-04-19 19:03:42;˜˜˜˜˜˜˜˜˜˜˜˜˜ ˜˜˜;LWR
1674;907203887;M;42;˜˜;407;2021-04-03;2023-04-15 10:50:11;˜ ˜˜˜˜˜-˜˜˜˜˜˜˜˜˜;LWR
1675;325820154;F;39;˜˜;1388;2017-04-26;2017-05-01 11:50:20;˜ ˜˜˜˜˜-˜˜˜˜˜˜˜˜˜;LWR
1676;766085450;M;44;˜˜;2314;2013-11-27;2013-11-30 18:25:28;˜˜˜˜˜˜˜˜˜˜ ˜˜˜;LWR
1677;672259534;M;27;˜˜;0;2024-01-06;2024-01-06 21:31:45;0;LWR
1678;372464912;F;44;˜˜;925;2020-08-07;2020-08-09 15:23:01;˜˜˜˜˜˜˜˜˜˜˜˜ ˜˜˜;LWR
1679;17839619;F;41;˜˜;2546;2019-01-15;2019-01-25 11:30:46;˜˜˜˜˜˜˜˜˜˜˜˜ ˜˜˜;LWR
1680;608393391;F;38;˜˜;925;2017-07-20;2017-07-26 11:09:11;˜ ˜˜˜˜˜˜;LWR
1681;808102804;M;58;˜˜;0;2024-12-19;2024-12-25 11:22:13;˜˜˜˜˜˜˜˜˜˜ ˜˜˜;LWR
1682;321094801;M;47;˜˜;925;2021-10-29;2022-03-19 15:56:30;˜˜˜˜˜˜˜˜ ˜˜˜;LWR
1683;788260467;F;19;˜˜;1388;2022-06-04;2022-06-08 09:27:17;˜˜˜˜˜˜˜˜˜˜˜ ˜˜˜;LWR
1684;428804155;M;39;˜˜;0;2017-06-13;2017-06-30 09:14:29;˜˜˜˜˜˜˜˜˜˜ ˜˜˜;LWR
1685;386708828;M;62;˜˜;0;2022-06-20;2022-06-20 08:03:33;0;LWR
1686;266740139;M;24;˜˜;925;2020-07-04;2020-07-04 17:23:33;˜˜˜˜˜˜˜˜˜˜˜˜ ˜˜˜;LWR
1687;123896231;M;30;˜˜;1388;2020-06-02;2020-06-03 11:48:40;˜˜˜˜˜˜˜˜˜˜˜ ˜˜˜;LWR
1688;1217191405;M;36;˜˜;1111;2019-06-01;2019-06-03 12:00:16;˜˜˜˜˜˜˜˜˜˜ ˜˜˜;LWR
1689;510271076;M;63;˜˜;0;2024-09-20;2024-09-20 15:32:41;0;LWR
1690;346249877;F;24;˜˜;555;2021-02-16;2021-02-17 00:07:13;˜˜˜˜˜˜˜˜˜˜ ˜˜˜;LWR
1691;544822877;M;39;˜˜;509;2021-03-31;2021-03-30 16:19:29;˜˜˜˜˜˜˜˜˜ ˜˜˜;LWR
1692;135226472;M;36;˜˜;1527;2019-03-24;2019-03-27 20:03:46;˜ ˜˜˜˜˜˜;LWR
1693;277149465;F;44;˜˜;648;2024-02-02;2024-02-04 19:14:59;˜˜˜˜˜˜˜˜˜˜ ˜˜˜;LWR
1694;966692277;M;56;˜˜;1111;2017-04-06;2017-04-10 15:10:41;˜˜˜˜ ˜˜˜˜˜˜˜˜˜˜˜˜;LWR
1695;608937403;M;28;˜˜˜˜˜˜˜˜;3240;2021-08-19;2022-02-08 16:58:22;˜ ˜˜˜˜˜˜;LWR
1696;1165803645;M;48;˜˜;648;2014-12-10;2022-02-08 09:08:43;˜˜˜˜˜˜˜˜˜˜˜˜˜ ˜˜˜;LWR
1697;763522223;F;45;˜˜;277;2009-10-08;2022-02-16 00:01:31;˜˜˜˜˜˜˜˜˜˜ ˜˜˜˜;LWR
1698;1052969673;F;24;˜˜;925;2022-07-08;2022-07-08 14:08:50;˜˜˜˜˜˜˜ ˜˜˜;LWR
1699;296488748;F;19;˜˜;555;2023-11-05;2023-11-07 14:47:06;˜˜˜˜˜˜˜˜˜˜˜˜ ˜˜˜;LWR
1700;1063997943;F;52;˜˜;833;2021-11-05;2022-02-08 14:05:51;˜˜˜˜˜-˜˜˜˜˜˜˜˜˜˜ ˜˜˜˜˜˜˜˜˜˜ ˜˜˜˜˜ - ˜˜˜˜ ˜˜;LWR
1701;756637218;M;40;˜˜;925;2025-01-17;2025-01-17 11:31:49;˜˜˜˜˜˜˜˜˜˜˜ ˜˜˜˜˜˜˜ - ˜˜˜˜˜˜˜;LWR
1702;640719649;F;20;˜˜;1388;2020-12-19;2020-12-20 10:25:11;˜˜˜˜˜˜˜˜˜˜˜˜˜ ˜˜˜˜;LWR
1703;775314310;M;53;˜˜;1388;2023-06-08;2023-06-08 17:54:11;˜˜˜˜˜˜˜˜˜˜ ˜˜˜;LWR
1704;237849137;F;56;˜˜;562;2023-10-01;2023-10-01 17:43:58;˜˜˜˜˜˜˜˜˜˜˜˜ ˜˜˜˜;LWR
1705;665304256;F;40;˜˜;0;2020-06-22;2023-11-07 17:09:47;˜˜˜˜˜˜˜˜˜˜ ˜˜˜;LWR
1706;960321740;M;24;˜˜;0;2020-07-11;2020-07-11 22:32:51;˜ ˜˜˜˜˜˜;LWR
1707;262037713;M;29;˜˜;833;2022-07-23;2022-07-23 20:34:04;˜˜˜˜˜˜˜˜˜ ˜˜˜˜;LWR
1708;728741825;F;29;˜˜;0;2023-11-25;2023-11-25 17:14:48;0;LWR
1709;1054752444;M;48;˜˜;925;2022-01-08;2022-02-09 10:25:42;˜ ˜˜˜˜˜-˜˜˜˜˜˜˜˜˜;LWR
1710;960635533;M;41;˜˜;0;2024-12-14;2024-12-14 09:38:35;˜˜˜˜˜˜˜˜˜˜˜˜˜ ˜˜˜;LWR
1711;1147909620;F;34;˜˜;462;2019-09-24;2019-10-03 10:43:23;˜˜˜˜˜˜˜˜˜˜˜˜ ˜˜˜;LWR
1712;1229921984;M;34;˜˜;370;2021-01-19;2021-01-21 18:05:45;˜ ˜˜˜˜˜˜;LWR
1713;1209249127;F;38;˜˜;1851;2020-08-12;2020-08-14 13:18:05;˜˜˜˜˜˜˜˜˜˜ ˜˜˜;LWR
1714;1034319782;F;23;˜˜;1018;2021-08-07;2021-08-08 06:49:06;˜˜˜˜˜˜ ˜˜˜;LWR
1715;1217278066;F;49;˜˜;611;2011-04-21;2019-02-02 15:21:56;˜˜˜˜˜˜˜˜ ˜˜˜;LWR
1716;369022326;M;26;˜˜;92;2022-06-27;2022-06-27 23:07:52;˜˜˜˜˜˜˜˜˜˜ ˜˜˜;LWR
1717;625071567;F;42;˜˜;370;2020-10-10;2022-02-08 07:28:14;˜˜˜˜˜˜˜˜˜˜˜˜ ˜˜˜;LWR
1718;827268299;M;35;˜˜;0;2022-03-14;2022-03-15 09:13:39;˜˜˜˜˜˜˜˜˜˜˜˜ ˜˜˜˜;LWR
1719;861430352;M;26;˜˜;833;2019-04-28;2022-10-16 18:34:17;˜˜˜˜˜˜˜˜˜˜ ˜˜˜;LWR
1720;393762723;F;39;˜˜;925;2018-09-29;2018-10-02 21:43:38;˜ ˜˜˜˜˜-˜˜˜˜˜˜˜˜˜;LWR
1721;798393415;M;35;˜˜;0;2014-02-07;2018-12-04 10:38:59;˜ ˜˜˜˜˜˜;LWR
1722;532774424;M;25;˜˜˜˜˜˜˜˜˜˜;0;2021-10-28;2022-02-15 11:23:18;˜˜˜˜˜˜˜ ˜˜˜;LWR
1723;747556102;F;23;˜˜;1388;2024-07-04;2024-07-04 23:57:44;0;LWR
1724;745499008;M;23;˜˜;0;2022-12-07;2022-12-07 21:50:59;0;LWR
1725;610016037;M;47;˜˜;0;2021-07-11;2022-02-08 07:32:45;0;LWR
1726;293849754;F;55;˜˜;9259;2014-02-01;2014-04-10 13:19:25;˜ ˜˜˜˜˜˜;LWR
1727;893371780;F;27;˜˜;925;2024-11-25;2024-10-29 15:24:59;˜˜˜˜ ˜˜˜˜˜˜˜˜˜;LWR
1728;1156332746;F;58;˜˜;0;2023-03-10;2023-03-10 19:23:01;0;LWR
1729;142629055;F;29;˜˜;1388;2020-01-09;2020-01-15 21:07:44;˜ ˜˜˜˜˜-˜˜˜˜˜˜˜˜˜;LWR
1730;219502664;M;25;˜˜;462;2021-10-25;2022-02-08 15:41:05;˜˜˜˜ ˜˜˜˜˜˜˜˜˜˜;LWR
1731;731755008;M;54;˜˜;0;2021-04-26;2021-04-30 15:07:50;0;LWR
1732;802599425;F;53;˜˜;786;2011-08-01;2022-02-24 18:04:27;˜˜˜˜˜˜˜˜˜˜ ˜˜˜;LWR
1733;602118611;F;34;˜˜;2314;2016-04-22;2016-05-04 14:11:25;˜ ˜˜˜˜˜˜;LWR
1734;517446500;M;27;˜˜˜˜˜˜˜˜˜;0;2025-01-11;2025-01-11 11:02:00;˜ ˜˜˜˜˜-˜˜˜˜˜˜˜˜˜;LWR
1735;781636190;F;31;˜˜;0;2018-06-27;2023-04-02 13:57:42;˜˜˜˜˜˜˜˜˜˜˜˜˜ ˜˜˜˜;LWR
1736;356031585;F;51;˜˜;0;2023-03-21;2023-03-21 11:42:58;0;LWR
1737;893427052;M;30;˜˜;462;2021-08-19;2021-09-01 12:56:57;˜˜˜˜˜˜˜˜ ˜˜˜;LWR
1738;899985284;F;21;˜˜;1574;2020-12-03;2020-12-07 16:42:48;˜˜˜˜˜˜˜˜˜˜˜˜˜ ˜˜˜˜;LWR
1739;546497667;F;36;˜˜;1851;2018-11-06;2018-12-03 14:16:14;˜ ˜˜˜˜˜˜;LWR
1740;795504853;M;47;˜˜;740;2011-06-10;2022-02-13 18:15:03;˜˜˜˜˜˜˜˜˜˜˜˜ ˜˜˜˜;LWR
1741;970826331;M;36;˜˜;1388;2013-06-09;2013-06-13 15:49:37;˜˜˜˜˜˜˜˜˜˜ ˜˜˜˜;LWR
1742;638636049;M;57;˜˜;1203;2020-07-31;2020-08-17 05:25:54;˜˜˜˜˜˜˜˜˜ ˜˜˜;LWR
1743;722916786;M;17;˜˜;0;2022-02-14;2022-02-14 01:04:55;0;LWR
1744;696587960;M;53;˜˜;0;2017-11-16;2017-11-23 08:58:50;˜˜˜˜˜˜˜˜˜ ˜˜˜;LWR
1745;1129604392;F;42;˜˜;925;2015-02-17;2015-02-19 15:21:03;˜˜˜˜˜˜˜˜˜ ˜˜˜;LWR
1746;756502679;F;25;˜˜;138;2021-10-21;2022-02-08 20:38:43;˜˜˜˜˜˜˜˜˜˜ ˜˜˜;LWR
1747;629035618;F;51;˜˜;0;2021-06-15;2023-12-12 06:42:29;0;LWR
1748;1185205851;F;59;˜˜;740;2015-06-08;2017-11-23 18:25:09;˜˜˜˜˜˜˜˜˜˜˜˜˜ ˜˜˜˜;LWR
1749;397987541;M;42;˜˜;740;2017-02-15;2018-03-24 00:40:48;˜˜˜˜˜˜˜˜˜˜ ˜˜˜;LWR
1750;168180978;M;26;˜˜;0;2020-03-24;2020-04-27 21:06:57;˜˜˜˜˜˜˜˜˜ ˜˜˜;LWR
1751;840987022;M;66;˜˜;555;2024-03-03;2024-03-03 22:38:34;˜ ˜˜˜˜˜-˜˜˜˜˜˜˜˜˜;LWR
1752;759784754;M;34;˜˜;0;2023-08-17;2023-08-17 12:02:40;0;LWR
1753;625632286;F;58;˜˜;925;2019-01-12;2019-01-22 11:31:50;˜˜˜˜˜˜˜˜˜˜˜˜ ˜˜˜;LWR
1754;371498611;M;24;˜˜;694;2021-10-23;2022-02-10 18:00:19;˜˜˜˜˜˜˜˜˜ ˜˜˜;LWR
1755;973589569;F;34;˜˜;509;2018-02-14;2020-07-16 13:23:41;˜˜˜˜ ˜˜˜˜˜˜˜;LWR
1756;150226084;M;41;˜˜;925;2017-07-06;2022-04-28 12:27:59;˜˜˜˜˜˜˜˜˜˜ ˜˜˜;LWR
1757;684241186;M;19;˜˜;1851;2022-11-28;2022-11-28 13:29:32;0;LWR
1758;864412634;M;32;˜˜;0;2020-09-22;2020-09-22 14:48:53;0;LWR
1759;1086715599;F;50;˜˜;1574;2018-08-17;2019-11-08 22:32:17;˜˜˜˜˜˜˜˜˜˜˜˜˜ ˜˜˜;LWR
1760;261533024;M;46;˜˜;0;2014-04-22;2020-03-01 12:49:32;˜˜˜˜˜˜˜˜˜˜˜˜˜ ˜˜˜˜;LWR
1761;866260432;F;37;˜˜;0;2021-08-12;2022-02-11 21:27:52;˜˜˜˜˜˜˜˜˜˜ ˜˜˜;LWR
1762;590202372;F;17;˜˜;0;2021-12-07;2022-02-09 16:12:31;0;LWR
1763;759337932;F;33;˜˜;740;2018-05-10;2018-05-14 11:40:08;˜˜˜˜˜˜˜˜˜ ˜˜˜;LWR
1764;961254379;F;33;˜˜;0;2023-12-28;2024-02-20 14:01:38;˜˜˜˜˜˜˜˜˜ ˜˜˜˜;LWR
1765;540631250;M;44;˜˜;462;2021-11-15;2022-02-22 09:58:08;˜˜˜˜˜˜˜˜˜˜˜˜˜ ˜˜˜;LWR
1766;133615368;F;47;˜˜;620;2025-02-20;2023-11-26 07:57:36;˜˜˜˜˜˜˜˜˜˜˜ ˜˜˜˜˜˜˜ - ˜˜˜˜˜˜˜;LWR
1767;909084993;M;37;˜˜;416;2012-02-20;2020-07-03 12:39:27;˜ ˜˜˜˜˜˜;LWR
1768;76483127;F;26;˜˜;333;2022-04-17;2022-04-17 18:49:57;˜˜˜˜ ˜˜˜˜˜˜˜˜˜;LWR
1769;725071604;F;58;˜˜;0;2024-05-30;2024-06-01 11:31:02;˜˜˜˜ ˜˜˜˜˜˜˜˜ ˜˜˜˜˜˜ - ˜˜˜˜˜˜;LWR
1770;293185730;M;34;˜˜;1388;2012-06-05;2012-06-15 22:31:35;˜˜˜˜˜˜ ˜˜˜;LWR
1771;540495847;F;32;˜˜;370;2021-06-25;2022-02-10 15:26:20;˜ ˜˜˜˜˜˜;LWR
1772;116639961;F;40;˜˜;870;2021-03-02;2022-10-27 18:58:36;˜˜˜˜˜˜˜˜˜˜˜ ˜˜˜;LWR
1773;251030310;M;68;˜˜;0;2013-10-27;2013-10-28 14:18:57;˜˜˜˜˜˜˜˜˜˜ ˜˜˜;LWR
1774;379107153;F;53;˜˜;0;2020-03-27;2020-03-31 13:45:03;˜˜˜˜˜˜˜˜ ˜˜˜;LWR
1775;951613334;M;23;˜˜;694;2020-04-13;2020-04-14 21:15:19;˜˜˜˜˜˜˜˜˜˜˜ ˜˜˜;LWR
1776;289689047;F;26;˜˜;462;2021-02-22;2021-02-25 12:03:42;˜ ˜˜˜˜˜˜;LWR
1777;856389962;M;58;˜˜;601;2024-03-28;2024-03-28 15:32:41;˜˜˜˜˜˜˜˜ ˜˜˜;LWR
1778;895197171;F;32;˜˜;555;2022-01-23;2022-02-08 22:19:33;˜˜˜˜˜˜˜˜˜˜˜˜˜ ˜˜˜;LWR
1779;370785226;F;30;˜˜;416;2024-10-03;2024-10-06 06:45:06;˜˜˜˜ ˜˜˜˜˜˜˜;LWR
1780;387238536;M;39;˜˜;462;2020-06-30;2020-12-02 10:50:33;˜˜˜˜˜˜˜˜˜˜˜˜˜ ˜˜˜˜;LWR
1781;943300842;M;27;˜˜;1037;2021-05-29;2022-02-08 17:48:30;˜˜˜˜˜˜˜˜˜˜˜˜˜ ˜˜˜˜;LWR
1782;756954229;M;32;˜˜˜˜˜˜˜˜;462;2022-10-18;2023-05-01 09:48:44;˜˜˜˜˜˜˜˜˜˜˜˜ ˜˜˜;LWR
1783;826680454;F;19;˜˜;787;2022-08-01;2022-08-03 18:31:25;˜˜˜˜˜˜˜˜˜˜ ˜˜˜;LWR
1784;1793884;M;37;˜˜;1666;2015-03-17;2015-03-18 12:00:39;˜ ˜˜˜˜˜-˜˜˜˜˜˜˜˜˜;LWR
1785;397526983;F;42;˜˜˜˜˜˜˜;0;2024-05-13;2024-05-18 12:29:31;˜˜˜˜˜˜˜˜˜˜˜˜˜ ˜˜˜˜;LWR
1786;389275138;M;29;˜˜;0;2021-08-25;2022-02-08 18:43:55;˜˜˜˜ ˜˜˜˜˜˜˜˜˜˜˜˜;MED
1787;867615725;F;33;˜˜;462;2024-02-24;2024-02-25 08:33:10;˜ ˜˜˜˜˜˜;LWR
1788;313715922;M;49;˜˜;833;2021-06-22;2021-06-22 21:29:37;˜˜˜˜ ˜˜˜˜˜˜˜˜˜;LWR
1789;506656527;M;47;˜˜;518;2017-12-05;2022-11-28 15:41:02;˜˜˜˜˜˜˜˜˜˜ ˜˜˜;LWR
1790;746469409;M;53;˜˜;925;2018-05-25;2018-05-28 15:49:27;˜˜˜˜˜˜˜˜˜˜ ˜˜˜;LWR
1791;1181360027;F;40;˜˜;462;2022-02-14;2022-02-17 19:32:25;˜˜˜˜˜˜˜˜˜˜˜˜˜ ˜˜˜;LWR
1792;1013899631;M;25;˜˜;0;2022-03-03;2022-03-05 13:41:43;˜ ˜˜˜˜˜-˜˜˜˜˜˜˜˜˜;LWR
1793;322015090;F;35;˜˜;0;2020-12-14;2021-02-03 02:45:41;˜ ˜˜˜˜˜-˜˜˜˜˜˜˜˜˜;LWR
1794;1188706860;M;27;˜˜;601;2020-11-30;2020-11-30 11:11:02;˜ ˜˜˜˜˜˜;LWR
1795;1197558290;F;37;˜˜;324;2020-03-17;2020-04-10 12:19:48;˜˜˜˜ ˜˜˜˜˜˜˜˜˜˜˜˜;LWR
1796;635350940;F;19;˜˜;0;2023-08-31;2023-09-03 12:23:04;0;LWR
1797;1192845546;F;52;˜˜;462;2016-04-05;2016-04-07 13:20:11;˜˜˜˜ ˜˜˜˜˜˜˜˜˜˜˜˜˜;LWR
1798;217107558;M;46;˜˜;1759;2018-01-15;2018-04-27 12:30:42;˜˜˜˜˜˜˜˜˜˜˜˜˜ ˜˜˜;LWR
1799;384173389;F;49;˜˜˜˜˜˜˜˜;0;2022-09-16;2022-09-16 15:16:05;0;LWR
1800;744108776;F;37;˜˜;0;2021-02-14;2021-02-17 21:31:06;0;LWR
1801;161099554;F;37;˜˜;1296;2021-11-15;2022-02-08 14:52:58;˜˜˜˜˜˜˜˜ ˜˜˜;LWR
1802;1000561838;F;22;˜˜;0;2022-10-22;2022-10-22 22:52:06;˜˜˜˜˜˜˜˜˜˜˜ ˜˜˜;LWR
1803;776433921;F;19;˜˜;185;2023-09-28;2023-09-28 12:58:56;˜˜˜˜˜˜˜˜˜˜˜˜˜˜ ˜˜˜˜;LWR
1804;842928528;F;16;˜˜;0;2022-08-25;2022-08-25 19:30:37;0;LWR
1805;222002933;M;37;˜˜;648;2022-02-15;2022-02-17 14:44:59;˜˜˜˜˜˜˜˜˜˜˜˜˜ ˜˜˜;LWR
1806;256360192;F;33;˜˜;0;2021-03-31;2022-02-08 09:21:45;0;LWR
1807;1214272379;F;50;˜˜;1851;2023-06-25;2023-06-25 12:30:17;˜ ˜˜˜˜˜˜;LWR
1808;626652911;F;33;˜˜;0;2020-07-25;2020-07-25 12:45:22;0;LWR
1809;969269474;F;45;˜˜;1481;2019-04-12;2023-02-25 10:49:55;˜˜˜˜˜˜˜˜˜ ˜˜˜;LWR
1810;727974840;F;41;˜˜;452;2023-03-18;2023-03-18 15:36:28;˜˜˜˜˜˜˜˜˜˜˜ ˜˜˜˜;LWR
1811;590582675;M;45;˜˜;2777;2018-10-04;2018-10-05 17:14:46;˜ ˜˜˜˜˜˜;LWR
1812;310881837;F;43;˜˜;324;2019-01-25;2020-07-27 13:31:33;˜˜˜˜˜˜˜˜˜˜ ˜˜˜;LWR
1813;801279442;M;46;˜˜;0;2015-12-26;2016-01-11 17:32:37;˜˜˜˜˜˜˜˜˜˜ ˜˜˜;LWR
1814;547931460;M;18;˜˜;462;2022-10-22;2022-10-22 08:59:35;˜˜˜˜˜˜˜˜˜˜ ˜˜˜;LWR
1815;213069255;M;29;˜˜˜˜˜˜˜˜;0;2021-12-17;2022-01-22 16:57:10;˜˜˜˜˜˜˜˜˜˜ ˜˜˜;LWR
1816;1058707750;F;29;˜˜˜˜˜˜˜˜;0;2025-03-03;2025-03-05 07:38:46;˜˜˜˜˜˜˜˜˜˜˜˜˜ ˜˜˜;MED
1817;865544066;M;17;˜˜;0;2021-08-23;2021-08-26 01:04:59;˜ ˜˜˜˜˜˜;LWR
1818;251429824;F;54;˜˜;0;2018-09-10;2018-09-18 19:34:24;˜˜˜˜˜˜˜˜˜˜˜˜ ˜˜˜;LWR
1819;1066440291;F;30;˜˜;787;2018-06-01;2022-06-05 12:05:06;˜˜˜˜˜˜˜˜˜˜˜˜˜ ˜˜˜˜;LWR
1820;868341031;M;34;˜˜;824;2021-07-12;2025-03-13 15:12:44;˜˜˜˜ ˜˜˜˜˜˜˜˜˜;LWR
1821;269580155;M;28;˜˜;0;2011-10-03;2012-06-26 00:30:08;˜ ˜˜˜˜˜˜;LWR
1822;117098110;M;15;˜˜;0;2024-02-02;2024-02-08 18:15:38;0;LWR
1823;571991456;M;29;˜˜;1388;2021-04-26;2023-06-21 20:14:40;˜˜˜˜˜˜˜˜˜˜˜ ˜˜˜;LWR
1824;300106514;M;33;˜˜;1388;2021-04-20;2021-04-15 13:37:33;˜˜˜˜˜˜˜˜˜˜˜ ˜˜˜;LWR
1825;154495406;F;19;˜˜;2777;2024-03-22;2024-03-22 12:03:09;˜˜˜˜˜˜˜˜˜˜˜ ˜˜˜˜;LWR
1826;141024538;M;17;˜˜;0;2022-12-04;2022-12-04 17:56:24;˜˜˜˜˜˜˜˜˜˜ ˜˜˜;LWR
1827;217107694;M;22;˜˜;462;2021-01-08;2021-01-08 15:09:09;˜˜˜˜˜˜˜˜˜ ˜˜˜;LWR
1828;843840886;M;50;˜˜;370;2021-06-25;2024-06-12 13:11:50;˜˜˜˜˜˜;LWR
1829;897431425;M;33;˜˜;1944;2021-03-20;2021-03-20 12:32:30;˜˜˜˜ ˜˜˜˜˜˜˜˜˜;LWR
1830;1012899400;M;49;˜˜;462;2021-07-05;2021-07-08 08:58:50;˜˜˜˜˜˜˜˜˜˜ ˜˜˜;LWR
1831;321908142;M;56;˜˜;833;2018-08-02;2023-04-26 17:58:50;˜ ˜˜˜˜˜˜;LWR
1832;247467189;F;32;˜˜;370;2022-11-16;2022-11-16 10:51:47;˜˜˜˜˜˜˜˜˜˜˜˜ ˜˜˜;LWR
1833;237655259;F;41;˜˜;1481;2018-11-30;2018-12-10 13:26:24;˜ ˜˜˜˜˜˜;LWR
1834;817209761;F;45;˜˜;787;2021-02-13;2021-02-16 15:15:40;˜ ˜˜˜˜˜-˜˜˜˜˜˜˜˜˜;LWR
1835;739436207;F;46;˜˜;722;2020-04-25;2020-04-28 11:36:20;˜˜˜˜˜˜˜˜˜˜ ˜˜˜;LWR
1836;214849941;F;34;˜˜;0;2024-04-01;2024-04-01 16:46:20;0;LWR
1837;851139986;F;40;˜˜;231;2022-12-18;2023-01-01 15:03:21;˜˜˜˜˜˜˜˜˜˜˜ ˜˜˜˜˜˜˜ - ˜˜˜˜˜˜˜;LWR
1838;425969599;F;66;˜˜;0;2019-09-06;2019-09-23 12:11:16;˜˜˜˜˜˜˜˜˜˜˜ ˜˜˜;LWR
1839;858986067;F;26;˜˜;1851;2021-11-26;2022-04-18 17:34:53;˜˜˜˜˜˜˜˜ ˜˜˜;LWR
1840;861916764;F;36;˜˜;185;2020-08-20;2020-08-20 09:16:49;˜ ˜˜˜˜˜-˜˜˜˜˜˜˜˜˜;LWR
1841;798183604;M;17;˜˜;0;2023-04-14;2023-04-18 12:44:53;0;MED
1842;525395731;F;37;˜˜;1018;2017-04-04;2017-04-12 12:48:42;˜ ˜˜˜˜˜˜;LWR
1843;383603660;M;40;˜˜;4629;2017-11-14;2018-01-21 18:58:13;˜˜˜˜˜ ˜˜˜˜˜-˜˜˜˜˜˜˜˜˜;LWR
1844;941057366;M;46;˜˜;4629;2022-06-17;2022-06-17 22:51:05;˜˜˜˜˜˜˜˜ ˜˜˜;LWR
1845;139286455;F;18;˜˜;0;2024-10-29;2024-11-12 08:25:46;0;LWR
1846;222591073;F;42;˜˜;925;2023-08-13;2023-08-13 12:30:55;˜˜˜˜˜-˜˜˜˜˜˜˜˜˜˜ ˜˜˜˜˜˜˜˜˜˜ ˜˜˜˜˜ - ˜˜˜˜ ˜˜;LWR
1847;525817115;F;21;˜˜;74;2024-04-16;2024-04-19 19:47:03;˜ ˜˜˜˜˜˜˜˜˜˜˜;LWR
1848;682157929;F;25;˜˜;0;2023-10-30;2023-11-03 01:19:40;˜˜˜˜˜˜˜˜˜˜˜˜ ˜˜˜;LWR
1849;696440333;M;30;˜˜;1018;2020-08-20;2020-08-20 20:37:51;˜˜˜˜˜˜˜˜˜˜˜˜˜ ˜˜˜;LWR
1850;341810478;M;39;˜˜;1851;2021-09-30;2022-02-08 13:30:49;˜˜˜˜˜˜˜˜˜˜ ˜˜˜;LWR
1851;823079498;M;35;˜˜;1111;2023-06-21;2023-06-21 18:41:31;˜˜˜˜ ˜˜˜˜˜˜˜˜˜;LWR
1852;590267194;F;52;˜˜;0;2022-05-15;2022-05-15 10:43:39;˜ ˜˜˜˜˜˜;LWR
1853;346626170;F;25;˜˜;1111;2020-07-21;2020-07-23 10:18:50;˜ ˜˜˜˜˜˜;LWR
1854;345273904;F;26;˜˜;138;2020-10-24;2020-10-25 10:05:36;0;LWR
1855;316021057;M;20;˜˜;1097;2021-04-02;2021-04-02 16:25:39;˜˜˜˜ ˜˜˜˜˜˜˜˜˜;LWR
1856;251500458;F;29;˜˜;0;2024-12-19;2025-01-05 16:23:48;˜˜˜˜˜˜˜ ˜˜˜˜˜˜˜˜˜˜;LWR
1857;858080638;M;34;˜˜;1851;2017-03-16;2017-03-20 13:52:58;˜˜˜˜˜˜˜˜˜˜˜˜ ˜˜˜;LWR
1858;807326484;M;33;˜˜;1009;2021-05-14;2021-05-14 16:47:24;˜˜˜˜ ˜˜˜˜˜˜˜˜˜˜˜˜;LWR
1859;372910349;F;29;˜˜;231;2023-11-17;2023-06-16 12:25:35;˜˜˜˜˜˜˜˜˜˜ ˜˜˜;LWR
1860;553762769;F;20;˜˜;18;2023-06-06;2023-06-07 16:56:15;˜ ˜˜˜˜˜-˜˜˜˜˜˜˜˜˜;LWR
1861;1024773526;M;38;˜˜;925;2022-11-02;2022-11-02 06:30:14;0;LWR
1862;902546155;F;29;˜˜;925;2021-02-12;2021-02-16 20:33:39;˜˜˜˜˜˜˜˜˜ ˜˜˜;LWR
1863;316987406;M;43;˜˜;740;2017-11-26;2019-11-13 16:30:05;˜˜˜˜˜˜˜˜˜˜˜˜˜ ˜˜˜;LWR
1864;371152271;M;32;˜˜;4759;2020-02-18;2020-12-28 16:40:04;˜˜˜˜˜˜˜˜˜ ˜˜˜;LWR
1865;759224359;M;59;˜˜;231;2011-03-11;2024-07-24 17:39:08;˜˜˜˜˜˜˜˜˜˜ ˜˜˜;LWR
1866;86806508;M;45;˜˜;370;2023-07-07;2023-07-11 11:16:11;˜˜˜ ˜˜˜˜˜˜˜˜˜˜˜;LWR
1867;344627188;M;16;˜˜;0;2022-12-11;2022-12-11 13:09:09;0;LWR
1868;676270021;M;26;˜˜;138;2020-04-01;2020-04-04 17:34:28;˜˜˜˜˜˜˜˜˜˜˜˜ ˜˜˜˜;LWR
1869;904368235;F;55;˜˜;0;2025-03-22;2025-03-22 23:27:43;0;LWR
1870;1170789336;M;42;˜˜;0;2023-06-01;2023-06-01 10:02:55;˜˜˜˜˜˜˜˜˜ ˜˜˜˜˜˜˜˜˜˜ - ˜˜˜˜˜˜˜;LWR
1871;325571843;M;47;˜˜;462;2023-04-08;2023-04-08 11:44:48;˜˜˜˜˜˜˜˜˜˜˜˜ ˜˜˜;LWR
1872;730708644;F;44;˜˜˜˜˜˜˜˜;0;2019-09-30;2019-10-02 22:24:39;˜ ˜˜˜˜˜˜;LWR
1873;741726358;M;20;˜˜;805;2022-09-06;2022-09-06 19:13:37;˜ ˜˜˜˜˜˜;LWR
1874;555839089;M;23;˜˜;925;2024-02-02;2024-02-04 10:52:43;˜˜˜˜ ˜˜˜˜;LWR
1875;1198277590;M;27;˜˜;740;2022-05-02;2022-03-29 09:53:47;˜˜˜˜˜˜˜˜˜˜˜˜˜ ˜˜˜˜;LWR
1876;620602593;F;23;˜˜;629;2022-02-03;2022-02-08 03:21:06;˜˜˜˜˜˜˜˜˜˜˜ ˜˜˜˜;LWR
1877;1051382172;M;25;˜˜;435;2020-05-04;2020-05-05 06:33:27;˜˜˜˜˜˜˜˜˜˜˜ ˜˜˜;LWR
1878;126384487;F;50;˜˜;462;2023-09-21;2023-09-25 04:01:20;˜˜˜˜˜˜˜˜˜˜˜ ˜˜˜˜;LWR
1879;281973250;M;19;˜˜;0;2021-10-15;2022-03-01 10:29:14;0;LWR
1880;154884196;M;36;˜˜;2314;2021-09-29;2022-02-11 13:57:14;˜˜˜˜˜˜˜˜˜˜˜˜˜ ˜˜˜;LWR
1881;676152307;F;24;˜˜;0;2020-10-20;2020-11-01 10:32:00;˜˜˜˜˜˜˜˜˜˜˜˜ ˜˜˜˜;LWR
1882;787101934;M;72;˜˜;351;2019-08-09;2019-08-14 12:00:58;˜˜˜˜˜˜˜˜˜ ˜˜˜;LWR
1883;627234457;M;38;˜˜;2314;2012-08-13;2021-04-28 13:28:13;˜˜˜˜˜˜˜˜˜˜˜˜˜˜ ˜˜˜˜;LWR
1884;1039169277;F;33;˜˜;0;2022-06-13;2022-06-13 18:48:21;˜˜˜˜˜˜˜˜˜˜˜˜ ˜˜˜;LWR
1885;975957729;M;24;˜˜;740;2021-01-16;2021-01-16 12:50:35;˜˜˜˜˜˜˜˜ ˜˜˜;LWR
1886;1036174251;F;64;˜˜;0;2024-04-02;2024-04-02 07:04:48;0;LWR
1887;1045778185;F;61;˜˜;1851;2019-09-26;2019-10-01 06:55:28;˜˜˜˜˜˜˜˜˜ ˜˜˜;LWR
1888;518578273;F;36;˜˜;0;2022-12-12;2022-12-12 21:48:18;0;LWR
1889;790062587;M;48;˜˜;1314;2021-04-20;2021-05-04 16:54:20;˜˜˜˜˜˜˜˜˜˜ ˜˜˜;LWR
1890;1081966590;F;54;˜˜;0;2024-01-13;2024-01-16 17:07:47;0;LWR
1891;25875450;F;65;˜˜;444;2012-05-15;2019-06-20 14:34:15;˜˜˜˜˜˜˜˜˜˜˜˜˜˜ ˜˜˜˜;LWR
1892;735279664;F;28;˜˜;0;2022-06-17;2022-06-17 18:17:43;˜˜˜˜ ˜˜˜˜˜˜˜˜˜˜˜˜;LWR
1893;999924695;F;24;˜˜;2314;2020-02-21;2020-02-24 15:54:25;˜˜˜˜˜˜˜˜ ˜˜˜;LWR
1894;678534315;F;43;˜˜;740;2018-02-13;2018-02-15 19:25:06;˜˜˜˜˜˜˜˜˜˜˜ ˜˜˜;LWR
1895;290547336;M;33;˜˜;2407;2024-02-11;2024-02-13 12:24:46;˜˜˜˜˜˜˜˜˜˜ ˜˜˜;LWR
1896;966890622;M;45;˜˜;0;2024-03-21;2024-03-23 12:12:38;0;LWR
1897;683497921;F;48;˜˜;1111;2020-08-07;2020-08-12 13:59:52;˜ ˜˜˜˜˜˜;LWR
1898;352189613;M;39;˜˜;1666;2020-10-04;2020-10-04 20:44:30;˜˜˜˜˜˜˜˜˜˜ ˜˜˜;LWR
1899;380072972;F;36;˜˜;925;2023-04-12;2023-04-12 09:43:58;˜˜˜˜˜˜˜˜˜ ˜˜˜˜˜˜˜˜˜˜ - ˜˜˜˜˜˜˜;LWR
1900;1273501599;M;29;˜˜;2185;2020-01-05;2020-01-08 10:56:53;˜ ˜˜˜˜˜˜;LWR
1901;280021757;F;47;˜˜;0;2021-06-30;2022-02-08 06:48:51;0;LWR
1902;804083804;M;31;˜˜;462;2024-03-03;2024-03-03 16:40:55;˜ ˜˜˜˜˜˜˜˜˜˜˜;LWR
1903;309247891;F;37;˜˜;1574;2019-06-19;2019-06-21 12:15:03;˜˜˜˜ ˜˜˜˜˜˜˜˜˜;LWR
1904;758933417;F;75;˜˜;0;2023-05-31;2023-05-31 09:50:00;0;LWR
1905;635081387;F;53;˜˜;0;2021-08-06;2022-02-08 07:39:15;˜ ˜˜˜˜˜-˜˜˜˜˜˜˜˜˜;LWR
1906;158440614;M;24;˜˜;0;2020-05-19;2020-07-08 11:48:32;˜˜˜˜˜˜˜˜˜˜˜˜˜ ˜˜˜;LWR
1907;1081117376;F;38;˜˜;2777;2019-07-31;2019-08-01 13:41:10;˜ ˜˜˜˜˜˜;LWR
1908;522709517;M;28;˜˜;7407;2019-02-11;2019-02-17 12:12:24;˜ ˜˜˜˜˜-˜˜˜˜˜˜˜˜˜;LWR
1909;694009633;F;68;˜˜;277;2019-09-09;2019-09-11 19:59:26;˜ ˜˜˜˜˜˜;LWR
1910;729967931;M;43;˜˜;1164;2023-10-31;2023-10-31 14:46:20;˜˜˜˜ ˜˜˜˜˜˜˜;LWR
1911;144644510;F;47;˜˜;370;2021-07-17;2021-09-19 13:58:01;0;LWR
1912;1051820271;F;17;˜˜;0;2023-01-12;2023-01-12 23:06:57;0;LWR
1913;1044572138;F;33;˜˜;1574;2017-05-03;2019-06-27 22:41:39;˜˜˜˜˜˜˜˜˜˜˜˜˜˜ ˜˜˜˜;LWR
1914;776114457;F;38;˜˜;648;2021-11-07;2022-02-09 14:32:58;˜˜˜˜˜˜˜˜˜ ˜˜˜;LWR
1915;524164273;M;29;˜˜;1111;2020-03-17;2020-03-26 13:23:27;˜˜˜˜˜˜˜˜ ˜˜˜;LWR
1916;763610794;M;18;˜˜;0;2021-05-04;2021-05-04 11:29:06;0;LWR
1917;898909008;F;30;˜˜;462;2021-06-14;2024-10-29 13:32:44;˜˜˜˜˜˜˜˜˜ ˜˜˜;LWR
1918;616462307;F;49;˜˜;509;2020-01-21;2020-01-25 17:05:58;˜ ˜˜˜˜˜-˜˜˜˜˜˜˜˜˜;LWR
1919;902432469;M;40;˜˜;3703;2011-09-07;2012-08-15 20:05:55;˜ ˜˜˜˜˜˜;LWR
1920;303009425;F;56;˜˜;824;2024-01-23;2024-11-14 10:03:25;0;LWR
1921;820711261;F;17;˜˜;0;2023-09-12;2023-09-14 15:46:17;˜ ˜˜˜˜˜˜;LWR
1922;646748951;F;17;˜˜;0;2025-03-01;2025-03-03 17:37:22;0;LWR
1923;210903872;F;40;˜˜;0;2022-05-23;2022-05-23 13:40:43;0;LWR
1924;697809819;M;22;˜˜;0;2020-11-05;2020-11-07 13:05:40;0;LWR
1925;605812978;F;65;˜˜;925;2024-10-07;2024-10-10 12:29:40;˜˜˜˜˜˜˜˜˜˜˜˜˜ ˜˜˜˜;LWR
1926;284270247;M;41;˜˜;0;2024-12-18;2025-02-07 10:41:16;˜˜˜˜˜˜˜˜˜˜˜˜˜˜ ˜˜˜˜;LWR
1927;706997965;F;14;˜˜;0;2024-06-20;2024-06-20 18:50:11;0;LWR
1928;278235043;F;37;˜˜;1388;2022-12-23;2022-02-16 11:51:22;˜˜˜˜˜˜˜˜˜˜ ˜˜˜;LWR
1929;784059370;F;42;˜˜;638;2014-03-06;2018-01-15 21:44:07;˜˜˜˜˜˜˜˜˜ ˜˜˜;LWR
1930;168492508;F;27;˜˜;694;2020-07-10;2023-10-14 12:01:04;˜˜˜˜˜˜˜˜ ˜˜˜˜;LWR
1931;527118212;F;43;˜˜;370;2019-11-11;2023-10-26 14:39:10;˜˜˜˜˜˜˜˜˜˜˜˜ ˜˜˜;LWR
1932;525775407;M;52;˜˜;9259;2013-11-22;2020-12-30 13:39:46;˜˜˜˜ ˜˜˜˜˜˜˜˜˜˜˜˜;LWR
1933;152923113;F;41;˜˜;2592;2023-10-21;2023-10-24 19:58:55;˜˜˜˜ ˜˜˜˜˜˜˜˜˜;LWR
1934;535020611;M;34;˜˜;3703;2022-01-13;2022-02-07 22:20:48;0;LWR
1935;529411225;M;53;˜˜;1111;2017-03-23;2020-09-03 19:05:53;˜ ˜˜˜˜˜˜;LWR
1936;513510923;M;20;˜˜˜˜˜˜˜˜˜˜˜;0;2025-01-16;2025-01-18 19:09:38;˜ ˜˜˜˜˜˜;LWR
1937;903578577;M;42;˜˜;1018;2021-12-02;2022-02-08 17:07:50;˜˜˜˜ ˜˜˜˜˜˜˜˜˜˜˜˜;LWR
1938;807319734;F;44;˜˜;2314;2020-07-09;2020-07-09 11:52:08;˜ ˜˜˜˜˜˜;LWR
1939;394491041;F;37;˜˜;2314;2021-06-30;2021-07-23 19:00:50;˜˜˜˜˜˜˜˜˜˜ ˜˜˜;LWR
1940;733945366;M;42;˜˜;740;2021-12-27;2024-06-12 12:41:43;˜˜˜˜˜˜˜˜˜˜ ˜˜˜;LWR
1941;248767694;M;38;˜˜;0;2017-10-27;2017-10-30 16:41:06;˜ ˜˜˜˜˜˜;LWR
1942;895215811;M;29;˜˜;0;2021-04-12;2021-04-15 12:58:00;0;LWR
1943;754890884;F;50;˜˜;601;2022-07-09;2022-07-09 08:32:25;˜˜˜˜˜˜˜˜˜˜˜˜˜ ˜˜˜˜;LWR
1944;609963363;F;23;˜˜;2777;2021-01-09;2021-01-11 11:28:00;˜ ˜˜˜˜˜˜;LWR
1945;787536510;F;43;˜˜;277;2021-01-11;2021-01-19 15:10:31;˜˜˜˜˜˜˜˜˜˜˜ ˜˜˜;LWR
1946;1021782755;M;35;˜˜;1111;2019-10-01;2022-02-08 13:45:02;˜˜˜˜˜˜˜˜˜˜˜˜˜ ˜˜˜˜;LWR
1947;1024813615;M;35;˜˜;1666;2018-12-25;2022-05-18 12:21:54;˜˜˜˜ ˜˜˜˜˜˜˜˜˜˜˜˜;LWR
1948;973641999;M;42;˜˜;925;2018-08-08;2018-08-10 07:22:15;˜˜˜˜˜˜˜˜˜ ˜˜˜;LWR
1949;237671191;M;25;˜˜;277;2020-12-05;2020-12-07 19:49:13;0;LWR
1950;571394397;F;52;˜˜;490;2024-01-25;2024-02-05 11:35:44;˜˜˜˜˜˜˜˜˜˜˜˜ ˜˜˜˜;LWR
1951;514870659;F;27;˜˜;1388;2019-08-07;2019-08-14 14:09:07;˜˜˜˜˜˜˜˜˜˜˜˜˜ ˜˜˜;LWR
1952;1157661228;F;23;˜˜;648;2022-04-08;2022-04-10 18:46:47;˜˜˜˜˜˜˜˜˜˜ ˜˜˜;LWR
1953;788027568;M;36;˜˜;0;2021-11-15;2021-12-03 11:41:15;˜˜˜˜˜˜˜˜˜˜˜˜˜ ˜˜˜;LWR
1954;1033570178;F;46;˜˜;0;2022-07-30;2023-01-03 14:33:55;˜ ˜˜˜˜˜-˜˜˜˜˜˜˜˜˜;LWR
1955;687911191;F;42;˜˜;462;2019-10-04;2019-10-07 12:11:12;˜˜˜˜ ˜˜˜˜˜˜˜˜;LWR
1956;808503647;F;26;˜˜;509;2023-02-15;2023-02-15 15:37:12;˜˜˜˜˜˜˜˜˜˜ ˜˜˜;LWR
1957;968076290;F;31;˜˜;648;2022-08-01;2022-08-09 16:32:22;0;LWR
1958;640410523;F;25;˜˜;925;2020-04-13;2020-04-18 15:47:10;˜ ˜˜˜˜˜˜;LWR
1959;761620166;F;25;˜˜;1481;2021-09-29;2021-09-29 12:04:57;˜ ˜˜˜˜˜-˜˜˜˜˜˜˜˜˜;LWR
1960;513957601;F;25;˜˜;509;2022-11-18;2022-11-18 19:45:16;˜˜˜˜˜˜˜˜˜˜ ˜˜˜;LWR
1961;402147202;M;34;˜˜;416;2021-09-08;2021-02-09 10:48:11;˜˜˜˜ ˜˜˜˜;LWR
1962;517732375;F;25;˜˜;740;2022-07-03;2022-07-03 20:15:10;˜˜˜˜ ˜˜˜˜˜˜˜˜˜-˜˜˜˜˜˜˜˜˜˜;LWR
1963;537517163;F;22;˜˜;810;2018-09-03;2020-10-30 21:39:48;˜˜˜˜ ˜˜˜˜˜˜˜˜;LWR
1964;615662363;F;61;˜˜;175;2014-05-13;2014-06-08 22:47:31;˜ ˜˜˜˜˜˜;LWR
1965;1192655688;M;30;˜˜;4601;2013-01-06;2015-11-20 13:49:22;˜ ˜˜˜˜˜˜;LWR
1966;363913916;F;15;˜˜;0;2024-04-17;2024-04-18 20:32:58;0;LWR
1967;958041132;F;75;˜˜;0;2019-09-30;2020-04-01 18:08:14;˜ ˜˜˜˜˜-˜˜˜˜˜˜˜˜˜;LWR
1968;645401186;M;37;˜˜;462;2021-06-23;2021-06-23 19:39:45;˜˜˜˜˜˜˜˜˜˜˜˜ ˜˜˜˜;LWR
1969;1192979103;0;40;˜˜˜˜˜˜;0;2022-03-29;2022-03-29 11:29:46;˜˜˜˜ ˜˜˜˜˜˜˜˜˜˜˜˜;LWR
1970;604754238;M;41;˜˜;3240;2017-07-03;2017-07-05 16:07:38;˜˜˜˜˜˜˜˜˜˜˜˜˜ ˜˜˜;LWR
1971;163725224;F;51;˜˜;462;2024-12-13;2024-12-30 14:30:49;˜˜˜˜˜˜˜˜˜˜˜ ˜˜˜˜;LWR
1972;910999136;F;78;˜˜;0;2024-03-21;2024-03-21 15:22:49;˜˜˜˜˜˜˜˜˜˜ ˜˜˜;LWR
1973;938028724;M;58;˜˜;0;2021-10-21;2021-10-29 18:38:42;0;LWR
1974;705980409;M;42;˜˜;453;2020-11-16;2020-11-18 10:30:08;˜˜˜˜˜˜˜˜˜˜ ˜˜˜;LWR
1975;748053870;F;46;˜˜;0;2020-06-07;2020-06-09 14:55:43;˜˜˜˜˜˜˜˜ ˜˜˜˜;LWR
1976;520467198;M;45;˜˜;0;2022-02-08;2022-02-13 21:59:46;0;LWR
1977;966464233;F;43;˜˜;1388;2017-08-30;2020-05-06 22:14:47;˜˜˜˜˜˜˜˜˜˜˜ ˜˜˜;LWR
1978;999244287;F;22;˜˜;666;2021-10-21;2022-02-15 22:00:09;˜˜˜˜˜˜˜˜˜˜˜ ˜˜˜;LWR
1979;378874143;F;43;˜˜;796;2022-12-08;2022-12-08 17:09:53;˜˜˜˜˜˜˜˜˜˜ ˜˜˜;LWR
1980;1036051885;F;19;˜˜;0;2022-03-11;2023-08-09 18:39:31;0;LWR
1981;1011301228;M;38;˜˜;0;2024-12-15;2024-12-15 12:21:12;˜˜˜˜˜˜˜˜˜ ˜˜˜˜˜˜˜˜˜˜ - ˜˜˜˜˜˜˜;LWR
1982;265706601;F;44;˜˜;9259;2025-02-04;2025-02-11 14:53:22;˜˜˜˜˜˜˜˜˜˜˜ ˜˜˜;LWR
1983;267759068;F;40;˜˜;462;2021-06-04;2022-02-08 14:59:24;˜˜˜˜˜˜˜˜˜˜˜˜˜ ˜˜˜;LWR
1984;859499915;F;49;˜˜;0;2024-09-20;2024-09-20 09:33:27;˜˜˜˜˜˜˜˜˜˜ ˜˜˜˜;LWR
1985;236515646;M;30;˜˜;1111;2020-01-08;2020-01-09 14:46:11;˜ ˜˜˜˜˜-˜˜˜˜˜˜˜˜˜;LWR
1986;263180070;F;22;˜˜;925;2022-07-12;2022-02-23 19:29:43;˜˜˜˜ ˜˜˜˜ (˜˜˜˜˜˜);LWR
1987;340149193;M;26;˜˜;1111;2021-07-06;2022-02-10 20:51:22;˜˜˜˜ ˜˜˜˜;LWR
1988;1088851217;F;22;˜˜˜;46;2022-05-03;2022-08-17 15:33:50;˜˜˜˜˜˜˜˜˜˜˜˜˜ ˜˜˜˜;LWR
1989;387227393;F;32;˜˜;0;2021-12-28;2022-02-08 09:10:35;0;LWR
1990;596301616;F;36;˜˜;925;2021-06-29;2021-06-30 11:43:51;˜˜˜˜˜˜˜˜˜˜˜˜˜ ˜˜˜;LWR
1991;974663296;M;19;˜˜;585;2022-01-20;2022-02-24 14:26:01;˜˜˜˜˜˜˜˜˜˜˜ ˜˜˜;LWR
1992;583430089;M;24;˜˜;925;2020-09-06;2021-03-17 13:54:40;˜˜˜˜ ˜˜˜˜˜˜˜˜˜˜˜˜;LWR
1993;1177719962;F;33;˜˜;648;2021-09-18;2022-02-08 09:43:03;˜˜˜˜˜˜˜˜˜ ˜˜˜;LWR
1994;748472918;F;30;˜˜;2314;2018-12-08;2018-12-10 15:34:15;˜˜˜˜˜˜˜˜˜ ˜˜˜;LWR
1995;973425916;F;39;˜˜;3240;2016-09-28;2016-10-07 09:00:45;˜˜˜˜ ˜˜˜˜˜˜˜˜˜;LWR
1996;1162392063;M;26;˜˜;277;2020-05-02;2023-08-25 06:12:30;˜˜˜˜˜˜˜˜˜˜˜˜˜ ˜˜˜˜;LWR
1997;748478476;F;27;˜˜;0;2021-02-09;2021-02-09 19:13:33;˜˜˜˜˜˜˜˜˜˜ ˜˜˜;LWR
1998;334538571;F;30;˜˜;0;2019-12-15;2019-12-15 17:25:37;˜˜˜˜˜˜˜˜˜˜˜˜˜ ˜˜˜;LWR
1999;1063819219;F;41;˜˜;416;2018-03-02;2018-03-08 11:10:39;˜˜˜˜˜˜˜˜˜˜˜ ˜˜˜;LWR
2000;807362525;M;66;˜˜;0;2022-11-30;2022-11-30 22:08:05;0;LWR
2001;593500526;F;38;˜˜;370;2019-05-18;2019-05-26 14:35:11;˜˜˜˜˜˜˜˜˜ ˜˜˜;LWR
2002;157204343;F;33;˜˜;0;2018-12-03;2018-12-05 12:36:41;˜ ˜˜˜˜˜˜;LWR
2003;518846668;M;39;˜˜;277;2017-01-10;2018-08-14 17:43:41;˜˜˜˜˜˜˜˜˜ ˜˜˜;LWR
2004;998753173;F;33;˜˜;648;2021-02-23;2021-02-23 14:36:48;˜˜˜˜˜˜˜˜˜˜˜˜ ˜˜˜;LWR
2005;316595304;F;20;˜˜;138;2022-05-27;2022-05-28 10:40:26;˜˜˜˜˜˜˜˜˜ ˜˜˜;LWR
2006;847714543;F;46;˜˜;1296;2019-10-25;2019-10-28 11:28:29;˜˜˜˜˜˜˜˜˜˜˜˜˜ ˜˜˜;LWR
2007;336709546;M;34;˜˜;601;2021-03-31;2021-04-02 12:54:40;˜˜˜˜˜˜˜˜˜ ˜˜˜;LWR
2008;1176814124;M;50;˜˜;0;2024-04-15;2024-04-16 18:20:43;˜˜˜˜˜˜˜˜˜˜˜˜˜ ˜˜˜;LWR
2009;951828707;M;35;˜˜;1388;2015-12-16;2016-06-12 19:13:08;˜ ˜˜˜˜˜˜;LWR
2010;868298610;F;30;˜˜;944;2020-08-19;2020-08-19 15:03:52;˜˜˜˜˜˜˜˜˜˜˜ ˜˜˜;LWR
2011;395181686;F;33;˜˜;694;2016-05-19;2020-11-04 17:08:10;˜˜˜˜˜˜˜˜˜˜˜ ˜˜˜;LWR
2012;1052912638;F;43;˜˜;601;2021-05-21;2022-02-11 05:00:52;˜˜˜˜ ˜˜˜˜;LWR
2013;1004756156;F;36;˜˜;555;2011-03-03;2020-10-27 08:17:45;˜˜˜˜ ˜˜˜˜˜˜˜˜˜˜;LWR
2014;612079466;F;19;˜˜;1851;2022-11-11;2022-11-11 10:46:28;˜˜˜˜˜˜˜˜˜˜˜˜˜ ˜˜˜˜;LWR
2015;4653213;M;39;˜˜;972;2017-07-05;2017-07-08 21:35:17;˜˜˜˜˜˜˜˜˜˜˜˜˜ ˜˜˜;LWR
2016;128886196;M;50;˜˜;0;2020-01-18;2020-01-21 10:08:06;˜ ˜˜˜˜˜˜;MED
2017;275256454;M;39;˜˜;2129;2017-01-09;2018-07-11 17:03:03;˜˜˜˜˜˜˜˜˜˜ ˜˜˜;LWR
2018;856636754;F;39;˜˜;648;2017-07-30;2017-08-03 16:16:03;˜ ˜˜˜˜˜˜;LWR
2019;684120936;F;30;˜˜;879;2023-01-14;2023-01-14 21:47:09;˜˜˜˜˜˜˜˜ ˜˜˜;LWR
2020;535445167;F;22;˜˜;1388;2022-09-16;2022-09-16 15:19:39;˜˜˜˜˜˜˜˜˜ ˜˜˜;LWR
2021;535444055;M;30;˜˜;1203;2019-11-25;2019-11-26 10:12:08;˜ ˜˜˜˜˜˜;LWR
2022;1059965091;F;23;˜˜˜˜˜˜˜˜˜;416;2022-08-11;2022-08-11 20:52:59;˜˜˜˜˜˜˜˜˜˜˜˜ ˜˜˜;LWR
2023;856924144;F;18;˜˜;648;2024-10-04;2024-10-04 19:15:23;˜˜˜˜˜˜˜˜˜˜˜˜˜˜ ˜˜˜˜;LWR
2024;1013511971;F;29;˜˜;462;2022-05-21;2022-02-20 10:10:56;˜˜˜˜˜˜˜˜˜˜˜˜˜˜˜ ˜˜˜;LWR
2025;338000252;M;60;˜˜;925;2021-10-28;2022-06-28 08:55:12;˜˜˜˜ ˜˜˜˜;LWR
2026;944218622;M;34;˜˜;1666;2021-03-12;2022-02-17 21:48:27;˜˜˜˜˜˜˜˜˜˜˜˜ ˜˜˜˜;LWR
2027;122745074;M;21;˜˜;388;2020-09-09;2020-09-09 11:38:02;˜˜˜˜˜˜˜˜ ˜˜˜;LWR
2028;858643985;F;23;˜˜;925;2019-12-05;2021-07-02 20:19:25;˜˜˜˜˜˜˜˜˜˜˜˜ ˜˜˜;LWR
2029;517016149;M;53;˜˜;277;2024-04-16;2024-04-16 10:55:56;˜ ˜˜˜˜˜˜;LWR
2030;704726008;F;34;˜˜;740;2023-04-05;2023-04-05 10:35:17;˜˜˜˜˜˜˜˜˜ ˜˜˜˜˜˜˜˜˜˜ - ˜˜˜˜˜˜˜;LWR
2031;1006516403;M;38;˜˜˜˜˜˜˜˜;0;2022-12-02;2022-12-02 11:42:06;˜ ˜˜˜˜˜˜;LWR
2032;506944944;M;20;˜˜;0;2019-10-01;2019-10-03 17:14:15;˜˜˜˜˜˜˜˜˜˜ ˜˜˜;LWR
2033;966512527;M;33;˜˜;9259;2021-07-22;2021-09-25 12:39:05;˜˜˜˜˜˜˜˜˜˜˜ ˜˜˜;LWR
2034;508199782;M;36;˜˜;972;2022-02-16;2022-02-16 16:44:52;˜˜˜˜˜˜;LWR
2035;101161870;F;20;˜˜;462;2022-10-06;2024-09-26 12:37:58;˜˜˜˜˜˜˜˜ ˜˜˜;LWR
2036;938166407;F;23;˜˜;555;2021-04-17;2021-06-28 06:45:29;˜˜˜˜˜˜˜˜˜˜˜ ˜˜˜˜;LWR
2037;1068355233;F;35;˜˜;1111;2022-01-17;2023-04-18 10:24:32;˜˜˜˜˜˜˜˜˜ ˜˜˜;LWR
2038;742696468;F;43;˜˜;370;2017-10-06;2017-10-20 19:10:35;˜˜˜˜˜˜˜˜ ˜˜˜˜;LWR
2039;861846592;0;33;˜˜;0;2022-03-15;2022-03-15 20:11:10;0;LWR
2040;908182217;M;35;˜˜;462;2020-12-03;2020-12-06 14:41:16;˜˜˜˜ ˜˜˜˜˜˜˜˜˜;LWR
2041;741300783;M;20;˜˜˜˜˜;0;2024-10-20;2024-10-20 16:13:03;˜˜˜˜˜˜˜˜˜˜˜ ˜˜˜;LWR
2042;391166815;0;20;˜˜˜˜˜˜˜˜˜˜;0;2024-04-15;2024-04-15 15:34:26;˜ ˜˜˜˜˜˜;LWR
2043;386161516;F;38;˜˜;0;2023-11-02;2023-11-02 16:04:10;˜˜˜˜˜˜˜˜˜˜˜ ˜˜˜;LWR
2044;897362642;M;24;˜˜;62;2021-10-26;2022-06-10 13:53:05;˜˜˜˜ ˜˜˜˜˜˜˜˜˜;LWR
2045;361489070;M;25;˜˜;0;2019-01-16;2019-01-17 12:03:08;˜˜˜˜˜˜˜˜˜˜ ˜˜˜;LWR
2046;325489068;F;33;˜˜;1388;2021-01-20;2022-06-05 12:10:09;˜˜˜˜˜˜˜˜˜˜˜˜˜˜ ˜˜˜˜;LWR
2047;864633348;M;20;˜˜;462;2021-07-06;2021-07-17 22:25:52;˜˜˜˜˜˜˜˜˜˜ ˜˜˜;LWR
2048;104243003;M;32;˜˜;1111;2022-06-13;2022-06-13 13:50:12;˜˜˜˜˜˜˜˜˜˜ ˜˜˜;LWR
2049;788409234;M;42;˜˜;518;2024-12-29;2024-12-29 13:43:57;0;LWR
2050;1128663225;M;54;˜˜;9;2024-12-19;2025-01-04 13:06:51;˜˜˜˜˜˜˜˜˜˜˜˜ ˜˜˜;LWR
2051;146216164;F;20;˜˜;740;2023-10-06;2023-10-10 14:33:38;˜˜˜˜˜˜˜˜˜˜ ˜˜˜;LWR
2052;695785246;M;37;˜˜;462;2016-07-11;2016-07-26 23:45:19;˜˜˜˜˜˜˜˜˜˜ ˜˜˜;MED
2053;772458340;M;24;˜˜;740;2019-12-04;2020-06-08 08:48:20;˜˜˜˜˜˜ ˜˜˜;LWR
2054;899025879;M;36;˜˜;879;2012-08-22;2023-10-06 11:30:09;˜˜˜˜˜˜˜˜˜˜ ˜˜˜;LWR
2055;865556323;F;38;˜˜;0;2018-05-06;2018-05-08 15:43:19;˜˜˜˜˜˜˜˜˜˜˜˜ ˜˜˜;LWR
2056;630109852;F;40;˜˜;2777;2023-01-16;2023-01-16 17:22:53;˜˜˜˜ ˜˜˜˜˜˜˜˜˜ ˜˜˜˜˜˜˜˜;LWR
2057;326755047;F;37;˜˜;555;2019-11-01;2022-02-10 20:55:49;˜˜˜˜˜˜˜˜˜˜˜˜ ˜˜˜;LWR
2058;1000056579;F;29;˜˜;648;2019-01-23;2022-02-28 11:01:29;˜ ˜˜˜˜˜-˜˜˜˜˜˜˜˜˜;LWR
2059;909786408;F;34;˜˜;0;2016-08-04;2018-11-15 17:04:50;˜ ˜˜˜˜˜˜;LWR
2060;595604976;M;34;˜˜;0;2023-04-14;2023-04-14 17:33:45;0;LWR
2061;344962205;M;22;˜˜˜˜˜˜˜˜˜˜˜;185;2022-10-03;2023-12-29 12:42:07;˜˜˜˜˜˜˜˜˜ ˜˜˜;LWR
2062;693107646;M;43;˜˜;1157;2020-07-29;2020-07-29 11:06:00;˜˜˜˜˜˜˜˜˜˜˜˜˜ ˜˜˜;LWR
2063;863905593;F;39;˜˜;648;2022-09-15;2022-09-15 14:30:20;˜˜˜˜˜˜˜˜˜˜ ˜˜˜˜;LWR
2064;1038577949;M;30;˜˜;925;2019-07-17;2019-07-18 16:28:37;˜ ˜˜˜˜˜˜;LWR
2065;951571526;F;15;˜˜;0;2024-05-05;2024-05-08 17:34:50;0;LWR
2066;1033770297;F;46;˜˜;1388;2023-01-26;2023-01-28 13:17:54;˜˜˜˜˜˜˜˜˜ ˜˜˜;LWR
2067;388687104;M;39;˜˜;46;2022-06-14;2022-06-14 22:46:45;0;LWR
2068;372981158;M;53;˜˜;555;2023-09-22;2023-09-22 17:55:35;˜˜˜˜˜˜˜˜˜ ˜˜˜;LWR
2069;1048723385;F;53;˜˜;277;2023-03-08;2022-03-23 06:38:11;˜˜˜˜˜˜˜˜˜˜˜ ˜˜˜;LWR
2070;757397442;M;33;˜˜;925;2020-11-17;2020-11-17 17:29:03;˜ ˜˜˜˜˜˜;LWR
2071;546156702;M;26;˜˜;509;2023-07-25;2023-07-25 12:26:12;˜˜˜˜ ˜˜˜˜˜˜˜˜;LWR
2072;798549243;M;46;˜˜;4629;2014-09-15;2025-02-11 21:37:46;˜˜˜˜˜˜˜˜˜˜ ˜˜˜;MED
2073;384858818;M;29;˜˜;1111;2023-04-08;2023-04-08 11:37:56;˜˜˜˜ ˜˜˜˜˜˜˜˜˜˜˜˜;LWR
2074;286131899;F;20;˜˜;925;2021-09-30;2024-12-10 07:02:39;˜ ˜˜˜˜˜˜;LWR
2075;1151601242;M;37;˜˜;2777;2019-10-02;2019-10-04 12:51:27;˜˜˜˜˜˜˜˜˜ ˜˜˜;LWR
2076;207113881;M;39;˜˜;0;2023-12-25;2023-12-25 20:01:55;0;LWR
2077;941187056;M;29;˜˜;833;2020-06-28;2020-07-07 10:15:15;˜˜˜˜˜˜˜˜˜˜˜˜˜ ˜˜˜;LWR
2078;849774355;F;41;˜˜;0;2017-06-15;2017-06-17 21:21:12;˜˜˜˜˜˜˜˜˜˜˜˜˜ ˜˜˜;LWR
2079;587169995;M;29;˜˜;0;2022-10-21;2022-10-21 19:52:14;˜ ˜˜˜˜˜-˜˜˜˜˜˜˜˜˜;LWR
2080;10221513;F;19;˜˜;277;2024-10-18;2024-10-19 18:50:25;0;LWR
2081;1046108634;M;43;˜˜;648;2020-11-13;2020-11-16 15:12:14;˜˜˜˜ ˜˜˜˜˜˜˜˜˜˜˜˜;LWR
2082;1184169959;F;40;˜˜;462;2017-01-16;2017-04-05 08:50:43;˜˜˜˜˜˜˜˜˜˜˜ ˜˜˜;LWR
2083;344736358;M;41;˜˜;1388;2018-04-02;2018-04-04 11:52:45;˜˜˜˜˜˜ ˜˜˜;LWR
2084;602622644;F;35;˜˜;370;2021-05-05;2021-05-09 20:47:20;˜˜˜˜˜˜˜˜˜˜˜ ˜˜˜;LWR
2085;123966400;M;46;˜˜;462;2021-06-30;2021-07-02 13:59:25;˜˜˜˜˜˜˜˜˜˜˜ ˜˜˜;LWR
2086;428843420;F;36;˜˜;490;2021-06-30;2021-07-01 05:10:25;˜˜˜˜˜˜˜˜˜˜˜˜ ˜˜˜˜;MED
2087;957281879;M;33;˜˜;1388;2020-05-28;2020-08-14 13:06:25;˜˜˜˜ ˜˜˜˜˜˜˜˜˜;LWR
2088;867635603;M;24;˜˜;0;2024-10-11;2024-10-11 05:13:58;0;LWR
2089;1016527113;F;35;˜˜;1388;2021-02-01;2017-07-25 13:38:46;˜˜˜˜˜˜˜˜˜ ˜˜˜;LWR
2090;896988470;F;19;˜˜;462;2022-01-18;2024-04-19 14:05:09;˜˜˜˜˜˜˜˜˜˜ ˜˜˜;LWR
2091;593989238;F;33;˜˜;462;2022-01-06;2022-01-07 10:35:30;˜˜˜˜˜˜˜˜˜ ˜˜˜;LWR
2092;894532075;F;49;˜˜;462;2021-06-21;2021-06-21 23:08:53;˜˜˜˜˜˜˜˜˜˜ ˜˜˜;LWR
2093;706633015;M;38;˜˜;1388;2016-12-13;2021-09-06 15:48:10;˜˜˜˜˜˜˜˜˜˜˜˜ ˜˜˜˜;LWR
2094;556523109;F;51;˜˜;648;2023-05-06;2023-05-08 17:21:31;˜ ˜˜˜˜˜-˜˜˜˜˜˜˜˜˜;LWR
2095;896805583;F;22;˜˜;833;2024-05-28;2024-05-28 12:21:27;˜ ˜˜˜˜˜˜;LWR
2096;250542118;F;60;˜˜;0;2018-12-23;2018-12-25 19:26:47;˜˜˜˜˜˜˜˜˜˜ ˜˜˜;LWR
2097;858067879;M;41;˜˜;2314;2025-03-18;2025-03-20 16:37:10;˜˜˜˜˜˜˜˜ ˜˜˜˜;LWR
2098;760854548;F;33;˜˜;1388;2024-09-03;2024-09-04 09:19:28;˜˜˜˜˜˜˜˜ ˜˜˜˜;LWR
2099;521195725;F;29;˜˜;0;2023-08-21;2023-08-23 09:45:35;0;LWR
2100;850447146;F;39;˜˜;9259;2010-11-23;2024-05-04 11:35:22;˜ ˜˜˜˜˜˜;LWR
2101;276372988;F;33;˜˜;879;2022-04-05;2023-08-14 16:23:22;˜˜˜˜˜˜˜˜˜˜˜˜˜ ˜˜˜˜;LWR
2102;907539187;F;34;˜˜;1018;2020-10-07;2020-10-07 14:05:58;˜ ˜˜˜˜˜˜;LWR
2103;582548698;M;61;˜˜;0;2020-07-28;2022-02-08 11:31:18;˜˜˜˜˜˜˜˜˜˜˜˜ ˜˜˜;LWR
2104;617166363;0;66;˜˜˜˜˜˜˜˜˜;0;2022-08-08;2022-08-08 15:02:22;0;LWR
2105;747509978;F;54;˜˜;509;2019-07-16;2019-07-16 19:14:45;˜˜˜˜ ˜˜˜˜˜˜˜˜˜˜˜˜;LWR
2106;428848726;M;31;˜˜;1111;2015-09-24;2020-05-10 11:12:43;˜˜˜˜˜˜˜˜˜˜˜˜˜ ˜˜˜;LWR
2107;799793846;F;29;˜˜;0;2024-03-07;2023-02-20 10:45:21.532000;˜ ˜˜˜˜˜-˜˜˜˜˜˜˜˜˜;LWR
2108;369893620;M;25;˜˜;601;2022-01-29;2022-07-06 10:47:55;˜˜˜˜ ˜˜˜˜˜˜˜˜;LWR
2109;739866230;M;38;˜˜;740;2023-10-16;2023-10-16 14:06:54;0;LWR
2110;551377822;M;18;˜˜;370;2022-04-30;2022-04-30 22:19:43;˜˜˜˜˜˜˜˜˜˜˜˜ ˜˜˜˜;LWR
2111;694432626;F;52;˜˜;416;2017-05-17;2017-05-24 21:13:49;˜˜˜˜˜˜˜˜˜˜ ˜˜˜;LWR
2112;556080424;F;47;˜˜;0;2024-03-29;2024-03-29 11:09:21;0;LWR
2113;849488707;F;35;˜˜;925;2022-06-16;2022-06-17 11:29:20;˜˜˜˜˜˜˜˜˜˜˜ ˜˜˜;LWR
2114;802605442;M;33;˜˜;1851;2022-02-22;2022-02-24 14:02:53;˜˜˜˜˜˜˜ ˜˜˜;LWR
2115;560662495;F;20;˜˜;305;2020-10-12;2020-10-12 13:23:57;˜˜˜˜˜˜˜˜˜ ˜˜˜;LWR
2116;264719813;F;19;˜˜;370;2023-02-14;2023-02-17 23:20:24;˜ ˜˜˜˜˜˜;LWR
2117;773918168;F;27;˜˜;1388;2018-08-09;2019-04-14 15:43:04;˜˜˜˜˜˜˜˜˜˜ ˜˜˜;LWR
2118;599543373;F;22;˜˜;370;2021-04-11;2023-06-21 16:16:26;˜ ˜˜˜˜˜-˜˜˜˜˜˜˜˜˜;LWR
2119;1201633222;M;34;˜˜;1666;2020-08-08;2020-08-09 09:59:05;˜˜˜˜˜˜˜˜˜˜˜˜ ˜˜˜˜;LWR
2120;296250091;M;33;˜˜˜˜˜˜˜˜˜˜;601;2022-02-09;2022-02-10 18:56:37;˜ ˜˜˜˜˜-˜˜˜˜˜˜˜˜˜;LWR
2121;1171237280;F;31;˜˜;0;2020-06-19;2020-06-19 17:54:49;˜˜˜˜˜˜˜˜˜˜ ˜˜˜;LWR
2122;976274040;M;35;˜˜;4629;2023-07-17;2023-07-17 17:45:48;˜˜˜˜˜˜˜˜˜˜ ˜˜˜;LWR
2123;374482228;M;35;˜˜;0;2018-12-07;2024-01-30 07:55:29;˜˜˜˜˜-˜˜˜˜˜˜˜˜ ˜˜;LWR
2124;546578598;F;45;˜˜;879;2023-06-26;2023-07-02 14:09:05;˜˜˜˜˜˜˜˜˜˜˜ ˜˜˜˜˜˜˜ - ˜˜˜˜˜˜˜;LWR
2125;746466659;F;38;˜˜;925;2023-03-22;2023-03-22 16:44:58;˜˜˜˜˜˜˜˜ ˜˜˜˜;LWR
2126;137277986;F;46;˜˜;1388;2018-04-03;2018-04-04 14:15:14;˜˜˜˜ ˜˜˜˜˜˜˜˜˜˜˜˜;LWR
2127;547537371;M;16;˜˜;0;2023-05-13;2023-05-13 14:55:05;0;LWR
2128;1057432684;M;39;˜˜;462;2020-07-16;2022-02-08 18:15:40;˜˜˜˜˜˜˜˜˜˜ ˜˜˜;LWR
2129;612018057;F;55;˜˜;0;2019-01-17;2020-09-29 23:01:12;0;LWR
2130;683059751;M;32;˜˜;1851;2020-09-11;2020-09-11 08:08:59;˜˜˜˜˜˜˜˜˜˜˜˜˜ ˜˜˜;LWR
2131;272735349;F;38;˜˜;879;2015-05-31;2023-04-11 22:21:55;˜˜˜˜˜-˜˜˜˜˜˜˜˜˜;LWR
2132;796000146;F;30;˜˜;740;2021-05-10;2022-02-11 14:48:53;˜˜˜˜˜˜˜˜˜˜˜˜˜ ˜˜˜;LWR
2133;1195902440;M;24;˜˜˜˜˜˜˜˜;0;2020-07-21;2020-07-22 16:23:34;˜ ˜˜˜˜˜˜;LWR
2134;335074836;M;34;˜˜;925;2020-03-30;2020-03-30 12:31:05;˜˜˜˜˜˜˜˜˜˜˜˜˜ ˜˜˜;LWR
2135;242755765;F;37;˜˜;0;2020-12-10;2020-12-14 18:25:14;˜˜˜˜˜˜˜˜˜˜˜ ˜˜˜;LWR
2136;846014958;F;26;˜˜;1388;2019-12-05;2019-12-06 22:18:05;˜˜˜˜˜˜˜˜˜ ˜˜˜˜˜˜˜˜˜˜ - ˜˜˜˜˜˜˜;LWR
2137;1171485519;M;29;˜˜;1851;2024-04-01;2024-04-01 22:56:12;˜˜˜˜ ˜˜˜˜˜˜˜˜˜;LWR
2138;542808414;M;44;˜˜;462;2021-03-30;2021-04-01 23:11:40;˜ ˜˜˜˜˜-˜˜˜˜˜˜˜˜˜;LWR
2139;612082403;F;43;˜˜;370;2022-09-27;2022-09-27 18:35:43;˜˜˜˜˜˜˜˜˜˜ ˜˜˜;LWR
2140;1195212342;F;57;˜˜;1111;2021-05-29;2019-08-02 09:54:32;˜ ˜˜˜˜˜˜;LWR
2141;763567705;F;20;˜˜;444;2021-05-05;2022-05-23 14:34:48;˜˜˜˜˜˜˜˜˜˜˜˜ ˜˜˜;LWR
2142;1035989035;M;36;˜˜;416;2017-12-22;2017-12-24 17:57:36;˜˜˜˜˜˜˜˜˜˜˜ ˜˜˜;LWR
2143;646944761;M;47;˜˜;740;2018-01-15;2024-10-21 13:35:08;˜˜˜˜˜˜˜˜˜˜ ˜˜˜˜;LWR
2144;389277354;F;31;˜˜;462;2021-05-09;2021-05-13 15:09:04;˜˜˜˜˜˜˜˜˜ ˜˜˜;LWR
2145;665778759;F;22;˜˜;18;2024-01-16;2024-01-18 18:15:44;˜˜˜˜˜˜˜˜˜˜˜˜˜ ˜˜˜;LWR
2146;280923144;M;39;˜˜;0;2017-07-03;2017-07-04 14:56:41;˜ ˜˜˜˜˜˜;LWR
2147;787158185;F;23;˜˜;527;2020-07-19;2020-07-21 15:11:44;˜ ˜˜˜˜˜˜;LWR
2148;19505162;M;30;˜˜;925;2017-06-17;2017-06-20 10:13:54;˜˜˜˜˜˜˜˜˜˜ ˜˜˜;LWR
2149;609948845;M;21;˜˜;648;2021-03-15;2021-03-19 19:31:30;˜˜˜˜˜˜˜˜˜˜˜˜˜ ˜˜˜;LWR
2150;269245033;M;58;˜˜˜˜˜˜˜;740;2021-05-07;2022-02-12 10:39:20;˜˜˜˜˜˜˜;LWR
2151;158376194;M;29;˜˜˜˜˜˜˜;0;2025-02-25;2025-02-25 20:37:33;˜ ˜˜˜˜˜˜˜˜˜˜˜;LWR
2152;668540660;M;26;˜˜;833;2018-03-23;2020-11-04 16:16:19;˜˜˜˜˜˜˜˜˜˜˜˜˜ ˜˜˜;LWR
2153;810819860;F;38;˜˜;648;2015-11-18;2019-11-26 17:56:48;˜ ˜˜˜˜˜-˜˜˜˜˜˜˜˜˜;LWR
2154;1159539856;F;48;˜˜;925;2015-03-27;2023-08-17 07:26:26;˜˜˜˜˜˜˜˜˜˜˜˜ ˜˜˜;LWR
2155;688931384;F;54;˜˜;0;2013-05-23;2025-03-01 07:29:43;˜ ˜˜˜˜˜˜;LWR
2156;1017609224;M;78;˜˜;0;2025-02-12;2025-02-13 13:54:26;0;LWR
2157;725773618;M;46;˜˜;555;2017-02-16;2020-03-23 13:11:35;˜˜˜˜˜˜˜˜˜˜˜˜˜ ˜˜˜˜;LWR
2158;897756242;F;29;˜˜;0;2021-04-08;2021-04-10 11:11:51;˜˜˜˜˜˜˜˜˜˜ ˜˜˜;LWR
2159;966699669;M;37;˜˜;138;2023-11-19;2023-11-19 19:31:24;˜˜˜˜˜˜˜˜˜˜˜˜˜ ˜˜˜˜;LWR
2160;266729386;M;35;˜˜;2129;2022-02-23;2022-02-26 15:21:45;˜˜˜˜ ˜˜˜˜˜˜˜˜˜;LWR
2161;35001625;M;41;˜˜;1388;2025-04-02;2025-03-31 12:20:00;˜˜˜˜˜˜˜˜˜ ˜˜˜;LWR
2162;846537959;F;31;˜˜;925;2022-10-04;2022-10-04 22:02:11;˜˜˜˜˜˜˜˜˜˜˜˜˜ ˜˜˜˜;LWR
2163;796380303;F;27;˜˜;925;2021-02-04;2021-02-09 11:27:18;˜˜˜˜˜˜˜˜˜˜˜˜ ˜˜˜;LWR
2164;906151914;F;35;˜˜;925;2021-07-19;2022-02-26 00:36:06;˜˜˜˜˜˜˜˜˜ ˜˜˜˜˜˜˜˜˜˜ - ˜˜˜˜˜˜˜;LWR
2165;333456037;F;25;˜˜;0;2021-10-31;2022-02-08 00:14:34;0;LWR
2166;160897867;M;29;˜˜˜˜˜˜˜˜˜;0;2025-01-21;2025-01-22 01:16:04;˜˜˜˜˜˜˜˜˜˜˜˜˜ ˜˜˜˜˜˜˜;LWR
2167;861623200;F;47;˜˜;1388;2019-03-22;2021-01-10 13:10:43;˜˜˜˜˜-˜˜˜˜˜˜˜˜˜˜ ˜˜˜˜˜˜˜˜˜˜ ˜˜˜˜˜ - ˜˜˜˜ ˜˜;LWR
2168;728979349;F;33;˜˜;0;2021-04-28;2021-04-29 14:50:13;˜˜˜˜˜˜˜˜˜˜˜˜˜ ˜˜˜;LWR
2169;1172260859;F;18;˜˜;0;2023-09-04;2023-09-04 09:52:51;0;LWR
2170;1081485500;F;50;˜˜;277;2024-04-16;2024-04-18 19:06:31;˜˜˜˜ ˜˜˜˜˜˜˜˜˜;LWR
2171;826663825;M;31;˜˜;0;2022-03-07;2022-03-07 13:41:50;0;LWR
2172;867960692;F;52;˜˜;462;2022-06-08;2022-06-10 11:21:37;˜˜˜˜˜˜˜˜˜ ˜˜˜;LWR
2173;163660006;M;36;˜˜;388;2018-03-14;2023-10-29 18:24:21;˜˜˜˜˜˜˜˜ ˜˜˜;LWR
2174;610115492;M;54;˜˜;740;2024-11-11;2024-11-16 03:51:15;˜˜˜˜˜˜˜˜˜˜ ˜˜˜˜;LWR
2175;394720188;F;34;˜˜;833;2019-09-23;2023-05-31 18:03:52;˜˜˜˜ ˜˜˜˜˜˜˜˜˜;LWR
2176;811544286;F;34;˜˜;1018;2019-10-04;2019-10-08 12:08:06;˜ ˜˜˜˜˜-˜˜˜˜˜˜˜˜˜;LWR
2177;370838318;M;46;˜˜;555;2012-09-17;2013-05-17 19:32:38;˜˜˜˜˜-˜˜˜˜˜˜˜˜˜;LWR
2178;395340779;F;38;˜˜;787;2021-12-20;2022-02-13 10:57:08;˜ ˜˜˜˜˜˜;LWR
2179;685206508;F;23;˜˜;509;2021-02-26;2021-02-26 12:08:59;˜˜˜˜˜˜˜˜˜˜˜˜˜ ˜˜˜;LWR
2180;1201827773;F;36;˜˜;666;2019-09-09;2020-04-30 00:40:30;˜˜˜˜˜˜˜˜˜˜˜˜˜˜˜ ˜˜˜;LWR
2181;85437571;F;39;˜˜;925;2024-10-02;2024-10-04 22:34:17;˜˜˜˜˜˜˜˜˜˜˜˜˜ ˜˜˜;LWR
2182;129334512;F;19;˜˜;138;2019-09-26;2022-03-01 15:29:50;˜ ˜˜˜˜˜-˜˜˜˜˜˜˜˜˜;LWR
2183;725675227;F;35;˜˜;694;2020-06-03;2020-06-04 20:18:10;˜˜˜˜ ˜˜˜˜˜˜˜˜˜;LWR
2184;626708607;M;51;˜˜;879;2024-02-08;2024-02-11 20:56:50;˜˜˜˜˜˜˜˜˜˜˜˜˜˜˜ ˜˜˜;LWR
2185;756872323;M;68;˜˜;740;2022-11-14;2022-11-14 18:29:48;˜˜˜˜˜˜˜˜˜˜ ˜˜˜;LWR
2186;864750953;F;34;˜˜˜˜˜˜˜˜˜;0;2024-04-24;2024-04-24 20:44:15;˜ ˜˜˜˜˜˜;LWR
2187;164568863;M;28;˜˜;1111;2018-08-09;2018-09-03 08:22:35;˜ ˜˜˜˜˜˜;LWR
2188;1043203011;M;58;˜˜;1018;2019-08-26;2019-08-28 12:11:02;˜˜˜˜˜˜˜˜˜˜˜˜ ˜˜˜;LWR
2189;678429649;F;35;˜˜;0;2025-03-10;2025-03-15 16:09:50;0;LWR
2190;938166382;M;18;˜˜;0;2022-10-08;2022-10-08 16:30:14;0;LWR
2191;668802973;F;38;˜˜;1666;2017-02-02;2017-02-07 17:57:47;˜˜˜˜˜˜ ˜˜˜;LWR
2192;952404690;F;23;˜˜;416;2020-05-04;2021-03-27 18:36:08;˜˜˜˜˜˜˜˜˜˜˜˜ ˜˜˜˜;LWR
2193;319779426;F;31;˜˜;1481;2021-02-07;2021-02-09 16:09:11;˜ ˜˜˜˜˜˜;LWR
2194;352283855;F;26;˜˜;416;2021-10-27;2022-02-09 02:17:10;˜˜˜˜ ˜˜˜˜˜˜˜˜˜;LWR
2195;842539763;F;27;˜˜;1111;2020-05-27;2023-01-06 19:05:08;˜˜˜˜˜˜˜˜˜˜˜˜˜ ˜˜˜˜;LWR
2196;896140493;M;24;˜˜;416;2021-01-07;2021-01-08 11:42:24;˜˜˜˜˜˜˜˜˜˜˜ ˜˜˜;LWR
2197;728753678;M;33;˜˜;1111;2020-07-14;2020-07-17 13:58:02;˜ ˜˜˜˜˜˜;LWR
2198;623086668;M;26;˜˜;1157;2021-01-18;2021-02-07 18:26:30;˜˜˜˜ ˜˜˜˜˜˜˜˜˜;LWR
2199;1147125046;M;47;˜˜;925;2021-10-24;2021-12-16 16:10:56;˜˜˜˜˜˜˜˜˜˜ ˜˜˜;LWR
2200;669328630;F;24;˜˜;833;2022-06-14;2022-06-14 23:14:25;˜ ˜˜˜˜˜˜;LWR
2201;274062300;M;25;˜˜;740;2020-08-19;2020-08-20 16:05:46;˜˜˜˜˜˜˜˜˜ ˜˜˜;LWR
2202;1081146185;M;37;˜˜;324;2016-05-10;2016-05-13 14:02:06;˜˜˜˜˜˜˜˜˜˜ ˜˜˜;LWR
2203;3973106;F;28;˜˜;1851;2020-10-28;2020-10-29 17:47:05;˜˜˜˜˜˜˜˜˜˜ ˜˜˜;LWR
2204;545720453;F;41;˜˜;1388;2017-01-09;2017-02-05 15:47:17;˜˜˜ ˜˜˜˜˜˜˜˜˜˜˜˜˜;LWR
2205;505676335;M;37;˜˜;0;2023-02-28;2023-03-01 19:20:56;˜ ˜˜˜˜˜˜;LWR
2206;1007259694;M;41;˜˜;0;2023-10-07;2023-10-08 12:13:04;˜˜˜˜˜˜˜˜˜˜˜ ˜˜˜;LWR
2207;266395117;M;33;˜˜;740;2022-02-20;2022-02-19 15:52:12;˜˜˜˜˜˜˜˜˜ ˜˜˜;LWR
2208;1631866;F;38;˜˜;462;2023-06-25;2023-06-28 15:43:50;˜˜˜˜˜˜˜˜˜˜ ˜˜˜;LWR
2209;680518295;F;33;˜˜;0;2015-11-08;2015-11-08 18:00:06;˜˜˜˜˜˜;LWR
2210;734152180;F;38;˜˜;2777;2018-10-15;2019-01-12 13:10:43;˜˜˜˜˜˜˜˜˜˜ ˜˜˜;LWR
2211;867197323;F;30;˜˜;925;2020-08-21;2020-08-21 10:58:49;˜˜˜˜˜˜˜˜˜˜˜˜˜ ˜˜˜;LWR
2212;896552029;M;51;˜˜;0;2021-12-17;2021-12-22 15:52:05;0;LWR
2213;332558836;M;32;˜˜;8796;2016-11-01;2023-08-29 05:49:55;˜˜˜˜˜˜˜˜˜ ˜˜˜˜;LWR
2214;732413076;F;25;˜˜;416;2023-02-04;2023-02-04 00:35:09;˜˜˜˜˜˜˜˜ ˜˜˜˜;LWR
2215;274075431;M;53;˜˜;1250;2019-04-26;2023-04-16 12:48:46;˜˜˜˜˜-˜˜˜˜˜˜˜˜˜˜ ˜˜˜˜˜˜˜˜˜˜ ˜˜˜˜˜ - ˜˜˜˜ ˜˜;LWR
2216;1189815914;F;29;˜˜;925;2020-11-04;2020-11-04 23:05:33;˜˜˜˜˜˜˜˜˜ ˜˜˜;LWR
2217;944166941;F;29;˜˜;0;2025-03-13;2025-03-13 14:45:41;˜˜˜˜˜˜˜˜˜˜˜˜˜ ˜˜˜˜;LWR
2218;893257688;M;45;˜˜;462;2023-09-19;2023-09-22 10:50:50;˜˜˜˜˜˜˜˜˜˜˜˜ ˜˜˜;LWR
2219;148809595;M;23;˜˜;1388;2022-03-19;2022-03-20 13:28:18;˜ ˜˜˜˜˜-˜˜˜˜˜˜˜˜˜;LWR
2220;327030267;M;32;˜˜;0;2017-06-10;2017-06-17 14:41:07;˜˜˜˜˜˜˜˜˜˜ ˜˜˜;LWR
2221;939435889;F;18;˜˜;0;2023-06-13;2023-06-15 11:16:26;0;LWR
2222;615081388;F;45;˜˜;0;2020-01-09;2020-03-09 14:14:05;˜˜˜˜˜˜˜˜˜˜ ˜˜˜;LWR
2223;542013445;F;24;˜˜;462;2023-09-18;2023-09-18 02:16:07;˜ ˜˜˜˜˜-˜˜˜˜˜˜˜˜˜;LWR
2224;265125634;M;18;˜˜;0;2024-03-18;2024-03-20 14:09:09;0;LWR
2225;638509240;M;35;˜˜;1287;2016-02-13;2016-02-23 18:09:49;˜ ˜˜˜˜˜˜;LWR
2226;354549227;F;22;˜˜;277;2023-05-03;2023-05-03 19:28:39;˜˜˜˜˜˜˜˜˜˜˜˜ ˜˜˜;LWR
2227;757974446;M;27;˜˜;324;2021-02-22;2021-02-22 10:42:00;˜˜˜˜˜˜˜˜˜˜˜˜ ˜˜˜;LWR
2228;207220256;M;28;˜˜;1111;2020-07-13;2020-07-14 13:17:36;˜˜˜˜˜˜˜˜ ˜˜˜˜;LWR
2229;1192500014;F;61;˜˜;1851;2018-09-05;2022-06-02 13:26:34;˜ ˜˜˜˜˜-˜˜˜˜˜˜˜˜˜;LWR
2230;535410330;M;38;˜˜˜˜˜˜˜˜;879;2022-08-15;2022-08-15 10:50:30;˜˜˜˜˜˜˜˜˜˜ ˜˜˜;LWR
2231;1064218916;M;39;˜˜;1138;2017-01-18;2020-07-20 11:52:15;˜ ˜˜˜˜˜˜;LWR
2232;1051667230;F;57;˜˜;0;2021-06-29;2021-07-18 23:10:48;0;LWR
2233;898201816;M;38;˜˜;925;2021-10-20;2022-02-08 06:44:10;˜˜˜˜˜˜˜˜˜˜˜ ˜˜˜;LWR
2234;206086286;F;42;˜˜;324;2023-07-18;2023-07-18 09:22:16;˜˜˜˜˜˜˜˜˜˜ ˜˜˜;LWR
2235;1034540660;F;37;˜˜;740;2021-02-16;2021-02-24 10:47:08;˜˜˜˜ ˜˜˜˜;LWR
2236;1200258729;F;33;˜˜;1851;2013-06-20;2020-07-21 21:24:29;˜ ˜˜˜˜˜˜;LWR
2237;1052294571;M;22;˜˜;972;2022-01-28;2022-03-04 21:20:46;˜˜˜˜˜˜˜˜˜˜˜˜ ˜˜˜;LWR
2238;371480883;M;30;˜˜;1111;2021-03-02;2021-03-05 15:26:41;˜ ˜˜˜˜˜-˜˜˜˜˜˜˜˜˜;LWR
2239;869127185;F;42;˜˜;314;2020-10-09;2020-10-14 14:05:53;˜˜˜˜˜˜˜˜˜˜ ˜˜˜˜;LWR
2240;383044990;M;26;˜˜˜˜˜˜˜˜˜˜;0;2022-03-18;2022-03-20 21:03:01;˜ ˜˜˜˜˜-˜˜˜˜˜˜˜˜˜;LWR
2241;425963968;M;27;˜˜;1203;2022-01-18;2022-03-02 12:58:29;˜˜˜˜˜-˜˜˜˜˜˜˜˜ ˜˜;LWR
2242;76254301;M;35;˜˜;740;2023-03-27;2023-03-27 14:27:25;˜˜˜˜˜˜˜˜˜˜˜˜ ˜˜˜;LWR
2243;771960807;F;35;˜˜;888;2017-03-28;2022-02-17 11:32:43;˜˜˜˜ ˜˜˜˜;MED
2244;786408816;F;57;˜˜;648;2024-10-18;2024-10-18 09:04:59;˜˜˜˜˜˜˜˜˜˜˜˜ ˜˜˜˜;LWR
2245;619574429;M;27;˜˜;462;2018-07-10;2018-07-15 12:43:33;˜ ˜˜˜˜˜-˜˜˜˜˜˜˜˜˜;LWR
2246;1067832117;M;66;˜˜;0;2025-01-03;2025-01-29 08:20:05;0;LWR
2247;1163880558;M;27;˜˜;2870;2020-12-13;2025-01-31 20:25:12;˜˜˜˜˜˜˜˜˜˜˜˜˜˜ ˜˜˜˜;LWR
2248;169011728;F;41;˜˜;925;2022-06-24;2022-06-25 05:44:35;˜˜˜˜˜˜˜˜˜˜˜˜ ˜˜˜;LWR
2249;936944778;M;52;˜˜;0;2022-09-09;2022-09-09 10:55:57;˜˜˜˜˜˜˜˜˜˜ ˜˜˜;LWR
2250;900843479;M;39;˜˜;4629;2018-04-10;2018-04-28 12:45:19;˜ ˜˜˜˜˜˜;LWR
2251;311634855;M;38;˜˜;833;2017-02-15;2021-02-10 09:59:40;˜˜˜˜ ˜˜˜˜˜˜˜˜;LWR
2252;1086717353;F;22;˜˜;462;2024-01-15;2024-01-15 21:24:52;˜˜˜˜˜˜˜˜˜˜ ˜˜˜;LWR
2253;136674568;M;24;˜˜;740;2022-01-21;2022-03-14 14:13:18;˜˜˜˜˜˜˜˜˜ ˜˜˜;LWR
2254;785677185;M;33;˜˜;1296;2014-07-14;2017-04-09 17:17:12;˜˜˜˜˜˜˜˜˜˜˜˜ ˜˜˜;LWR
2255;640049383;F;43;˜˜;462;2019-02-13;2019-03-05 14:08:33;˜˜˜˜˜˜˜˜˜ ˜˜˜;LWR
2256;667577394;F;62;˜˜;1666;2017-08-16;2017-08-23 16:10:12;˜ ˜˜˜˜˜˜;LWR
2257;1142979788;M;41;˜˜;740;2019-07-20;2022-02-10 23:32:44;˜˜˜˜˜˜˜˜˜˜˜˜˜˜ ˜˜˜˜;LWR
2258;941952557;F;32;˜˜;925;2022-06-24;2022-06-24 14:11:56;˜˜˜˜˜˜˜˜˜˜˜˜˜ ˜˜˜˜;LWR
2259;809914975;F;31;˜˜;1925;2020-08-25;2022-02-12 13:18:03;˜ ˜˜˜˜˜-˜˜˜˜˜˜˜˜˜;LWR
2260;280035769;F;35;˜˜;277;2022-08-22;2022-08-23 15:09:41;˜ ˜˜˜˜˜-˜˜˜˜˜˜˜˜˜;LWR
2261;512005091;M;23;˜˜;462;2020-10-25;2022-02-08 23:27:34;˜˜˜˜˜˜˜˜˜˜˜˜˜ ˜˜˜;LWR
2262;789645534;F;45;˜˜;958;2018-06-29;2020-06-28 21:46:10;˜˜˜˜ ˜˜˜˜˜˜˜˜˜˜;LWR
2263;1078208379;M;35;˜˜;0;2018-11-04;2018-11-05 11:15:24;˜ ˜˜˜˜˜˜;LWR
2264;650376525;M;62;˜˜;601;2010-09-16;2012-10-25 20:11:15;˜˜˜˜˜˜˜˜˜˜ ˜˜˜;LWR
2265;547916871;F;25;˜˜;694;2020-07-15;2022-07-08 09:35:28;˜˜˜˜˜˜˜ ˜˜˜;LWR
2266;909767055;M;30;˜˜;740;2022-08-09;2022-08-09 12:13:19;˜˜˜˜˜˜˜˜˜˜˜˜ ˜˜˜;LWR
2267;780017211;M;26;˜˜˜˜˜˜˜˜;0;2023-08-16;2023-08-16 10:44:07;˜˜˜˜˜˜˜˜˜˜ ˜˜˜˜˜˜˜;LWR
2268;706298146;F;32;˜˜;601;2016-06-26;2020-08-25 13:19:34;˜˜˜˜˜˜˜˜˜˜˜˜ ˜˜˜;LWR
2269;1018725177;F;25;˜˜;185;2019-02-06;2019-02-09 07:52:59;˜˜˜˜˜˜˜˜˜˜˜˜˜ ˜˜˜;LWR
2270;758079683;M;50;˜˜;3611;2016-10-21;2016-10-24 12:56:42;˜˜˜˜˜˜˜˜˜˜ ˜˜˜;LWR
2271;665636001;F;63;˜˜;0;2022-01-15;2022-02-16 23:08:06;0;LWR
2272;529007822;F;23;˜˜;462;2021-10-02;2022-02-08 11:03:14;0;LWR
2273;1207304365;M;40;˜˜;1111;2021-06-01;2022-09-15 09:46:00;˜ ˜˜˜˜˜˜;LWR
2274;969819211;M;52;˜˜;1203;2018-06-06;2018-06-12 16:06:48;˜˜˜˜˜-˜˜˜˜˜˜˜˜˜˜ ˜˜˜˜˜˜˜˜˜˜ ˜˜˜˜˜ - ˜˜˜˜ ˜˜;LWR
2275;600857957;M;40;˜˜;0;2024-12-06;2024-12-09 19:31:52;0;LWR
2276;163797948;F;25;˜˜;740;2019-06-26;2019-06-27 19:46:01;˜ ˜˜˜˜˜˜;LWR
2277;944559155;M;23;˜˜˜˜˜˜˜˜˜ ˜˜˜˜˜˜˜˜ ˜˜˜˜˜˜˜˜˜˜;0;2023-12-16;2023-12-18 18:30:46;˜˜˜˜˜˜˜˜˜˜ ˜˜˜;LWR
2278;167902783;M;38;˜˜;1944;2015-12-21;2015-12-24 12:49:28;˜˜˜˜˜˜˜˜˜˜˜ ˜˜˜;LWR
2279;347127671;F;47;˜˜;740;2018-11-17;2020-06-12 23:49:26;˜˜˜˜˜˜˜˜˜˜˜˜˜˜ ˜˜˜˜;LWR
2280;430175154;F;33;˜˜;0;2022-03-21;2022-03-21 14:00:14;0;MED
2281;523896194;M;41;˜˜;925;2023-11-13;2023-11-13 16:26:00;˜˜˜˜˜˜˜˜˜˜˜˜˜ ˜˜˜;LWR
2282;756642163;M;36;˜˜;1851;2015-09-16;2021-06-18 21:50:51;˜˜˜˜˜-˜˜˜˜˜˜˜˜ ˜˜;LWR
2283;35499442;M;22;˜˜;9259;2017-07-12;2021-03-13 07:19:04;˜˜˜˜˜˜˜˜˜˜˜˜ ˜˜˜;LWR
2284;382302080;M;42;˜˜;694;2014-03-31;2022-02-09 09:51:50;˜˜˜ ˜˜˜˜˜˜˜˜˜˜˜˜;LWR
2285;678601011;F;24;˜˜;2314;2021-02-27;2021-04-27 12:05:30;˜˜˜˜˜˜˜˜˜˜˜˜˜˜ ˜˜˜˜;LWR
2286;751194039;M;40;˜˜;435;2017-07-28;2017-08-05 23:37:59;˜ ˜˜˜˜˜˜;LWR
2287;377713538;M;21;˜˜;555;2021-09-20;2022-02-08 03:29:41;˜˜˜˜˜˜˜˜˜˜ ˜˜˜;LWR
2288;903876118;M;35;˜˜;925;2023-06-18;2024-01-31 10:30:14;˜˜˜˜ ˜˜˜˜˜˜˜˜˜˜˜˜;LWR
2289;771069593;F;53;˜˜;0;2024-06-05;2024-06-05 22:44:50;0;LWR
2290;393084989;F;39;˜˜;481;2024-01-13;2024-03-16 12:00:51;˜˜˜˜˜˜˜˜˜˜˜ ˜˜˜;LWR
2291;361810282;M;51;˜˜;1203;2019-02-26;2019-03-22 13:35:14;˜˜˜˜˜˜˜˜˜˜ ˜˜˜;LWR
2292;1140568722;M;26;˜˜;833;2020-12-17;2020-12-20 14:24:15;˜˜˜˜˜˜˜˜˜ ˜˜˜;LWR
2293;651646898;M;55;˜˜˜˜˜˜˜˜;231;2021-07-21;2021-08-22 11:22:39;˜ ˜˜˜˜˜˜;LWR
2294;604254906;M;20;˜˜;370;2022-02-23;2022-02-23 18:06:45;0;LWR
2295;974862617;F;25;˜˜;416;2020-01-11;2022-12-14 00:11:57;˜˜˜˜˜˜˜˜˜˜˜ ˜˜˜;LWR
2296;615342723;M;38;˜˜;925;2017-03-16;2017-03-23 00:00:33;˜˜˜˜˜˜˜˜˜˜˜˜˜ ˜˜˜;LWR
2297;739498502;F;35;˜˜;787;2014-05-19;2017-04-30 19:27:23;˜˜˜˜˜˜˜˜˜˜ ˜˜˜;LWR
2298;293896710;F;43;˜˜;0;2019-01-26;2019-02-01 15:29:39;˜˜˜˜˜˜ ˜˜˜;LWR
2299;1155401222;F;35;˜˜;0;2023-10-22;2023-10-22 14:50:54;0;LWR
2300;696369256;F;53;˜˜;462;2022-01-15;2022-02-09 19:46:40;˜ ˜˜˜˜˜-˜˜˜˜˜˜˜˜˜;LWR
2301;337577286;F;40;˜˜;1759;2016-11-08;2022-12-15 10:49:05;˜˜˜˜ ˜˜˜˜˜˜˜˜˜;LWR
2302;606922733;M;36;˜˜;2500;2018-06-20;2018-06-23 17:42:20;˜˜˜˜˜˜˜˜˜˜ ˜˜˜;LWR
2303;554575996;M;33;˜˜˜˜˜˜˜˜˜˜;0;2022-11-29;2022-11-29 10:50:45;˜˜˜˜˜˜˜˜˜˜ ˜˜˜;LWR
2304;806994216;M;28;˜˜;925;2021-03-29;2021-03-31 18:18:55;˜˜˜˜˜˜˜˜˜ ˜˜˜;LWR
2305;134794646;M;21;˜˜;74;2022-06-23;2022-06-23 17:37:38;0;LWR
2306;752117731;M;34;˜˜;1111;2018-04-24;2018-04-30 11:26:34;˜˜˜˜˜˜˜˜˜˜˜ ˜˜˜;LWR
2307;898706701;F;20;˜˜;462;2023-04-11;2023-04-11 21:43:16;˜˜˜˜˜˜˜˜˜ ˜˜˜;LWR
2308;801014806;F;42;˜˜;2314;2024-02-28;2024-02-28 14:43:10;˜˜˜˜˜˜˜˜˜˜ ˜˜˜˜;LWR
2309;761157318;M;39;˜˜;0;2022-07-27;2022-07-28 19:30:23;˜˜˜˜ ˜˜˜˜˜˜˜˜˜˜˜˜;LWR
2310;557873631;M;18;˜˜;277;2024-04-08;2024-04-09 16:15:51;˜˜˜˜˜˜ ˜˜˜;LWR
2311;903802810;M;34;˜˜;0;2024-01-08;2024-01-08 14:06:33;˜˜˜˜˜˜˜˜˜˜ ˜˜˜˜;LWR
2312;553336531;F;37;˜˜;555;2022-03-15;2022-03-15 22:20:16;˜˜˜˜˜˜˜˜˜ ˜˜˜;LWR
2313;296264110;M;40;˜˜;0;2022-03-01;2022-03-02 07:53:31;˜˜˜˜ ˜˜˜˜˜˜˜˜˜˜˜˜;LWR
2314;525008259;M;27;˜˜;3416;2021-06-28;2023-09-17 06:32:58;˜˜˜˜˜˜˜˜˜˜˜˜ ˜˜˜˜;LWR
2315;760414100;F;58;˜˜;666;2021-10-27;2021-12-04 11:37:30;˜ ˜˜˜˜˜˜;LWR
2316;758229804;F;22;˜˜;925;2021-02-23;2021-02-27 22:07:56;˜ ˜˜˜˜˜˜;LWR
2317;533389687;F;38;˜˜;555;2020-11-04;2020-11-05 09:52:41;˜˜˜˜˜˜˜˜˜˜˜ ˜˜˜˜˜˜˜ - ˜˜˜˜˜˜˜;LWR
2318;757645166;F;26;˜˜;1140;2021-06-28;2022-02-09 10:42:18;˜ ˜˜˜˜˜˜;LWR
2319;818514087;M;33;˜˜;1388;2021-02-04;2021-02-04 16:48:36;˜˜˜˜˜˜˜˜˜˜ ˜˜˜;LWR
2320;554939915;M;55;˜˜;555;2024-10-09;2024-10-09 18:05:06;0;LWR
2321;543695360;M;43;˜˜;833;2022-11-10;2022-11-24 17:56:51;˜˜˜˜˜˜˜˜˜˜˜˜ ˜˜˜;LWR
2322;993905361;M;46;˜˜;1388;2023-07-11;2023-07-11 19:02:29;˜ ˜˜˜˜˜˜;LWR
2323;515779044;F;58;˜˜;92;2023-10-01;2023-10-01 14:18:20;˜˜˜˜˜-˜˜˜˜˜˜˜˜˜˜ ˜˜˜˜˜˜˜˜˜˜ ˜˜˜˜˜ - ˜˜˜˜ ˜˜;LWR
2324;376889359;F;29;˜˜;0;2018-10-17;2018-10-29 23:22:31;˜˜˜˜˜˜˜˜˜˜ ˜˜˜;LWR
2325;808166517;F;34;˜˜;324;2018-08-09;2022-02-08 17:30:03;˜˜˜˜˜˜˜˜˜˜˜˜˜ ˜˜˜˜;LWR
2326;808110522;M;40;˜˜;0;2022-09-19;2022-09-19 14:35:08;˜ ˜˜˜˜˜˜;LWR
2327;364305992;F;19;˜˜;0;2022-06-24;2022-06-24 18:03:17;˜˜˜˜˜˜˜˜˜ ˜˜˜;LWR
2328;859253851;F;35;˜˜;1111;2018-02-22;2018-02-22 06:36:00;˜˜˜˜˜˜˜˜˜˜˜˜˜ ˜˜˜;LWR
2329;1046187168;F;29;˜˜;2222;2018-10-25;2020-06-05 18:42:15;˜ ˜˜˜˜˜-˜˜˜˜˜˜˜˜˜;LWR
2330;646981774;M;37;˜˜;1851;2018-08-17;2018-08-19 16:59:15;˜˜˜˜˜˜˜˜˜˜ ˜˜˜;LWR
2331;1051671590;M;37;˜˜;555;2019-11-12;2019-11-14 15:41:47;˜˜˜˜˜˜˜˜˜˜˜˜ ˜˜˜;LWR
2332;257306583;M;33;˜˜;740;2024-05-15;2024-05-17 21:03:13;˜˜˜˜˜˜˜˜˜˜ ˜˜˜;LWR
2333;125377454;M;28;˜˜;648;2017-06-20;2017-06-22 11:38:15;˜ ˜˜˜˜˜-˜˜˜˜˜˜˜˜˜;LWR
2334;277560110;F;38;˜˜;648;2013-07-24;2013-08-05 19:14:39;˜˜˜ ˜˜˜˜˜˜˜˜˜˜˜;LWR
2335;647793115;F;23;˜˜;3240;2024-09-18;2024-09-18 14:02:28;˜˜˜˜˜˜˜ ˜˜˜;LWR
2336;396973110;M;26;˜˜;2222;2019-12-02;2020-07-31 04:16:13;˜˜˜˜˜˜˜˜˜˜˜˜˜ ˜˜˜˜;LWR
2337;816789178;M;22;˜˜;277;2022-05-30;2022-06-02 10:53:26;˜˜˜˜˜˜˜˜˜˜ ˜˜˜;LWR
2338;1285710546;M;38;˜˜;2314;2017-11-19;2017-12-29 12:11:20;˜ ˜˜˜˜˜-˜˜˜˜˜˜˜˜˜;LWR
2339;890421661;M;45;˜˜;0;2021-01-27;2021-01-27 17:26:53;0;LWR
2340;677208520;F;36;˜˜;925;2017-04-24;2017-04-29 19:23:47;˜˜˜˜˜˜˜˜˜˜˜˜ ˜˜˜;LWR
2341;137366017;M;37;˜˜;2777;2018-02-09;2018-02-12 13:12:42;˜˜˜˜˜˜˜˜˜˜ ˜˜˜;LWR
2342;695928840;M;21;˜˜;0;2021-06-12;2021-06-13 11:15:11;0;LWR
2343;1196707619;M;41;˜˜;0;2021-06-29;2021-09-25 05:57:36;0;LWR
2344;1071133616;M;45;˜˜;518;2018-01-30;2022-02-21 08:42:18;˜˜˜˜ ˜˜˜˜˜˜˜;LWR
2345;1166651325;F;50;˜˜;925;2016-01-19;2021-05-22 14:30:48;˜˜˜˜˜˜˜˜˜˜ ˜˜˜;LWR
2346;906499772;F;29;˜˜;1851;2019-06-25;2019-06-27 15:11:07;˜ ˜˜˜˜˜-˜˜˜˜˜˜˜˜˜;LWR
2347;1073562099;M;47;˜˜;1388;2018-09-19;2019-07-16 06:49:44;˜˜˜˜˜˜˜˜˜˜˜˜ ˜˜˜;LWR
2348;731758369;F;38;˜˜;0;2021-05-01;2021-05-02 06:54:15;˜˜˜˜ ˜˜˜˜˜˜˜˜˜;LWR
2349;621926593;F;70;˜˜;0;2023-12-05;2023-12-06 12:07:33;˜˜˜ ˜˜˜˜˜˜˜˜˜˜;LWR
2350;1061382891;M;38;˜˜;0;2022-09-05;2022-09-12 19:44:33;˜˜˜˜ ˜˜˜˜˜˜˜˜˜;LWR
2351;670743751;M;28;˜˜;2592;2019-09-30;2019-10-02 18:59:43;˜ ˜˜˜˜˜˜;LWR
2352;970502982;F;44;˜˜;583;2021-11-04;2021-04-20 11:03:35;˜˜˜˜˜˜˜˜˜˜˜ ˜˜˜;LWR
2353;628751540;M;19;˜˜;555;2021-12-19;2023-04-21 19:57:05;˜˜˜˜˜˜˜˜˜˜˜ ˜˜˜;LWR
2354;368171150;M;26;˜˜;2361;2021-09-29;2022-02-10 13:56:06;˜˜˜˜˜˜˜ ˜˜˜;LWR
2355;1178651837;M;16;˜˜;0;2024-04-19;2024-04-19 20:13:03;0;LWR
2356;1042735553;F;30;˜˜;1111;2020-10-16;2020-10-23 21:41:29;˜˜˜˜˜˜˜˜˜ ˜˜˜;LWR
2357;234115509;F;23;˜˜;648;2019-12-19;2022-05-30 16:21:41;˜ ˜˜˜˜˜˜;LWR
2358;1128635989;F;61;˜˜;925;2016-01-15;2025-03-18 11:25:21;˜˜˜ ˜˜˜˜˜˜˜˜˜;LWR
2359;307292373;F;44;˜˜;0;2019-11-19;2023-12-10 12:55:44;˜˜˜˜˜˜˜˜˜˜ ˜˜˜;LWR
2360;800482909;F;32;˜˜;296;2016-12-02;2016-12-16 14:27:11;˜˜˜˜˜˜˜˜˜˜˜˜˜ ˜˜˜;LWR
2361;778137829;M;43;˜˜;462;2022-02-26;2022-02-27 12:07:53;˜ ˜˜˜˜˜-˜˜˜˜˜˜˜˜˜;LWR
2362;376048326;M;25;˜˜;648;2017-12-05;2020-07-25 23:18:53;˜˜˜˜ ˜˜˜˜˜˜˜˜ ˜˜˜˜˜˜ - ˜˜˜˜˜˜;LWR
2363;602164432;M;41;˜˜;509;2021-05-28;2022-02-08 11:23:51;˜ ˜˜˜˜˜-˜˜˜˜˜˜˜˜˜;LWR
2364;722625482;M;37;˜˜;2314;2021-10-09;2025-01-09 16:21:44;˜˜˜˜˜˜˜˜˜˜˜˜˜ ˜˜˜;LWR
2365;1203863605;M;19;˜˜;138;2022-05-30;2022-05-31 14:44:02;0;LWR
2366;893908966;F;47;˜˜;787;2021-05-09;2023-05-29 18:21:18;˜˜˜˜˜˜˜˜˜˜˜˜ ˜˜˜;LWR
2367;168864754;M;46;˜˜;462;2019-10-18;2019-10-20 20:08:23;˜˜˜˜˜˜˜˜˜˜˜˜˜ ˜˜˜˜;LWR
2368;381043786;F;29;˜˜;1481;2018-10-17;2021-08-01 12:40:34;˜˜˜˜˜˜˜˜˜˜˜˜˜ ˜˜˜;LWR
2369;230896657;M;24;˜˜;0;2019-03-27;2019-03-30 19:50:38;˜ ˜˜˜˜˜-˜˜˜˜˜˜˜˜˜;LWR
2370;144111257;F;52;˜˜;1851;2014-02-13;2015-11-15 21:21:22;˜˜˜˜˜˜˜˜˜˜˜˜˜ ˜˜˜;LWR
2371;700459185;F;27;˜˜;740;2023-03-29;2023-03-29 16:40:48;˜˜˜˜˜˜˜˜˜˜˜˜˜ ˜˜˜˜;LWR
2372;1191695416;F;34;˜˜;1203;2023-09-10;2023-09-24 11:51:44;˜˜˜˜˜˜˜˜˜ ˜˜˜;LWR
2373;115298980;M;44;˜˜˜˜˜˜˜˜˜˜;0;2024-04-15;2024-04-16 07:29:19;˜ ˜˜˜˜˜˜;LWR
2374;593418674;M;46;˜˜;462;2023-04-28;2023-04-28 12:14:29;˜˜˜˜˜˜˜˜˜˜˜˜˜ ˜˜˜;LWR
2375;946403231;F;38;˜˜;1203;2022-05-21;2022-05-21 21:30:47;˜˜˜˜˜˜˜˜˜˜˜˜˜ ˜˜˜˜;LWR
2376;1008794495;F;32;˜˜;925;2021-02-14;2021-02-17 14:46:51;0;LWR
2377;313408743;M;16;˜˜;0;2023-05-27;2023-05-27 14:36:34;0;LWR
2378;642446652;F;55;˜˜;0;2023-08-07;2023-08-15 12:23:45;0;LWR
2379;1057696733;M;48;˜˜;0;2024-11-06;2024-11-06 23:40:26;0;LWR
2380;856060013;M;43;˜˜;2314;2020-07-13;2020-07-13 12:15:15;˜ ˜˜˜˜˜-˜˜˜˜˜˜˜˜˜;LWR
2381;752059587;F;29;˜˜;1203;2021-06-30;2022-02-07 22:50:29;˜˜˜˜˜˜˜˜˜˜ ˜˜˜;LWR
2382;897351580;M;27;˜˜;0;2021-10-26;2022-02-21 15:17:43;0;LWR
2383;209980363;M;36;˜˜;1388;2024-01-28;2024-01-28 10:14:31;˜˜˜˜˜˜˜˜˜˜˜˜˜ ˜˜˜;LWR
2384;221696834;M;40;˜˜;6018;2019-03-05;2019-04-01 13:24:39;˜˜˜˜˜˜˜˜˜˜ ˜˜˜;LWR
2385;1080492306;F;23;˜˜;277;2023-05-19;2023-05-19 11:46:57;˜ ˜˜˜˜˜˜;LWR
2386;999026967;M;35;˜˜;1388;2023-01-27;2023-01-29 10:19:11;0;LWR
2387;379149153;F;44;˜˜;648;2023-10-11;2023-10-12 09:54:14;˜˜˜˜˜˜˜˜˜˜˜˜˜ ˜˜˜;LWR
2388;1193733396;F;52;˜˜;4444;2014-08-14;2016-01-16 13:15:11;˜ ˜˜˜˜˜˜;LWR
2389;255575756;F;50;˜˜;0;2024-10-22;2024-10-24 09:56:40;0;LWR
2390;537941556;F;45;˜˜;0;2022-04-11;2022-04-11 15:00:26;˜˜˜˜˜˜˜˜˜˜˜˜˜ ˜˜˜˜;LWR
2391;1052913100;M;48;˜˜;1203;2010-07-07;2023-07-09 10:52:48;˜˜˜˜˜˜˜˜˜˜˜˜˜ ˜˜˜˜;LWR
2392;1200932296;F;30;˜˜;277;2024-03-28;2024-03-28 19:45:06;˜˜˜˜˜˜˜˜˜˜˜ ˜˜˜;LWR
2393;697706792;F;47;˜˜;648;2017-08-29;2022-08-17 15:03:05;˜˜˜˜˜-˜˜˜˜˜˜˜˜˜˜ ˜˜˜˜˜˜˜˜˜˜ ˜˜˜˜˜ - ˜˜˜˜ ˜˜;LWR
2394;753355434;F;37;˜˜;2777;2019-03-11;2019-04-05 01:52:18;˜˜˜˜˜˜˜˜˜ ˜˜˜;LWR
2395;1004206141;M;22;˜˜˜˜˜˜˜˜˜˜;0;2022-04-09;2022-04-09 18:06:08;˜˜˜˜˜˜˜˜˜˜˜ ˜˜˜;LWR
2396;541288182;F;43;˜˜;648;2021-11-03;2022-03-01 19:25:29;˜˜˜˜˜˜˜˜˜ ˜˜˜;LWR
2397;1030398754;0;40;˜˜˜˜˜˜;0;2023-02-07;2023-02-07 14:13:59;˜ ˜˜˜˜˜˜;LWR
2398;766757886;M;34;˜˜;0;2020-05-26;2020-06-02 23:44:37;˜ ˜˜˜˜˜-˜˜˜˜˜˜˜˜˜;LWR
2399;733064541;F;50;˜˜;925;2024-11-18;2024-04-30 11:57:41;˜˜˜˜˜˜˜˜˜˜˜˜ ˜˜˜˜;LWR
2400;770277573;M;30;˜˜;509;2024-08-15;2024-09-14 12:48:07;0;LWR
2401;402961978;M;21;˜˜;370;2019-07-29;2019-07-30 11:46:28;˜˜˜˜˜˜˜˜ ˜˜˜˜;LWR
2402;959569854;F;45;˜˜;0;2022-05-28;2022-05-28 12:42:18;˜˜˜˜˜˜˜˜˜ ˜˜˜;LWR
2403;350968822;F;39;˜˜;1157;2018-10-31;2018-11-06 12:11:48;˜ ˜˜˜˜˜˜;LWR
2404;841002913;F;50;˜˜;0;2021-06-21;2021-06-21 22:21:04;0;LWR
2405;1203431133;F;20;˜˜;277;2022-10-06;2022-10-06 12:08:17;0;LWR
2406;871136680;F;36;˜˜;462;2022-01-03;2022-02-21 10:45:45;˜˜˜˜˜˜˜˜˜˜˜˜˜ ˜˜˜˜;LWR
2407;382121400;F;44;˜˜;0;2022-12-16;2022-12-16 19:40:39;0;LWR
2408;807341546;M;33;˜˜;601;2022-06-08;2022-06-08 11:08:15;˜ ˜˜˜˜˜-˜˜˜˜˜˜˜˜˜;LWR
2409;1158936489;F;70;˜˜;416;2024-05-17;2024-05-17 23:23:33;˜˜˜˜˜˜˜˜˜˜˜˜˜ ˜˜˜;LWR
2410;644351084;M;39;˜˜;1111;2018-01-20;2018-02-04 16:58:16;˜˜˜˜˜˜˜˜˜ ˜˜˜;LWR
2411;529917661;M;38;˜˜;1481;2018-08-18;2020-04-02 13:10:18;˜ ˜˜˜˜˜-˜˜˜˜˜˜˜˜˜;LWR
2412;280906466;F;48;˜˜;462;2022-11-04;2022-11-07 09:22:48;˜˜˜˜˜˜˜˜˜˜˜˜˜ ˜˜˜;LWR
2413;255887406;M;47;˜˜;0;2022-03-04;2022-03-04 17:07:47;0;LWR
2414;358431592;M;40;˜˜˜˜˜˜˜˜˜˜;0;2023-05-15;2023-05-16 12:23:03;˜˜˜˜˜˜˜˜˜˜ ˜˜˜;LWR
2415;727276005;F;65;˜˜;1666;2022-06-10;2022-06-10 17:38:02;˜˜˜˜˜˜˜˜˜˜ ˜˜˜;LWR
2416;1070611448;F;69;˜˜;0;2021-10-30;2021-12-25 18:13:12;0;LWR
2417;1063489044;M;35;˜˜;0;2023-09-22;2023-09-22 09:26:20;˜˜˜˜˜˜˜˜˜ ˜˜˜˜;LWR
2418;426496981;M;32;˜˜;833;2017-03-12;2023-10-10 20:42:43;˜˜˜˜˜˜˜˜˜˜˜˜ ˜˜˜;LWR
2419;683531082;F;46;˜˜;925;2021-11-16;2022-02-08 13:37:50;0;LWR
2420;1073202674;M;27;˜˜;648;2023-10-03;2023-10-03 10:55:30;˜˜˜˜˜˜˜˜ ˜˜˜;LWR
2421;608393086;F;40;˜˜;583;2023-09-16;2023-09-16 10:46:28;˜˜˜˜˜˜˜˜˜˜˜˜˜ ˜˜˜˜;LWR
2422;1049816800;M;33;˜˜;555;2022-06-29;2022-06-29 06:37:17;˜˜˜˜˜˜˜˜˜˜˜ ˜˜˜;MED
2423;163603091;F;30;˜˜;1731;2018-05-27;2018-05-28 16:35:56;˜ ˜˜˜˜˜-˜˜˜˜˜˜˜˜˜;LWR
2424;945168669;F;48;˜˜;666;2022-12-07;2022-12-07 21:09:41;˜˜˜˜ ˜˜˜˜˜˜˜˜;LWR
2425;672305406;M;20;˜˜;324;2021-04-23;2021-04-23 17:40:21;˜˜˜˜˜˜˜ ˜˜˜;LWR
2426;792726047;F;29;˜˜;1296;2022-04-14;2022-04-18 10:51:06;˜˜˜˜˜˜˜˜˜˜ ˜˜˜;LWR
2427;276829720;M;48;˜˜;555;2021-06-21;2021-06-21 19:39:31;˜ ˜˜˜˜˜˜;LWR
2428;598106294;M;59;˜˜;0;2023-06-06;2023-06-06 13:53:22;˜ ˜˜˜˜˜˜;LWR
2429;1010776426;M;32;˜˜;1851;2020-10-10;2022-09-21 17:58:23;˜˜˜˜ ˜˜˜˜˜˜˜˜˜-˜˜˜˜˜˜˜˜˜˜;LWR
2430;808481890;M;29;˜˜;925;2018-10-23;2018-10-24 14:03:46;˜ ˜˜˜˜˜˜;LWR
2431;622976791;0;16;˜˜;0;2023-08-23;2023-08-24 13:17:16;˜˜˜˜˜˜˜˜˜˜˜ ˜˜˜;LWR
2432;867778527;F;69;˜˜;0;2025-01-27;2025-01-29 12:43:10;0;LWR
2433;509150361;F;27;˜˜;0;2017-05-12;2017-05-15 13:13:39;˜˜˜˜˜˜˜˜˜˜˜˜˜ ˜˜˜;LWR
2434;1076000533;F;38;˜˜;694;2020-09-07;2020-09-07 14:36:44;˜˜˜˜ ˜˜˜˜ (˜˜˜˜˜˜);LWR
2435;746396438;M;26;˜˜;0;2022-10-23;2022-10-23 12:06:37;0;LWR
2436;695742549;M;38;˜˜;1944;2022-01-24;2022-02-19 15:31:39;˜˜˜˜ ˜˜˜˜˜˜˜˜˜;LWR
2437;630334792;F;30;˜˜;0;2021-06-29;2021-11-06 10:35:52;0;LWR
2438;251790564;M;25;˜˜;740;2022-04-23;2022-04-27 12:38:53;˜˜˜˜ ˜˜˜˜˜˜˜˜˜;LWR
2439;156405858;M;20;˜˜;370;2019-03-11;2020-03-09 15:18:44;˜˜˜˜ ˜˜˜˜ /˜˜˜˜˜˜/;LWR
2440;790248754;F;30;˜˜;0;2015-08-07;2022-02-12 13:44:11;˜˜˜˜˜˜˜˜˜˜˜˜˜ ˜˜˜;LWR
2441;905161673;F;33;˜˜;324;2021-10-21;2022-02-08 13:22:55;˜˜˜˜˜˜˜˜˜˜˜ ˜˜˜;LWR
2442;937011717;F;39;˜˜;0;2021-06-29;2022-02-08 19:36:55;0;LWR
2443;999915132;F;32;˜˜;620;2020-05-29;2020-05-31 11:36:00;˜ ˜˜˜˜˜˜;LWR
2444;216070638;F;31;˜˜;0;2019-06-05;2019-06-06 19:16:56;˜˜˜˜˜˜˜˜˜˜ ˜˜˜;LWR
2445;705681326;F;40;˜˜;462;2023-10-15;2023-10-30 15:00:53;˜ ˜˜˜˜˜˜;LWR
2446;607550357;M;37;˜˜;1388;2021-04-28;2022-02-08 17:22:30;˜˜˜˜˜˜˜˜˜˜ ˜˜˜;LWR
2447;865931564;F;35;˜˜;1388;2021-02-02;2021-02-09 00:11:12;˜˜˜˜˜˜˜˜˜˜˜ ˜˜˜;LWR
2448;514383653;F;32;˜˜;462;2024-06-22;2024-06-24 12:44:39;˜ ˜˜˜˜˜˜;LWR
2449;788633377;F;33;˜˜;1018;2021-11-07;2022-08-11 20:16:59;˜ ˜˜˜˜˜-˜˜˜˜˜˜˜˜˜;LWR
2450;531444017;F;48;˜˜;0;2020-06-23;2020-06-23 11:19:18;˜ ˜˜˜˜˜˜;LWR
2451;1215981919;F;44;˜˜;740;2018-01-12;2018-01-16 13:55:11;˜ ˜˜˜˜˜˜;LWR
2452;593945659;M;29;˜˜˜˜˜˜˜˜;1388;2021-10-05;2022-02-13 15:09:38;˜ ˜˜˜˜˜˜;LWR
2453;289928581;M;56;˜˜;2175;2023-03-04;2023-03-02 20:20:25;˜˜˜˜˜˜˜˜˜˜ ˜˜˜;LWR
2454;753992552;F;23;˜˜;388;2023-06-07;2023-08-05 12:14:51;˜˜˜˜˜˜˜˜˜˜˜˜˜˜˜ ˜˜˜;LWR
2455;756544268;F;44;˜˜;1574;2018-04-13;2018-04-19 12:15:02;˜˜˜˜˜˜˜˜˜˜ ˜˜˜;LWR
2456;1034603364;M;52;˜˜;925;2018-10-31;2018-11-02 16:50:34;˜˜˜˜˜˜˜˜˜˜˜˜˜ ˜˜˜˜;LWR
2457;962200937;M;38;˜˜;925;2018-03-14;2018-03-24 12:20:12;˜˜˜˜˜˜˜˜ ˜˜˜;LWR
2458;829521751;F;35;˜˜;925;2020-07-07;2024-02-10 20:45:12;˜˜˜˜ ˜˜˜˜˜˜˜˜;LWR
2459;755834860;M;35;˜˜;925;2020-10-01;2024-07-09 13:29:05;˜˜˜˜˜˜˜˜˜˜˜˜˜ ˜˜˜˜;LWR
2460;1159975237;M;34;˜˜˜˜˜˜˜˜˜;0;2024-03-17;2024-03-21 20:01:14;˜˜˜˜˜˜˜˜˜˜˜˜ ˜˜˜;LWR
2461;851067608;F;33;˜˜;925;2017-06-28;2020-05-25 22:23:37;˜˜˜˜˜˜˜˜˜˜˜˜˜ ˜˜˜˜;LWR
2462;937817512;M;37;˜˜;648;2018-08-20;2024-04-12 12:54:36;˜˜˜˜˜˜˜˜˜˜˜˜˜˜ ˜˜˜˜;LWR
2463;1156547213;M;41;˜˜;1111;2023-09-02;2023-09-02 15:05:13;˜˜˜˜˜˜˜˜˜˜˜˜ ˜˜˜;LWR
2464;610100683;M;40;˜˜;1111;2016-10-10;2020-03-08 06:27:46;˜˜˜˜˜˜˜˜˜˜˜˜ ˜˜˜˜;LWR
2465;259091961;M;31;˜˜;0;2022-11-29;2022-11-30 01:08:44;0;LWR
2466;131040090;M;37;˜˜;9;2024-10-10;2024-10-12 10:44:47;˜˜˜˜ ˜˜˜˜˜˜˜˜˜;LWR
2467;811617414;F;30;˜˜;0;2022-02-28;2022-03-01 16:00:53;0;LWR
2468;634923046;M;26;˜˜;1157;2021-02-12;2021-02-12 21:16:09;˜ ˜˜˜˜˜-˜˜˜˜˜˜˜˜˜;LWR
2469;526771528;M;32;˜˜;740;2024-04-15;2024-04-28 13:50:48;˜˜˜˜˜˜˜˜˜˜˜˜ ˜˜˜;LWR
2470;748231248;F;20;˜˜;138;2023-11-01;2023-11-01 21:08:54;˜˜˜˜˜˜˜˜˜˜˜˜˜ ˜˜˜;LWR
2471;272631437;M;30;˜˜;777;2018-09-06;2018-09-10 12:39:07;˜˜˜˜˜˜˜˜˜ ˜˜˜;LWR
2472;901182720;F;23;˜˜;833;2021-02-02;2021-02-02 21:37:42;˜˜˜˜˜˜˜˜˜˜ ˜˜˜;LWR
2473;301404870;M;37;˜˜;740;2021-01-29;2021-01-29 17:57:25;˜˜˜˜˜˜˜˜˜˜ ˜˜˜;LWR
2474;320556162;F;28;˜˜;759;2017-11-22;2021-12-01 14:17:42;˜˜˜˜˜˜˜˜˜˜˜˜ ˜˜˜;LWR
2475;909782724;F;51;˜˜;0;2021-04-01;2021-04-01 17:52:29;˜˜˜˜˜˜˜˜˜˜˜˜˜ ˜˜˜;LWR
2476;268027341;M;20;˜˜;462;2022-05-16;2022-05-16 09:37:48;0;LWR
2477;1020585871;F;32;˜˜;1851;2022-10-27;2022-10-27 15:59:34;˜˜˜˜˜˜˜ ˜˜˜;LWR
2478;306257251;M;39;˜˜˜˜˜˜˜˜;833;2021-05-03;2022-02-08 01:46:52;˜˜˜˜˜˜˜˜˜ ˜˜˜;LWR
2479;364322507;F;48;˜˜;0;2024-05-02;2024-05-02 20:18:10;0;LWR
2480;901830144;F;67;˜˜;0;2023-07-09;2023-07-14 20:49:05;0;LWR
2481;966688566;F;26;˜˜;648;2022-07-02;2022-07-02 01:08:13;˜˜˜˜˜˜˜˜˜˜˜˜˜ ˜˜˜;LWR
2482;1205079436;M;36;˜˜;833;2024-09-03;2024-09-03 21:42:41;˜˜˜˜ ˜˜˜˜;LWR
2483;243733824;F;42;˜˜;370;2020-03-24;2020-06-03 21:44:40;˜ ˜˜˜˜˜˜;LWR
2484;807088984;F;52;˜˜;138;2021-11-18;2022-02-08 08:55:49;˜˜˜˜˜˜˜˜˜˜ ˜˜˜;LWR
2485;1202738382;F;22;˜˜;555;2021-06-03;2021-06-10 10:54:02;˜˜˜˜˜˜˜˜˜˜˜˜˜ ˜˜˜;LWR
2486;743517127;M;29;˜˜;555;2024-03-03;2024-03-03 10:04:04;˜˜˜˜˜˜˜˜˜˜˜˜˜ ˜˜˜˜;LWR
2487;623049699;F;57;˜˜;925;2012-06-16;2023-10-19 13:20:26;˜˜˜˜˜˜˜˜˜˜ ˜˜˜;LWR
2488;794483912;F;44;˜˜;462;2020-03-29;2020-06-04 18:38:54;˜˜˜˜˜˜˜˜ ˜˜˜;LWR
2489;909484057;M;51;˜˜;462;2023-04-12;2023-04-12 14:04:43;0;LWR
2490;1185744174;M;43;˜˜;925;2021-06-25;2021-08-21 03:58:27;˜ ˜˜˜˜˜˜;LWR
2491;391383028;M;29;˜˜˜˜˜˜˜˜;925;2020-02-20;2020-02-21 16:37:25;˜ ˜˜˜˜˜˜;LWR
2492;1054176780;M;34;˜˜;4629;2021-01-05;2021-01-05 12:21:47;˜ ˜˜˜˜˜˜;LWR
2493;973776303;F;24;˜˜;277;2023-07-31;2023-07-31 12:11:50;˜˜˜˜˜˜˜ ˜˜˜;LWR
2494;862573058;F;47;˜˜;0;2021-06-26;2021-06-27 14:24:40;0;MED
2495;761604188;F;43;˜˜;1388;2022-04-16;2022-04-16 19:07:39;˜˜˜˜˜˜˜˜˜˜ ˜˜˜;LWR
2496;1210175642;F;41;˜˜;0;2024-10-17;2024-10-16 14:32:57;0;LWR
2497;367525778;M;69;˜˜;1388;2023-07-11;2023-07-11 07:31:38;˜˜˜˜˜˜˜˜˜˜˜ ˜˜˜˜;LWR
2498;137635161;M;73;˜˜;0;2020-01-18;2020-01-20 12:28:08;˜ ˜˜˜˜˜˜;LWR
2499;764906989;F;34;˜˜;351;2024-04-14;2024-04-14 21:53:56;˜˜˜˜˜˜˜˜˜˜˜ ˜˜˜;LWR
2500;795520530;F;53;˜˜;333;2017-12-29;2018-01-28 17:27:32;˜˜˜˜˜˜˜˜˜˜˜˜ ˜˜˜˜;MED
2501;630678454;M;30;˜˜;1157;2024-03-21;2024-03-21 02:10:40;˜ ˜˜˜˜˜˜;LWR
2502;220608658;F;24;˜˜;277;2022-03-02;2022-03-02 20:14:26;˜ ˜˜˜˜˜˜;LWR
2503;1039852253;M;22;˜˜;0;2022-03-21;2022-03-21 15:18:50;0;LWR
2504;542643038;F;30;˜˜;277;2018-05-22;2018-05-23 15:22:44;˜ ˜˜˜˜˜-˜˜˜˜˜˜˜˜˜;LWR
2505;779337471;M;53;˜˜;1574;2019-09-16;2019-09-17 17:37:08;˜˜˜˜˜˜˜˜˜˜ ˜˜˜;LWR
2506;1033769775;M;49;˜˜;1944;2021-04-15;2022-03-01 10:20:52;˜˜˜˜˜˜˜˜˜˜˜˜ ˜˜˜˜;LWR
2507;1215273327;F;23;˜˜;185;2023-05-03;2023-05-03 12:42:57;˜˜˜˜˜˜˜˜˜ ˜˜˜;LWR
2508;909078714;F;31;˜˜;555;2016-10-28;2019-05-08 19:18:41;˜˜˜˜˜˜˜˜˜˜ ˜˜˜;LWR
2509;1000073495;M;46;˜˜;0;2025-02-09;2025-02-11 08:58:40;˜˜˜˜˜˜˜˜˜˜ ˜˜˜˜;LWR
2510;113585739;F;56;˜˜;0;2024-11-24;2024-11-26 10:35:45;0;LWR
2511;956789634;M;39;˜˜;0;2023-11-11;2023-11-11 13:21:34;0;LWR
2512;972519423;F;34;˜˜;277;2019-12-05;2021-04-19 22:21:54;˜˜˜˜˜˜˜˜ ˜˜˜;LWR
2513;753511870;F;27;˜˜;0;2021-11-24;2022-02-08 12:15:36;˜˜˜˜˜˜˜˜˜˜˜˜ ˜˜˜;LWR
2514;394136600;F;31;˜˜;740;2023-12-13;2023-08-23 19:09:49;˜˜˜˜˜˜˜˜˜˜˜ ˜˜˜;LWR
2515;526456718;F;59;˜˜;0;2021-05-23;2021-05-25 13:15:53;˜˜˜˜˜˜˜˜˜˜˜˜˜˜˜ ˜˜˜;LWR
2516;1141030546;F;35;˜˜;740;2021-03-19;2021-03-19 07:58:14;˜˜˜˜˜˜˜ ˜˜˜;LWR
2517;863933322;F;37;˜˜;462;2023-12-21;2023-12-23 12:03:26;˜˜˜˜ ˜˜˜˜˜˜˜˜ ˜˜˜˜˜˜ - ˜˜˜˜˜˜;LWR
2518;81475585;M;45;˜˜;1851;2014-05-14;2017-05-15 21:52:36;˜˜˜˜˜˜˜˜˜˜ ˜˜˜;LWR
2519;807879701;M;37;˜˜;0;2023-08-06;2023-08-06 12:14:08;0;LWR
2520;141227686;M;31;˜˜;648;2019-01-15;2022-07-22 22:02:25;˜˜˜˜˜˜˜˜˜˜˜ ˜˜˜;LWR
2521;346521958;M;24;˜˜;0;2022-09-28;2022-09-28 15:45:06;0;LWR
2522;852834427;M;49;˜˜;740;2024-06-21;2024-06-21 14:03:03;˜˜˜˜˜˜˜˜˜˜˜ ˜˜˜˜;LWR
2523;908881315;F;21;˜˜;925;2022-06-22;2022-06-22 14:12:56;˜˜˜˜˜˜˜˜˜˜˜˜˜ ˜˜˜;LWR
2524;423648416;F;36;˜˜;0;2023-12-09;2023-12-09 10:04:26;˜˜˜˜ ˜˜˜˜˜˜˜˜ ˜˜˜˜˜˜˜˜;LWR
2525;748590173;M;29;˜˜;787;2018-07-03;2023-06-22 13:56:28;˜˜˜˜˜˜˜˜˜˜˜˜ ˜˜˜˜;LWR
2526;724785053;M;49;˜˜;0;2023-08-27;2023-08-27 19:36:02;˜˜˜˜˜˜˜˜˜˜˜˜˜ ˜˜˜;LWR
2527;393332112;F;21;˜˜;231;2023-06-12;2023-06-13 11:22:42;˜˜˜˜˜˜˜˜˜˜ ˜˜˜;LWR
2528;292117999;M;53;˜˜;462;2019-07-02;2019-07-04 12:11:43;˜ ˜˜˜˜˜-˜˜˜˜˜˜˜˜˜;LWR
2529;504526068;M;18;˜˜;0;2020-12-07;2022-05-19 12:21:03;˜˜˜˜˜˜˜˜ ˜˜˜˜;LWR
2530;858653979;F;40;˜˜;2777;2022-06-04;2022-06-12 12:05:25;˜˜˜˜˜˜˜˜˜˜˜˜˜ ˜˜˜;LWR
2531;859417001;F;61;˜˜;0;2024-03-05;2024-03-08 09:00:10;˜˜˜˜˜˜˜˜˜˜˜ ˜˜˜;LWR
2532;701285060;M;44;˜˜;453;2020-12-23;2022-02-08 08:21:05;˜˜˜˜˜˜˜˜˜˜˜˜˜ ˜˜˜;LWR
2533;851339142;M;37;˜˜;925;2018-02-16;2018-02-19 16:51:21;˜˜˜˜˜˜˜˜˜ ˜˜˜˜˜˜˜˜˜˜ - ˜˜˜˜˜˜˜;LWR
2534;865045167;M;56;˜˜;1388;2013-08-23;2013-10-10 18:25:58;˜˜˜˜˜˜˜˜˜˜ ˜˜˜;LWR
2535;1145482775;M;35;˜˜;2314;2024-03-01;2024-03-03 15:18:28;˜˜˜˜ ˜˜˜˜˜˜˜˜;LWR
2536;522746062;F;29;˜˜;1851;2018-04-26;2018-05-06 12:44:26;˜ ˜˜˜˜˜˜;LWR
2537;863295897;F;28;˜˜;601;2024-06-18;2024-07-02 10:11:42;˜˜˜˜˜˜˜˜˜˜˜˜ ˜˜˜;LWR
2538;79158803;F;52;˜˜;0;2024-12-18;2024-12-26 19:31:05;˜˜˜˜˜˜˜ ˜˜˜˜˜˜˜;LWR
2539;1018120238;F;46;˜˜;1388;2021-02-11;2021-02-11 19:23:13;˜˜˜˜˜˜˜˜˜˜˜˜ ˜˜˜;LWR
2540;1020790404;M;33;˜˜;925;2022-09-21;2022-09-24 12:34:33;˜˜˜˜˜˜˜˜˜˜˜˜˜ ˜˜˜;LWR
2541;695702851;M;44;˜˜;1388;2013-01-23;2014-06-11 10:44:30;˜ ˜˜˜˜˜-˜˜˜˜˜˜˜˜˜;LWR
2542;611035909;M;28;˜˜;1574;2019-11-15;2019-11-17 17:56:15;˜˜˜˜˜˜˜˜˜˜˜ ˜˜˜;LWR
2543;1078664687;F;42;˜˜;462;2024-07-23;2024-07-23 18:23:43;˜˜˜˜˜˜ ˜˜˜;LWR
2544;1016031711;M;33;˜˜;1203;2021-12-16;2022-02-24 03:18:38;˜˜˜˜˜˜˜˜˜˜ ˜˜˜;LWR
2545;704840124;M;41;˜˜;0;2021-05-19;2021-05-19 18:10:12;˜˜˜˜˜˜˜˜˜˜ ˜˜˜;LWR
2546;676643470;M;41;˜˜;555;2024-06-17;2024-06-24 13:56:11;0;LWR
2547;335422021;M;31;˜˜;5555;2016-02-06;2023-10-14 11:52:01;˜˜˜˜˜˜˜˜˜˜ ˜˜˜;LWR
2548;1033013505;F;53;˜˜;0;2024-06-02;2024-06-02 10:44:52;0;LWR
2549;358356367;M;34;˜˜;9248;2022-05-11;2022-05-11 16:34:02;˜˜˜˜˜˜˜˜˜˜˜˜˜ ˜˜˜;LWR
2550;751202391;M;32;˜˜;462;2023-11-03;2023-11-03 08:46:56;˜˜˜˜˜˜˜˜˜˜˜˜ ˜˜˜˜;LWR
2551;323834787;F;27;˜˜;925;2021-03-13;2021-03-13 21:45:15;˜ ˜˜˜˜˜˜;LWR
2552;128536680;M;18;˜˜;0;2024-03-20;2024-03-22 13:36:18;0;MED
2553;970228776;F;26;˜˜;1388;2017-06-30;2020-12-04 16:34:54;˜˜˜˜ ˜˜˜˜˜˜˜˜˜;LWR
2554;807342864;M;30;˜˜˜˜˜˜˜;0;2024-09-03;2024-09-03 07:25:30;˜˜˜˜ ˜˜˜˜ /˜˜˜˜˜˜/;LWR
2555;786732819;M;35;˜˜;2314;2017-06-04;2017-06-06 13:11:31;˜˜˜˜˜˜˜˜˜˜ ˜˜˜;LWR
2556;891260755;F;38;˜˜;555;2021-03-11;2021-03-12 21:43:08;˜˜˜˜˜˜˜˜˜˜˜ ˜˜˜;LWR
2557;652660332;F;17;˜˜;0;2022-06-28;2022-06-28 18:43:49;0;LWR
2558;599282070;F;22;˜˜;1111;2021-03-29;2021-03-29 16:05:02;˜˜˜˜˜˜˜˜˜ ˜˜˜;LWR
2559;219644464;M;27;˜˜;0;2021-08-02;2025-01-24 19:26:13;˜ ˜˜˜˜˜˜˜˜˜˜˜;LWR
2560;1033526568;F;25;˜˜;111;2021-09-01;2021-09-07 21:15:34;˜˜˜˜˜˜˜˜˜˜˜ ˜˜˜;LWR
2561;321178892;F;23;˜˜;37;2022-03-03;2022-03-06 16:39:02;˜˜˜˜˜˜˜˜˜˜˜˜˜ ˜˜˜;LWR
2562;965181132;F;23;˜˜;787;2020-08-19;2023-09-19 16:52:24;˜ ˜˜˜˜˜˜;LWR
2563;254902282;M;30;˜˜;1388;2019-12-07;2019-12-09 12:03:13;˜˜˜˜˜˜˜˜˜˜˜ ˜˜˜;LWR
2564;1036597880;M;30;˜˜;1111;2021-05-23;2021-05-31 22:08:10;˜˜˜˜˜˜˜˜˜ ˜˜˜˜˜˜˜˜˜˜ - ˜˜˜˜˜˜˜;LWR
2565;1061279372;M;19;˜˜;0;2020-10-20;2020-10-20 20:26:23;0;LWR
2566;973123255;F;26;˜˜;740;2023-10-05;2023-10-05 11:16:17;˜˜˜˜˜˜˜˜˜˜˜˜˜ ˜˜˜˜;LWR
2567;899024212;M;19;˜˜;833;2019-12-21;2019-12-24 14:14:25;˜˜˜˜˜˜˜˜˜˜ ˜˜˜;LWR
2568;1058773682;F;20;˜˜;138;2019-09-24;2019-09-27 12:47:25;˜˜˜˜˜˜ ˜˜˜;LWR
2569;273468534;M;41;˜˜;555;2020-11-15;2020-11-18 23:21:11;0;LWR
2570;812328137;M;20;˜˜;0;2021-03-05;2022-06-28 12:53:03;˜ ˜˜˜˜˜˜;LWR
2571;829536033;F;30;˜˜;0;2020-06-25;2020-06-26 18:21:48;0;LWR
2572;603447563;F;38;˜˜;3703;2018-06-01;2018-06-04 09:01:20;˜˜˜˜˜˜˜˜˜˜˜ ˜˜˜;MED
2573;169338781;F;58;˜˜;0;2024-02-11;2024-02-14 16:33:10;0;LWR
2574;163413482;F;51;˜˜;1388;2017-02-21;2019-09-12 13:27:27;˜ ˜˜˜˜˜˜;LWR
2575;810810052;F;25;˜˜;740;2018-12-04;2019-01-04 21:21:35;˜˜˜˜˜˜˜˜˜˜˜˜ ˜˜˜;LWR
2576;382447846;F;40;˜˜;1851;2020-10-08;2020-10-08 11:53:16;˜˜˜˜ ˜˜˜˜˜˜˜;LWR
2577;937121968;M;31;˜˜;1388;2017-06-15;2022-03-23 19:39:23;˜˜˜˜˜˜˜˜˜˜˜ ˜˜˜;LWR
2578;542766233;F;18;˜˜;0;2020-06-27;2021-01-27 20:26:58;0;LWR
2579;968106354;F;34;˜˜;1111;2021-06-30;2022-02-19 16:11:22;˜ ˜˜˜˜˜˜;LWR
2580;325388628;F;33;˜˜;1388;2017-10-30;2017-11-01 22:06:23;˜˜˜˜˜˜˜˜˜˜˜˜˜ ˜˜˜;LWR
2581;1044709075;M;35;˜˜;0;2023-08-21;2023-08-21 18:08:58;˜˜˜˜˜˜˜˜˜˜˜˜˜ ˜˜˜;LWR
2582;1039163608;F;56;˜˜;740;2021-03-23;2021-03-25 19:24:53;˜˜˜˜˜˜˜˜˜˜˜˜˜ ˜˜˜˜;LWR
2583;733449926;M;66;˜˜;879;2023-04-24;2023-04-24 20:59:49;˜˜˜˜˜˜˜˜˜˜˜˜˜ ˜˜˜;LWR
2584;536171616;F;24;˜˜;509;2019-12-11;2022-02-08 14:27:35;˜˜˜˜˜˜˜˜˜˜˜˜ ˜˜˜˜;LWR
2585;1151649602;M;46;˜˜;925;2010-08-10;2020-12-07 20:16:54;˜˜˜˜˜˜˜˜˜˜˜˜ ˜˜˜;LWR
2586;871202747;F;24;˜˜;101;2021-04-22;2021-05-04 15:11:11;˜ ˜˜˜˜˜˜;LWR
2587;640785439;M;28;˜˜;0;2022-04-09;2022-04-09 09:20:46;0;LWR
2588;371346233;F;33;˜˜;1203;2021-05-19;2021-05-24 12:27:51;˜˜˜˜˜˜˜˜˜˜˜˜˜ ˜˜˜˜;LWR
2589;143117544;F;23;˜˜;606;2021-06-26;2023-06-22 18:26:56;˜˜˜˜˜˜˜˜˜˜ ˜˜˜;LWR
2590;770299375;F;50;˜˜;601;2018-08-29;2020-04-28 08:16:15;˜˜˜˜˜˜˜˜ ˜˜˜˜;LWR
2591;1176316766;F;23;˜˜;1851;2022-08-28;2022-08-28 14:35:22;˜˜˜˜˜˜˜˜˜˜˜˜ ˜˜˜;LWR
2592;904454583;F;54;˜˜;462;2023-01-11;2023-01-11 13:42:33;˜˜˜˜˜˜˜˜˜˜˜˜˜ ˜˜˜˜;LWR
2593;161721949;F;35;˜˜;740;2022-06-21;2022-06-21 13:15:45;0;LWR
2594;505154623;F;44;˜˜;925;2021-04-23;2021-04-24 11:26:20;˜˜˜˜˜˜˜˜˜˜ ˜˜˜;LWR
2595;798885654;M;39;˜˜;1111;2021-12-19;2022-02-12 13:35:42;˜˜˜˜˜-˜˜˜˜˜˜˜˜˜˜ ˜˜˜˜˜˜˜˜˜˜ ˜˜˜˜˜ - ˜˜˜˜ ˜˜;MED
2596;821336696;F;45;˜˜;277;2022-10-28;2022-10-31 12:04:04;˜˜˜˜ ˜˜˜˜˜˜˜˜˜;LWR
2597;328982437;M;37;˜˜;185;2024-08-13;2024-08-13 20:25:05;˜˜˜˜˜˜˜˜˜˜˜˜˜˜ ˜˜˜˜;LWR
2598;1015216646;F;49;˜˜;555;2025-03-10;2025-03-10 16:44:59;˜˜˜˜˜˜˜˜˜ ˜˜˜;LWR
2599;686577445;F;23;˜˜;277;2022-03-21;2022-03-21 23:36:20;˜ ˜˜˜˜˜-˜˜˜˜˜˜˜˜˜;LWR
2600;308057236;F;49;˜˜;925;2019-06-22;2019-07-24 10:03:59;˜˜˜˜˜˜˜˜˜˜˜˜˜ ˜˜˜;LWR
2601;612068742;M;21;˜˜;509;2021-08-12;2022-02-08 14:08:48;˜ ˜˜˜˜˜˜;LWR
2602;959077736;M;38;˜˜;1111;2018-08-03;2018-08-08 10:56:30;˜˜˜˜˜˜˜˜˜ ˜˜˜;LWR
2603;367019751;F;37;˜˜;2641;2021-10-19;2022-03-25 14:05:53;˜ ˜˜˜˜˜˜;LWR
2604;144232012;F;26;˜˜;925;2019-09-25;2020-04-24 20:51:46;˜˜˜˜˜˜˜˜˜˜˜˜˜˜ ˜˜˜˜;LWR
2605;679513523;M;51;˜˜;462;2022-10-22;2022-10-23 18:49:55;˜˜˜˜˜˜˜ ˜˜˜;LWR
2606;1143602118;F;27;˜˜;740;2022-01-01;2022-02-09 10:20:18;˜˜˜˜˜˜˜˜˜˜˜˜˜ ˜˜˜;LWR
2607;598818699;M;42;˜˜;1388;2018-09-27;2018-10-06 11:26:07;˜˜˜˜ ˜˜˜˜˜˜˜˜˜;LWR
2608;399623569;F;21;˜˜;0;2023-11-28;2023-12-02 13:10:11;0;LWR
2609;1051368158;F;19;˜˜;1111;2022-09-12;2022-09-12 12:01:03;˜˜˜˜˜˜˜˜˜˜˜˜ ˜˜˜;LWR
2610;116226524;M;47;˜˜;462;2020-09-05;2024-11-15 13:39:55;˜˜˜˜˜˜˜˜˜˜˜˜˜˜˜ ˜˜˜;LWR
2611;1211340297;F;55;˜˜;740;2024-05-06;2024-05-13 12:24:30;˜˜˜˜˜˜˜˜˜˜˜ ˜˜˜;LWR
2612;866216359;M;23;˜˜;555;2019-12-18;2019-12-23 07:51:01;˜˜˜˜˜˜˜˜˜˜ ˜˜˜˜;LWR
2613;1045604309;M;34;˜˜;925;2022-09-24;2022-09-24 20:17:28;˜˜˜˜˜˜˜˜˜˜˜˜˜ ˜˜˜;LWR
2614;1183470951;M;58;˜˜;0;2022-04-11;2022-04-11 09:39:53;0;LWR
2615;1080714783;M;41;˜˜;9259;2017-10-24;2017-10-27 13:24:31;˜˜˜˜˜˜˜˜˜˜˜˜˜˜ ˜˜˜˜;LWR
2616;251947183;F;23;˜˜;833;2021-12-09;2022-02-09 15:58:03;˜˜˜˜˜˜˜˜˜˜ ˜˜˜˜;LWR
2617;524212886;F;26;˜˜;370;2023-01-23;2023-01-26 11:35:13;˜˜˜˜˜˜˜˜˜˜˜˜ ˜˜˜;LWR
2618;1001139403;F;18;˜˜;0;2024-03-29;2024-03-29 22:38:20;˜ ˜˜˜˜˜˜;LWR
2619;389965891;F;28;˜˜;833;2021-08-04;2022-03-25 18:09:46;˜ ˜˜˜˜˜˜;LWR
2620;744491966;M;22;˜˜;0;2022-10-11;2022-10-11 07:31:41;0;LWR
2621;676533626;F;63;˜˜;1666;2021-04-28;2021-04-28 19:00:49;˜ ˜˜˜˜˜˜;LWR
2622;692002899;M;23;˜˜;925;2021-02-10;2021-02-14 15:28:21;˜˜˜˜˜˜˜˜˜˜˜˜˜˜ ˜˜˜˜;LWR
2623;798013298;M;39;˜˜;1296;2019-12-09;2019-12-10 16:34:41;˜˜˜˜ ˜˜˜˜˜˜˜˜˜;LWR
2624;1044417114;M;57;˜˜;601;2021-06-28;2022-02-27 21:00:18;˜ ˜˜˜˜˜˜;LWR
2625;785636714;F;20;˜˜;925;2023-12-25;2023-12-25 12:06:21;˜˜˜˜˜˜˜˜˜˜ ˜˜˜;LWR
2626;1169107129;F;42;˜˜;740;2016-04-30;2021-01-29 12:03:07;˜˜˜˜ ˜˜˜˜˜˜˜˜˜˜;LWR
2627;311590381;F;41;˜˜;1263;2024-10-21;2024-10-21 06:04:22;0;LWR
2628;391572141;M;39;˜˜;462;2017-09-23;2017-09-28 13:24:50;˜˜˜˜˜˜˜˜˜ ˜˜˜˜˜˜˜˜˜˜ ˜˜˜˜˜˜˜;LWR
2629;273765385;M;21;˜˜;0;2020-12-24;2021-03-06 12:36:44;0;LWR
2630;3510925;F;16;˜˜;0;2022-09-14;2022-09-14 12:54:37;˜ ˜˜˜˜˜˜;LWR
2631;703665065;M;29;˜˜;370;2024-04-12;2024-04-13 11:15:08;˜˜˜˜ ˜˜˜˜˜˜˜˜ ˜˜˜˜˜˜˜˜;LWR
2632;510004688;M;37;˜˜;740;2016-04-22;2016-04-25 16:39:25;˜˜˜˜˜˜˜˜˜ ˜˜˜˜˜˜˜˜˜˜ - ˜˜˜˜˜˜˜;LWR
2633;267167169;M;41;˜˜;1111;2020-05-26;2020-10-27 12:01:09;˜˜˜˜˜˜˜˜˜˜˜˜˜ ˜˜˜˜;LWR
2634;609963788;F;29;˜˜;601;2023-07-21;2023-07-21 10:54:25;˜˜˜˜˜˜˜˜˜˜ ˜˜˜;LWR
2635;697290831;F;48;˜˜;0;2022-10-04;2022-10-04 17:41:15;0;LWR
2636;896329761;M;43;˜˜;1851;2021-10-23;2021-11-05 12:20:43;˜˜˜˜˜˜˜˜˜˜˜ ˜˜˜˜˜˜˜ - ˜˜˜˜˜˜˜;LWR
2637;697975915;M;32;˜˜;0;2020-02-18;2020-02-20 08:21:18;˜˜˜˜˜˜˜˜ ˜˜˜;LWR
2638;1153661231;F;18;˜˜;0;2022-09-06;2022-09-20 20:50:05;0;LWR
2639;757154689;F;28;˜˜;648;2016-07-27;2022-11-06 16:14:49;˜˜˜˜˜˜˜˜˜˜˜˜˜ ˜˜˜˜;LWR
2640;212509399;M;59;˜˜;2777;2022-02-17;2022-02-19 06:11:39;˜˜˜˜ ˜˜˜˜˜˜˜;LWR
2641;749320676;F;33;˜˜;3240;2013-09-24;2022-06-03 02:44:38;˜˜˜˜˜˜˜˜˜˜ ˜˜˜;LWR
2642;308921774;M;37;˜˜;370;2018-10-25;2020-10-03 18:55:24;˜˜˜˜˜˜˜˜˜˜˜˜ ˜˜˜;LWR
2643;944565082;M;60;˜˜;0;2017-08-04;2024-12-13 11:34:19;˜˜˜˜˜˜˜˜˜˜˜˜ ˜˜˜;LWR
2644;3622895;F;30;˜˜;370;2021-08-01;2022-02-08 05:16:51;˜˜˜˜˜˜˜˜˜˜˜ ˜˜˜˜˜˜˜ - ˜˜˜˜˜˜˜;LWR
2645;683038814;F;41;˜˜;555;2022-06-10;2022-06-10 16:11:07;˜˜˜˜˜˜˜˜ ˜˜˜;LWR
2646;267760015;F;25;˜˜;925;2022-12-07;2022-12-07 13:15:03;˜˜˜˜ ˜˜˜˜˜˜˜˜˜;LWR
2647;903529111;F;25;˜˜;796;2022-05-30;2022-06-04 16:46:27;˜ ˜˜˜˜˜-˜˜˜˜˜˜˜˜˜;LWR
2648;139558380;M;44;˜˜;481;2021-11-05;2022-02-08 00:20:43;˜˜˜˜ ˜˜˜˜˜˜˜˜;LWR
2649;317878977;F;42;˜˜;1851;2017-03-31;2020-11-01 18:11:45;˜˜˜˜˜˜˜˜˜˜˜˜˜ ˜˜˜˜;LWR
2650;370360957;M;38;˜˜;2314;2017-04-04;2017-04-06 14:53:29;˜ ˜˜˜˜˜˜;LWR
2651;815161995;F;26;˜˜;740;2022-11-08;2022-11-08 20:44:20;˜˜˜˜˜˜˜˜˜˜˜ ˜˜˜;LWR
2652;315521075;F;56;˜˜;0;2024-06-08;2024-06-08 13:45:14;0;LWR
2653;936702877;F;54;˜˜;1388;2016-10-18;2023-04-20 09:51:56;˜˜˜˜˜˜˜˜˜˜˜ ˜˜˜;LWR
2654;725114818;F;32;˜˜;370;2021-07-26;2021-07-28 11:19:18;˜˜˜˜ ˜˜˜˜˜ ˜˜;LWR
2655;156852382;M;46;˜˜;648;2017-02-09;2017-02-21 12:58:05;˜ ˜˜˜˜˜-˜˜˜˜˜˜˜˜˜;LWR
2656;167931280;F;51;˜˜;416;2021-06-26;2022-02-09 12:39:21;˜˜˜˜˜˜˜˜˜˜ ˜˜˜;LWR
2657;787108100;F;37;˜˜;324;2022-05-28;2022-05-28 20:44:19;˜˜˜˜˜˜˜˜˜ ˜˜˜;LWR
2658;523788491;F;23;˜˜;509;2020-11-17;2020-11-23 09:31:58;˜˜˜˜˜˜˜˜ ˜˜˜˜;LWR
2659;686789653;M;39;˜˜˜˜˜˜˜˜;0;2021-01-19;2021-01-19 18:01:30;˜ ˜˜˜˜˜˜;LWR
2660;426809332;M;34;˜˜;630;2024-02-17;2024-01-30 11:59:05;˜˜˜˜˜˜˜˜˜˜˜ ˜˜˜˜;LWR
2661;1073669100;M;40;˜˜;3703;2013-02-22;2013-03-01 11:06:10;˜ ˜˜˜˜˜-˜˜˜˜˜˜˜˜˜;LWR
2662;761438361;M;29;˜˜˜˜˜˜˜˜˜;0;2024-07-10;2024-07-10 21:22:58;˜˜˜˜˜˜˜˜˜˜˜˜ ˜˜˜;LWR
2663;767936625;F;62;˜˜;0;2023-04-11;2023-04-11 19:23:41;0;LWR
2664;909074136;F;48;˜˜;3240;2019-09-06;2019-09-10 19:17:28;˜˜˜˜˜˜˜˜˜˜˜˜ ˜˜˜;LWR
2665;755859143;M;50;˜˜;694;2018-08-25;2018-08-27 20:11:30;˜˜˜˜˜˜˜˜˜˜˜˜˜˜˜ ˜˜˜;LWR
2666;777137679;F;49;˜˜;0;2022-08-15;2022-08-15 18:31:49;˜ ˜˜˜˜˜-˜˜˜˜˜˜˜˜˜;LWR
2667;547901057;F;48;˜˜;1111;2017-12-06;2022-02-08 15:36:42;˜˜˜˜˜˜˜˜˜˜˜˜˜ ˜˜˜˜;LWR
2668;370989723;F;53;˜˜;4722;2023-12-14;2023-12-14 09:37:52;˜˜˜˜˜˜˜˜˜ ˜˜˜˜;LWR
2669;665639055;F;40;˜˜;0;2025-03-20;2025-03-20 18:45:18;0;LWR
2670;1079362941;M;40;˜˜;2342;2018-02-12;2018-06-13 16:10:15;˜˜˜˜˜-˜˜˜˜˜˜˜˜˜˜ ˜˜˜˜˜˜˜˜˜˜ ˜˜˜˜˜ - ˜˜˜˜ ˜˜;LWR
2671;868792765;M;44;˜˜;324;2022-05-06;2023-01-14 09:35:47;˜˜˜˜˜˜˜˜ ˜˜˜˜;LWR
2672;368051253;F;26;˜˜;879;2021-01-29;2021-04-13 22:41:49;˜˜˜˜˜˜˜˜˜˜˜˜ ˜˜˜;LWR
2673;845067981;F;29;˜˜;925;2025-03-23;2025-03-26 11:41:45;˜˜˜˜˜˜˜˜˜˜ ˜˜˜;LWR
2674;260520889;M;37;˜˜;1018;2021-10-19;2022-08-31 02:01:43;˜˜˜˜˜˜˜˜˜˜˜ ˜˜˜˜;LWR
2675;1016787227;M;40;˜˜;787;2023-07-01;2023-07-01 22:27:19;˜˜˜˜˜˜˜˜ ˜˜˜;LWR
2676;687469075;F;39;˜˜;888;2018-05-20;2018-07-04 12:06:39;˜ ˜˜˜˜˜-˜˜˜˜˜˜˜˜˜;LWR
2677;1099015210;M;24;˜˜;1203;2018-08-04;2018-08-08 16:19:22;˜˜˜˜ ˜˜˜˜˜˜˜˜˜˜˜˜;LWR
2678;137617094;M;25;˜˜;4166;2019-11-29;2020-01-28 19:37:52;˜˜˜˜˜˜˜˜˜˜ ˜˜˜;LWR
2679;742806839;F;38;˜˜;0;2020-12-04;2020-12-04 15:59:49;˜ ˜˜˜˜˜˜;LWR
2680;133720644;M;35;˜˜;1453;2017-05-31;2019-05-30 17:44:01;˜˜˜˜ ˜˜˜˜˜˜˜˜˜˜;LWR
2681;965858394;M;53;˜˜;2777;2016-05-30;2020-04-06 20:02:28;˜ ˜˜˜˜˜-˜˜˜˜˜˜˜˜˜;LWR
2682;545765124;M;48;˜˜;833;2014-09-18;2014-09-29 14:39:13;˜˜˜˜˜˜˜˜˜˜ ˜˜˜;LWR
2683;164860291;M;41;˜˜;0;2020-10-29;2020-11-05 09:12:47;˜˜˜˜˜˜˜˜ ˜˜˜˜;LWR
2684;121676469;F;18;˜˜;231;2023-10-16;2023-10-16 18:45:09;0;LWR
2685;627011487;F;45;˜˜;0;2021-10-18;2022-02-08 17:25:15;˜ ˜˜˜˜˜-˜˜˜˜˜˜˜˜˜;LWR
2686;939865944;F;47;˜˜;416;2021-11-09;2022-02-11 11:49:30;˜˜˜˜˜˜˜˜˜ ˜˜˜;LWR
2687;537930498;F;56;˜˜;0;2021-10-30;2022-10-02 09:16:14;˜˜˜˜˜˜˜˜ ˜˜˜;LWR
2688;956851779;M;26;˜˜;462;2022-12-07;2021-11-25 18:00:59;˜˜˜˜˜˜˜˜˜˜˜ ˜˜˜;LWR
2689;388842756;F;24;˜˜;833;2021-10-18;2021-10-31 20:38:17;˜˜˜˜˜˜˜˜˜˜ ˜˜˜;LWR
2690;339892181;M;30;˜˜;0;2024-06-12;2024-06-13 11:56:50;0;LWR
2691;331781889;F;33;˜˜;0;2024-09-16;2023-02-28 09:15:16.540000;0;LWR
2692;993722759;F;36;˜˜;925;2020-11-02;2020-11-02 15:30:22;˜˜˜˜˜˜˜˜˜˜ ˜˜˜;LWR
2693;260090452;M;24;˜˜;925;2021-08-15;2021-08-29 13:46:23;˜˜˜˜˜˜˜˜˜˜˜˜ ˜˜˜;LWR
2694;1024405074;M;31;˜˜;462;2024-11-26;2024-11-26 13:26:08;˜˜˜˜˜˜˜˜˜˜˜ ˜˜˜;LWR
2695;345292035;M;26;˜˜;1944;2021-06-03;2021-06-04 03:52:34;˜ ˜˜˜˜˜˜;LWR
2696;35536831;M;44;˜˜;555;2020-08-23;2020-08-23 16:55:47;˜˜˜˜ ˜˜˜˜˜˜˜˜˜˜˜˜;LWR
2697;262901128;M;31;˜˜;2314;2021-04-01;2020-09-30 18:13:31;˜˜˜˜˜˜˜˜˜˜˜ ˜˜˜˜˜˜˜ - ˜˜˜˜˜˜˜;LWR
2698;746868165;F;21;˜˜;0;2021-06-29;2021-07-01 15:41:40;˜˜˜˜˜˜˜˜˜˜˜˜ ˜˜˜;LWR
2699;1062432486;M;34;˜˜;0;2025-03-01;2025-03-14 21:24:42;˜˜˜˜ ˜˜˜˜˜˜˜˜˜;LWR
2700;428851573;M;34;˜˜;1388;2021-10-22;2021-04-19 16:18:22;˜˜˜˜˜˜˜˜˜˜˜˜˜ ˜˜˜;LWR
2701;378861424;F;43;˜˜;1388;2016-01-08;2020-04-10 15:21:26;˜˜˜˜˜˜˜˜ ˜˜˜˜;LWR
2702;703422540;M;43;˜˜;0;2022-06-26;2022-06-29 20:42:13;˜˜˜˜˜˜˜˜˜˜˜˜˜ ˜˜˜;LWR
2703;359609432;M;59;˜˜;0;2020-12-11;2024-11-15 06:41:20;˜˜˜˜˜˜˜˜˜˜˜˜˜˜ ˜˜˜˜;LWR
2704;223685158;F;41;˜˜;2787;2017-08-14;2017-08-16 22:14:28;˜ ˜˜˜˜˜˜;LWR
2705;812326941;F;35;˜˜;0;2022-10-15;2022-10-15 20:13:04;0;LWR
2706;275273543;M;31;˜˜;694;2023-01-24;2024-09-06 17:01:28;˜˜˜˜˜˜˜˜˜˜˜˜˜ ˜˜˜˜;LWR
2707;529025218;M;50;˜˜;462;2024-07-11;2024-07-11 10:19:04;˜˜˜˜ ˜˜˜˜˜˜˜˜˜;LWR
2708;262883779;M;49;˜˜;925;2013-04-29;2013-04-30 11:16:23;˜˜˜˜ ˜˜˜˜˜˜;LWR
2709;154616805;M;33;˜˜;925;2020-07-25;2022-05-12 22:00:44;˜˜˜˜˜˜˜˜˜˜ ˜˜˜;LWR
2710;216762722;M;23;˜˜;0;2021-08-20;2021-08-22 19:05:09;˜˜˜˜ ˜˜˜˜˜ ˜˜;LWR
2711;1021223576;M;44;˜˜;1851;2020-07-03;2021-05-17 12:14:44;˜ ˜˜˜˜˜˜;LWR
2712;795499177;M;42;˜˜;1111;2025-03-13;2025-03-13 09:34:33;˜˜˜˜˜˜˜˜˜ ˜˜˜˜;LWR
2713;755298344;M;27;˜˜;925;2020-03-17;2020-04-01 13:44:23;˜˜˜˜˜˜˜˜˜˜ ˜˜˜;LWR
2714;281301202;M;35;˜˜;1388;2021-10-26;2022-03-02 14:59:06;˜˜˜˜ ˜˜˜˜˜˜˜˜˜;LWR
2715;284044466;F;65;˜˜;0;2025-03-14;2025-03-17 07:31:56;0;LWR
2716;289998386;M;48;˜˜;435;2022-12-02;2022-12-02 10:45:01;˜˜˜˜˜˜˜˜˜˜˜˜˜ ˜˜˜˜;LWR
2717;864744752;F;29;˜˜;1388;2022-12-15;2022-12-16 19:51:14;˜ ˜˜˜˜˜˜;LWR
2718;789086656;M;34;˜˜;925;2021-02-10;2021-02-11 07:10:57;˜˜˜˜˜˜˜˜˜˜˜˜˜ ˜˜˜˜;LWR
2719;864233416;F;32;˜˜;1296;2021-02-13;2021-02-19 11:36:31;˜ ˜˜˜˜˜˜;LWR
2720;561433495;F;37;˜˜;324;2011-05-25;2022-09-02 23:37:13;˜˜˜˜˜˜˜˜˜˜˜˜˜ ˜˜˜;LWR
2721;583629536;M;26;˜˜;1388;2023-12-30;2023-12-30 12:50:41;˜˜˜˜ ˜˜˜˜;LWR
2722;646974966;F;51;˜˜;0;2023-10-19;2023-10-19 17:50:57;˜˜˜˜˜˜˜˜˜˜˜˜˜ ˜˜˜;LWR
2723;169084367;M;42;˜˜;1388;2014-07-28;2017-01-26 21:46:04;˜ ˜˜˜˜˜˜;LWR
2724;1207075722;F;55;˜˜;92;2021-03-15;2021-03-16 22:22:58;˜˜˜˜˜˜˜˜˜˜ ˜˜˜;LWR
2725;586452619;M;28;˜˜˜˜˜˜˜˜˜˜;1388;2021-09-04;2022-02-11 08:37:30;˜˜˜˜ ˜˜˜˜˜˜˜˜˜;LWR
2726;902025551;M;22;˜˜;555;2021-03-03;2021-03-03 21:51:51;˜˜˜˜˜˜˜˜˜˜˜˜˜ ˜˜˜˜;LWR
2727;513963513;F;42;˜˜;925;2015-05-03;2015-07-03 04:39:01;˜˜˜˜˜˜˜˜˜˜ ˜˜˜˜;LWR
2728;165128982;M;40;˜˜;0;2023-02-21;2023-02-21 12:21:17;˜˜˜˜˜˜˜˜˜˜˜˜ ˜˜˜;LWR
2729;1155617445;M;52;˜˜;694;2018-03-10;2020-06-22 21:30:02;˜ ˜˜˜˜˜˜;LWR
2730;723213225;F;15;˜˜;0;2023-09-14;2023-09-23 09:12:28;0;MED
2731;607323349;M;50;˜˜;740;2019-10-23;2020-02-23 10:37:21;˜ ˜˜˜˜˜-˜˜˜˜˜˜˜˜˜;LWR
2732;593421521;M;45;˜˜;925;2021-10-26;2025-04-07 22:58:48;˜˜˜˜˜˜˜˜˜ ˜˜˜;LWR
2733;256355458;M;42;˜˜;555;2017-07-24;2017-09-11 04:02:32;˜˜˜˜˜˜˜˜˜˜˜ ˜˜˜;LWR
2734;221279718;M;40;˜˜;1574;2015-07-21;2022-03-23 13:16:28;˜˜˜˜ ˜˜˜˜˜˜˜˜˜˜˜˜;LWR
2735;907578014;F;63;˜˜;648;2025-04-03;2025-04-03 22:00:53;0;LWR
2736;1008732322;M;56;˜˜;1851;2016-05-13;2016-05-14 17:46:29;˜˜˜˜˜˜˜˜˜˜ ˜˜˜;LWR
2737;974467925;F;45;˜˜;0;2025-01-30;2025-01-30 14:22:46;0;LWR
2738;588216140;F;35;˜˜;518;2022-10-04;2022-10-04 22:13:51;˜ ˜˜˜˜˜˜;LWR
2739;592998894;M;39;˜˜;1879;2017-06-27;2017-07-30 08:02:59;˜˜˜˜˜˜˜˜˜˜˜ ˜˜˜˜˜˜˜ - ˜˜˜˜˜˜˜;LWR
2740;941093246;F;45;˜˜;462;2021-02-12;2021-02-12 23:00:29;˜˜˜˜˜˜˜˜ ˜˜˜;LWR
2741;856643130;F;32;˜˜;324;2023-04-18;2023-04-21 09:56:56;˜˜˜˜ ˜˜˜˜˜˜˜˜˜˜˜˜;LWR
2742;821282029;M;26;˜˜;925;2019-08-30;2019-08-31 17:48:17;˜ ˜˜˜˜˜˜;LWR
2743;260438859;F;35;˜˜;111;2020-03-24;2020-03-26 16:41:28;˜˜˜˜˜˜˜˜˜˜˜˜˜ ˜˜˜;LWR
2744;1000421221;F;18;˜˜˜˜˜˜˜˜;0;2024-10-15;2024-10-15 23:36:24;˜˜˜˜ ˜˜˜˜˜˜˜˜˜;LWR
2745;784958843;F;55;˜˜;787;2022-01-15;2022-02-09 21:53:28;˜˜˜˜˜˜˜˜˜˜ ˜˜˜;LWR
2746;6339909;M;45;˜˜;0;2019-05-01;2019-05-23 06:59:47;˜˜˜ ˜˜˜˜˜˜˜˜˜˜˜˜˜;LWR
2747;1215498110;M;36;˜˜;462;2016-09-15;2016-10-17 18:08:22;˜˜˜˜˜˜˜˜˜˜˜˜˜ ˜˜˜˜;LWR
2748;307991666;M;39;˜˜;925;2024-10-14;2024-10-22 15:13:56;˜˜˜˜ ˜˜˜˜;LWR
2749;38725788;M;37;˜˜;462;2021-09-29;2021-12-05 22:21:02;˜˜˜˜˜˜˜˜˜ ˜˜˜;LWR
2750;756037298;M;29;˜˜;148;2019-11-23;2019-11-30 13:27:12;˜˜˜˜ ˜˜˜˜˜˜˜;LWR
2751;649093997;F;38;˜˜;1471;2023-01-05;2023-01-05 09:42:23;˜˜˜˜˜˜˜˜˜˜ ˜˜˜;LWR
2752;311916302;M;36;˜˜;1851;2016-06-03;2025-01-11 09:51:23;˜˜˜ ˜˜˜˜˜˜˜˜˜˜;LWR
2753;594957046;M;40;˜˜;555;2022-10-24;2022-10-24 16:53:30;˜˜˜˜˜˜˜˜˜˜˜ ˜˜˜;LWR
2754;908941648;M;67;˜˜;1018;2021-06-15;2021-06-16 09:37:06;˜˜˜˜ ˜˜˜˜˜˜˜˜˜;LWR
2755;510000300;F;59;˜˜;0;2023-01-23;2023-01-27 08:43:11;0;LWR
2756;939203717;F;26;˜˜;1250;2019-09-09;2019-09-19 18:03:45;˜˜˜˜˜˜˜˜˜˜ ˜˜˜˜;LWR
2757;630700572;F;45;˜˜;925;2020-12-10;2020-12-10 12:55:46;˜˜˜˜˜˜˜ ˜˜˜;LWR
2758;906707230;F;20;˜˜;1296;2022-05-01;2022-05-01 05:38:45;˜˜˜˜˜˜˜˜˜˜ ˜˜˜;LWR
2759;909794438;F;40;˜˜;370;2023-04-29;2023-04-29 21:24:24;˜˜˜˜˜˜˜˜˜˜˜˜˜ ˜˜˜;LWR
2760;1142864555;M;28;˜˜;833;2021-06-21;2021-06-22 19:07:29;0;LWR
2761;314022676;F;56;˜˜;370;2023-05-30;2023-05-30 16:49:04;˜˜˜˜˜˜˜˜˜ ˜˜˜˜;LWR
2762;528649478;F;52;˜˜;2407;2024-12-01;2024-12-02 16:28:48;0;LWR
2763;1002609306;M;28;˜˜;555;2020-10-29;2020-10-29 14:44:08;0;LWR
2764;216534035;F;38;˜˜;1111;2023-08-14;2023-08-14 09:07:32;˜˜˜˜˜˜˜˜˜˜ ˜˜˜˜;LWR
2765;392526671;M;20;˜˜;0;2022-04-23;2022-04-23 20:58:37;0;LWR
2766;82438965;F;41;˜˜;0;2024-03-15;2024-03-16 12:02:44;˜˜˜˜˜˜˜˜˜˜˜ ˜˜˜;LWR
2767;334782276;M;54;˜˜;833;2020-01-10;2020-01-10 13:00:23;˜˜˜˜˜˜˜˜˜˜˜˜˜ ˜˜˜˜;LWR
2768;300480131;M;20;˜˜;1851;2022-03-01;2022-03-01 05:53:04;˜˜˜˜˜˜˜˜˜ ˜˜˜;LWR
2769;1060238876;F;39;˜˜;462;2022-08-22;2022-08-22 22:51:23;˜˜˜˜ ˜˜˜˜˜˜˜˜ ˜˜˜˜˜˜ - ˜˜˜˜˜˜;LWR
2770;700451536;F;39;˜˜;648;2024-05-29;2024-06-03 11:48:23;˜ ˜˜˜˜˜˜˜˜˜˜˜;LWR
2771;753199997;M;45;˜˜;1296;2025-02-28;2025-02-28 23:01:03;˜ ˜˜˜˜˜-˜˜˜˜˜˜˜˜˜;LWR
2772;1039484595;M;43;˜˜;0;2022-03-22;2022-03-22 23:09:25;˜˜˜˜˜˜˜˜˜˜˜˜˜ ˜˜˜;LWR
2773;398519594;F;48;˜˜;0;2020-10-11;2020-10-12 23:49:17;0;LWR
2774;392953755;F;45;˜˜;555;2022-11-17;2022-11-17 19:00:09;˜˜˜˜˜˜˜˜ ˜˜˜;LWR
2775;809034823;F;63;˜˜;787;2021-01-31;2021-02-02 14:04:17;˜˜˜˜ ˜˜˜˜˜˜˜˜˜-˜˜˜˜˜˜˜˜˜˜;LWR
2776;625987594;F;66;˜˜;1851;2024-04-24;2024-04-24 17:24:56;˜ ˜˜˜˜˜˜;LWR
2777;734459254;F;35;˜˜;555;2021-09-09;2022-03-28 04:37:39;˜˜˜˜˜˜˜˜˜ ˜˜˜;LWR
2778;163558020;F;32;˜˜;0;2018-07-18;2018-07-23 12:44:15;˜ ˜˜˜˜˜-˜˜˜˜˜˜˜˜˜;LWR
2779;1081581178;M;34;˜˜;416;2021-09-06;2023-02-24 12:58:42;˜˜˜˜˜˜˜˜˜˜˜˜˜ ˜˜˜;LWR
2780;298527563;M;24;˜˜;324;2019-03-01;2021-01-21 18:04:16;˜˜˜˜˜˜˜˜˜ ˜˜˜;LWR
2781;907064155;M;50;˜˜;740;2022-10-23;2022-10-23 13:47:26;˜˜˜˜˜˜˜˜˜˜˜˜˜ ˜˜˜˜;LWR
2782;1015311510;F;22;˜˜;1203;2021-11-25;2022-02-08 22:25:53;˜˜˜˜˜˜˜˜˜˜ ˜˜˜;LWR
2783;705172942;M;40;˜˜;925;2022-06-08;2022-06-10 13:52:08;˜˜˜˜˜˜˜˜˜ ˜˜˜;LWR
2784;761034639;F;39;˜˜;4814;2022-04-07;2022-04-11 11:51:04;0;LWR
2785;634102333;M;23;˜˜;2314;2018-10-16;2018-10-18 18:07:40;˜˜˜˜˜˜˜˜˜˜˜˜˜ ˜˜˜;LWR
2786;372982088;M;37;˜˜;925;2022-02-10;2023-03-30 08:43:49;˜˜˜˜˜˜˜˜˜˜˜ ˜˜˜;LWR
2787;167748598;F;34;˜˜;925;2021-09-21;2021-09-22 10:34:08;˜˜˜˜˜˜˜˜˜˜˜˜˜ ˜˜˜˜;LWR
2788;111639682;M;40;˜˜;0;2024-06-30;2024-07-03 08:28:50;˜˜˜˜˜˜˜ ˜˜˜;LWR
2789;1155535152;M;26;˜˜;925;2017-05-29;2017-06-07 06:55:28;˜˜˜˜˜˜˜˜˜˜˜˜˜˜ ˜˜˜˜;LWR
2790;971689318;M;24;˜˜;1388;2020-03-25;2020-09-11 14:11:40;˜˜˜˜˜˜˜˜˜˜˜˜˜ ˜˜˜˜;LWR
2791;1014171893;M;30;˜˜˜˜˜˜˜˜˜˜;462;2022-08-05;2022-08-05 10:50:44;˜˜˜˜˜˜˜˜˜˜ ˜˜˜;LWR
2792;109990699;F;66;˜˜;231;2023-03-14;2023-03-14 20:59:54;˜˜˜˜˜˜˜˜˜˜ ˜˜˜;LWR
2793;971281469;F;35;˜˜;1203;2025-01-08;2022-12-01 12:44:53.841000;˜˜˜˜˜˜˜˜˜˜˜ ˜˜˜;LWR
2794;624942840;F;22;˜˜;833;2020-10-05;2023-05-01 20:07:30;˜˜˜˜˜˜˜˜˜˜ ˜˜˜;LWR
2795;1018974312;M;36;˜˜;1472;2019-02-11;2019-08-04 10:40:15;˜˜˜˜˜˜˜˜˜˜˜˜ ˜˜˜;LWR
2796;1184204034;M;23;˜˜;740;2020-04-08;2020-06-10 13:19:46;˜˜˜˜˜˜˜˜˜ ˜˜˜;LWR
2797;339803619;M;38;˜˜;416;2022-08-10;2022-05-02 21:03:56;˜˜˜˜˜˜˜˜˜ ˜˜˜;LWR
2798;760848834;M;43;˜˜;1388;2020-04-03;2023-07-17 20:21:21;˜˜˜˜˜˜˜˜˜˜˜˜˜ ˜˜˜˜;LWR
2799;693282056;M;42;˜˜;1851;2017-06-15;2017-06-19 14:02:43;˜ ˜˜˜˜˜˜;LWR
2800;803527325;F;52;˜˜;324;2024-09-14;2024-09-17 10:55:34;˜˜˜˜˜˜˜˜˜˜˜ ˜˜˜;LWR
2801;259095832;F;24;˜˜;0;2023-04-22;2023-04-22 21:34:56;0;LWR
2802;946566758;F;43;˜˜;555;2023-04-26;2023-04-26 11:48:35;˜˜˜˜˜˜˜˜˜˜˜˜˜ ˜˜˜˜;LWR
2803;1160130028;M;33;˜˜;0;2017-07-07;2017-10-19 22:36:56;˜˜˜˜ ˜˜˜˜˜˜˜˜˜;LWR
2804;1016281263;F;23;˜˜;462;2022-01-11;2022-02-08 16:25:49;˜˜˜˜˜˜˜˜ ˜˜˜;LWR
2805;371502185;F;48;˜˜;925;2024-10-21;2025-01-01 17:23:00;˜˜˜˜ ˜˜˜˜˜˜˜˜˜˜˜˜;LWR
2806;961653865;M;41;˜˜;2037;2015-10-19;2016-03-16 14:34:23;˜˜˜˜˜˜˜˜˜˜ ˜˜˜;LWR
2807;1071392328;M;35;˜˜;1388;2022-06-11;2022-06-21 18:17:37;˜ ˜˜˜˜˜˜;LWR
2808;754394185;F;41;˜˜;1111;2021-06-09;2021-06-11 14:51:08;˜˜˜˜˜˜˜˜˜˜ ˜˜˜;LWR
2809;896832229;F;24;˜˜;518;2022-02-01;2022-07-08 21:16:24;˜˜˜˜ ˜˜˜˜˜˜˜˜˜˜˜˜;LWR
2810;211725143;F;53;˜˜;2592;2019-05-03;2019-05-07 11:33:50;˜˜˜˜˜˜˜˜˜˜˜ ˜˜˜˜˜˜˜ - ˜˜˜˜˜˜˜;LWR
2811;1215463008;F;31;˜˜;916;2023-12-15;2023-12-17 17:03:09;˜ ˜˜˜˜˜-˜˜˜˜˜˜˜˜˜;LWR
2812;524220018;F;17;˜˜;0;2023-09-25;2023-09-25 17:18:29;0;LWR
2813;865239338;M;30;˜˜;555;2024-10-12;2024-10-12 15:45:02;˜˜˜˜˜˜˜˜˜˜˜˜ ˜˜˜;LWR
2814;370576471;F;45;˜˜;1296;2014-05-14;2014-08-01 10:40:15;˜˜˜˜˜˜˜˜˜˜˜˜ ˜˜˜˜;LWR
2815;1198943174;F;56;˜˜;0;2019-04-23;2019-04-26 12:33:23;˜ ˜˜˜˜˜-˜˜˜˜˜˜˜˜˜;LWR
2816;339279646;M;36;˜˜;925;2019-06-11;2019-06-12 12:28:55;˜˜˜˜ ˜˜˜˜˜˜˜˜˜˜˜˜;LWR
2817;510337689;M;54;˜˜;0;2018-11-27;2018-11-29 19:22:38;˜˜˜˜˜˜˜˜˜˜ ˜˜˜;LWR
2818;543537448;F;38;˜˜;925;2023-01-25;2023-01-26 05:03:24;˜˜˜˜˜˜˜˜˜˜˜˜ ˜˜˜;LWR
2819;391646207;F;35;˜˜;0;2017-07-13;2017-07-18 18:01:42;˜˜˜˜˜˜˜˜˜˜˜ ˜˜˜;LWR
2820;545734065;F;18;˜˜;925;2022-06-10;2022-06-10 05:42:40;˜˜˜˜˜˜˜˜˜˜˜˜ ˜˜˜˜;LWR
2821;892248334;F;56;˜˜;416;2021-07-11;2022-08-09 06:30:30;˜˜˜˜˜˜˜˜˜˜˜˜˜ ˜˜˜˜;LWR
2822;590561687;M;31;˜˜;3333;2023-02-25;2023-02-25 05:39:55;˜˜˜˜ ˜˜˜˜˜˜˜;LWR
2823;744090442;F;36;˜˜;555;2019-07-16;2022-09-18 12:33:51;˜˜˜˜˜˜˜˜˜˜˜˜˜ ˜˜˜˜;LWR
2824;268350197;M;24;˜˜;972;2020-05-10;2023-04-13 19:27:20;˜˜˜˜˜˜˜˜˜ ˜˜˜;LWR
2825;232919342;M;33;˜˜;462;2020-08-08;2020-08-08 13:30:19;˜˜˜˜˜˜˜˜˜ ˜˜˜˜;LWR
2826;798044227;F;53;˜˜;1481;2020-11-11;2023-03-15 19:47:08;˜˜˜˜˜˜˜˜˜˜ ˜˜˜;LWR
2827;371848690;M;38;˜˜;1018;2018-08-04;2022-03-16 03:17:00;˜ ˜˜˜˜˜˜;LWR
2828;253782457;M;45;˜˜;0;2021-06-22;2022-02-08 14:15:03;0;LWR
2829;759231758;F;25;˜˜;0;2021-10-03;2022-02-14 10:48:17;0;LWR
2830;1003438056;F;37;˜˜;481;2019-04-05;2019-04-15 16:59:18;˜˜˜˜ ˜˜˜˜˜˜˜˜˜;LWR
2831;1048406965;F;17;˜˜;0;2022-08-01;2022-08-01 07:57:02;0;LWR
2832;271864972;M;26;˜˜;833;2020-11-02;2024-05-25 11:32:07;˜˜˜˜˜˜˜˜ ˜˜˜;LWR
2833;569723950;M;35;˜˜;2777;2016-10-21;2016-10-22 17:45:02;˜ ˜˜˜˜˜˜;LWR
2834;373482440;F;41;˜˜;601;2019-04-16;2019-04-24 00:18:32;˜˜˜˜˜˜˜˜˜˜˜˜˜ ˜˜˜˜;LWR
2835;265170483;F;38;˜˜;740;2020-05-30;2020-06-06 11:42:04;˜˜˜˜˜˜˜˜˜˜ ˜˜˜;LWR
2836;539317095;F;52;˜˜;0;2019-09-25;2019-09-27 11:56:23;˜ ˜˜˜˜˜-˜˜˜˜˜˜˜˜˜;LWR
2837;782105600;F;41;˜˜;462;2020-08-07;2020-08-12 13:39:29;˜˜˜˜˜˜˜˜ ˜˜˜;LWR
2838;362940219;M;51;˜˜;2314;2022-06-17;2022-06-17 14:07:50;˜˜˜˜˜˜˜˜˜˜˜ ˜˜˜;LWR
2839;956506342;F;29;˜˜;0;2023-11-04;2023-11-08 06:53:01;˜˜˜˜˜˜˜˜˜˜ ˜˜˜˜;LWR
2840;861601382;F;26;˜˜;370;2022-03-27;2022-03-27 10:42:53;˜˜˜˜˜˜˜˜˜˜˜˜ ˜˜˜;LWR
2841;820717477;F;17;˜˜;1851;2022-05-31;2022-10-22 13:33:53;˜ ˜˜˜˜˜˜;LWR
2842;937177126;F;47;˜˜;925;2017-01-25;2017-01-29 13:02:27;˜ ˜˜˜˜˜-˜˜˜˜˜˜˜˜˜;LWR
2843;809046111;F;25;˜˜;231;2021-10-17;2022-02-13 16:43:15;˜˜˜˜˜˜˜˜ ˜˜˜˜;LWR
2844;610984940;F;25;˜˜;787;2019-01-30;2019-02-04 13:09:04;˜˜˜˜˜˜˜˜˜˜˜ ˜˜˜˜˜˜˜ - ˜˜˜˜˜˜˜;LWR
2845;377003385;M;23;˜˜;712;2020-08-22;2023-11-28 05:39:43;˜˜˜˜˜˜˜˜˜˜˜ ˜˜˜˜;LWR
2846;865769854;M;38;˜˜;925;2021-04-29;2021-04-29 06:52:31;˜˜˜˜˜˜ ˜˜˜;LWR
2847;342587272;M;34;˜˜;370;2021-05-13;2021-05-17 12:10:08;˜˜˜ ˜˜˜˜˜˜˜˜˜˜;LWR
2848;117100788;F;39;˜˜;0;2021-04-05;2024-01-10 13:50:31;˜ ˜˜˜˜˜-˜˜˜˜˜˜˜˜˜;LWR
2849;520820139;F;17;˜˜;0;2023-10-18;2023-10-20 16:20:56;˜˜˜˜˜˜˜˜˜ ˜˜˜;LWR
2850;284146291;F;69;˜˜;925;2022-12-21;2023-01-13 17:10:28;0;LWR
2851;311367925;M;38;˜˜;0;2018-10-22;2018-10-23 19:27:56;˜ ˜˜˜˜˜-˜˜˜˜˜˜˜˜˜;LWR
2852;158390355;F;31;˜˜;0;2018-06-16;2020-07-23 17:08:25;˜˜˜˜ ˜˜˜˜˜˜˜˜˜;LWR
2853;809061827;M;38;˜˜;601;2018-11-19;2018-11-22 16:10:20;˜˜˜˜˜˜˜˜˜˜˜˜˜ ˜˜˜˜;LWR
2854;968313116;M;47;˜˜;0;2020-10-05;2020-10-05 11:40:57;0;LWR
2855;539314022;M;33;˜˜;0;2021-02-14;2021-02-14 14:49:02;0;LWR
2856;938588131;F;26;˜˜˜˜˜˜˜˜;0;2024-07-22;2024-07-22 18:33:38;˜˜˜˜˜˜˜˜ ˜˜˜;LWR
2857;148897674;0;25;˜˜˜˜˜;0;2024-04-15;2024-04-17 14:10:58;˜ ˜˜˜˜˜˜;LWR
2858;627063033;M;28;˜˜;370;2021-09-15;2022-02-09 02:59:50;˜˜˜˜˜˜˜˜˜˜˜˜˜ ˜˜˜˜;LWR
2859;1024801410;F;31;˜˜˜˜˜˜˜˜˜˜˜;0;2023-12-07;2024-08-20 13:26:27;˜ ˜˜˜˜˜˜;LWR
2860;859465116;M;27;˜˜;1157;2019-12-08;2019-12-13 11:13:26;˜˜˜˜ ˜˜˜˜;LWR
2861;697303609;M;43;˜˜;1666;2020-09-05;2020-09-05 16:43:29;˜ ˜˜˜˜˜-˜˜˜˜˜˜˜˜˜;LWR
2862;1038429802;F;34;˜˜;324;2023-09-15;2023-09-17 12:48:40;˜˜˜˜˜˜˜˜˜˜ ˜˜˜;LWR
2863;852059097;F;21;˜˜˜˜˜˜˜˜;0;2021-12-11;2022-02-08 20:57:56;˜ ˜˜˜˜˜-˜˜˜˜˜˜˜˜˜;LWR
2864;549458771;F;22;˜˜;462;2021-02-18;2021-02-18 17:56:07;˜ ˜˜˜˜˜˜;LWR
2865;167974144;M;26;˜˜;2129;2020-03-09;2021-03-26 02:36:42;˜˜˜˜˜˜˜˜˜˜ ˜˜˜˜;LWR
2866;956202329;M;36;˜˜;629;2021-12-15;2022-02-12 01:36:34;˜˜˜˜ ˜˜˜˜˜˜˜˜˜;LWR
2867;273133221;M;33;˜˜˜˜˜˜˜˜˜˜˜;0;2024-04-10;2024-04-11 16:53:17;˜ ˜˜˜˜˜˜;LWR
2868;911030858;M;50;˜˜;925;2021-12-23;2022-02-11 14:58:23;˜˜˜˜˜˜˜˜˜ ˜˜˜;LWR
2869;364553864;F;20;˜˜;555;2024-09-30;2024-10-04 14:24:45;0;LWR
2870;259482223;M;29;˜˜;787;2023-12-07;2023-12-10 13:42:01;˜˜˜˜˜˜˜˜˜ ˜˜˜;LWR
2871;562169078;M;32;˜˜;1666;2018-10-18;2018-10-20 15:10:52;˜˜˜˜ ˜˜˜˜˜˜˜˜˜;LWR
2872;144496037;F;53;˜˜;0;2022-10-11;2022-10-11 13:30:53;0;LWR
2873;307684115;M;32;˜˜;1018;2019-03-18;2019-03-20 16:58:57;˜˜˜˜˜˜˜˜˜˜ ˜˜˜;LWR
2874;248769934;F;33;˜˜;370;2024-03-20;2024-03-24 18:38:47;˜˜˜˜ ˜˜˜˜;LWR
2875;757578216;M;39;˜˜;277;2023-08-29;2023-08-29 21:26:35;˜˜˜˜˜˜˜˜˜ ˜˜˜˜˜˜˜˜˜˜ - ˜˜˜˜˜˜˜;LWR
2876;1000706899;F;35;˜˜;925;2024-11-28;2024-11-30 08:47:24;˜˜˜˜˜˜˜˜˜˜˜ ˜˜˜˜;LWR
2877;1017057579;M;34;˜˜;1255;2019-11-04;2019-11-06 17:16:01;˜˜˜˜ ˜˜˜˜˜˜˜˜˜;LWR
2878;392729451;M;26;˜˜;1851;2022-02-20;2022-02-20 11:03:01;˜˜˜˜˜˜˜˜˜˜ ˜˜˜;LWR
2879;699189955;M;24;˜˜;1388;2018-10-10;2018-10-12 10:50:04;˜˜˜˜˜˜˜˜˜˜˜˜ ˜˜˜˜;LWR
2880;776087060;F;48;˜˜˜˜˜˜˜˜;0;2024-12-14;2024-12-15 18:43:26;˜ ˜˜˜˜˜˜;LWR
2881;904228484;M;27;˜˜;462;2019-08-18;2019-08-24 17:27:18;˜ ˜˜˜˜˜˜;LWR
2882;994977150;F;32;˜˜;9074;2024-03-12;2024-03-15 13:15:35;˜˜˜˜˜˜˜˜˜ ˜˜˜˜;LWR
2883;622453653;F;66;˜˜;0;2024-04-05;2024-04-05 13:22:18;0;LWR
2884;791343092;M;35;˜˜;648;2024-01-15;2024-01-15 16:15:07;˜˜˜˜˜˜˜˜˜˜ ˜˜˜;LWR
2885;1174752638;M;31;˜˜;555;2019-01-27;2023-06-15 10:06:52;˜˜˜˜˜˜˜˜˜ ˜˜˜;LWR
2886;207783876;F;25;˜˜;555;2020-08-12;2020-08-12 13:42:12;˜˜˜˜˜˜˜˜˜˜˜˜ ˜˜˜;LWR
2887;404183121;M;40;˜˜;2129;2017-04-09;2022-07-13 11:34:05;˜˜˜˜˜˜˜˜˜˜˜˜˜ ˜˜˜;LWR
2888;1180365805;F;19;˜˜;0;2022-04-14;2022-04-14 19:12:03;0;LWR
2889;553729639;M;31;˜˜;9259;2020-07-21;2020-07-27 12:20:29;˜˜˜˜˜˜˜˜˜˜ ˜˜˜;LWR
2890;1007976606;F;39;˜˜;666;2016-05-14;2016-05-16 22:05:02;˜˜˜˜˜˜˜˜˜˜˜ ˜˜˜;LWR
2891;967901811;M;59;˜˜;0;2020-11-03;2020-11-03 17:02:15;0;LWR
2892;1074021041;M;39;˜˜;0;2020-01-15;2020-01-16 18:17:19;˜ ˜˜˜˜˜˜;LWR
2893;1062775548;M;17;˜˜;0;2021-11-30;2022-02-11 13:06:03;˜˜˜˜ ˜˜˜˜˜˜˜˜;LWR
2894;758847300;M;37;˜˜;462;2018-10-04;2018-10-15 09:05:21;˜˜˜˜˜˜˜˜˜˜˜˜ ˜˜˜;LWR
2895;556579462;F;42;˜˜;0;2022-02-25;2022-02-25 13:51:56;0;LWR
2896;270131003;F;47;˜˜;0;2019-01-29;2021-05-16 14:05:59;˜˜˜˜˜-˜˜˜˜˜˜˜˜˜˜ ˜˜˜˜˜˜˜˜˜˜ ˜˜˜˜˜ - ˜˜˜˜ ˜˜;LWR
2897;250854203;F;28;˜˜;0;2020-06-27;2020-06-28 19:17:35;˜˜˜˜˜˜˜˜˜˜˜˜˜ ˜˜˜;LWR
2898;1213909903;F;64;˜˜;1851;2023-12-18;2023-12-18 11:00:33;˜˜˜˜˜˜˜˜˜˜ ˜˜˜;LWR
2899;706940459;M;43;˜˜;1574;2014-05-05;2014-05-12 22:34:59;˜ ˜˜˜˜˜˜;LWR
2900;168699727;M;41;˜˜;1296;2022-05-02;2022-05-02 14:20:43;˜˜˜˜˜˜˜˜˜˜˜ ˜˜˜;LWR
2901;1099623245;F;23;˜˜;1574;2022-05-27;2022-05-27 11:54:37;˜˜˜˜˜˜˜˜˜˜˜˜ ˜˜˜;LWR
2902;1192097229;M;26;˜˜;462;2020-12-09;2023-04-13 12:42:51;˜˜˜˜˜˜˜˜˜˜˜˜˜ ˜˜˜˜;LWR
2903;256890921;F;27;˜˜;1388;2023-06-03;2023-06-03 18:35:38;˜˜˜˜˜˜˜˜˜˜˜˜˜˜ ˜˜˜˜;LWR
2904;1064686365;M;29;˜˜;925;2023-08-01;2023-08-03 17:35:12;˜˜˜˜˜˜˜˜˜ ˜˜˜;LWR
2905;906660331;M;53;˜˜;1296;2020-11-21;2020-11-21 08:44:35;˜˜˜˜ ˜˜˜˜˜˜˜˜˜˜;LWR
2906;848635712;F;55;˜˜;555;2023-02-16;2023-02-16 13:14:23;˜˜˜˜˜-˜˜˜˜˜˜˜˜˜˜ ˜˜˜˜˜˜˜˜˜˜ ˜˜˜˜˜ - ˜˜˜˜ ˜˜;LWR
2907;1014358337;F;32;˜˜;1018;2021-10-22;2022-02-08 18:10:47;˜˜˜˜˜˜˜˜˜˜ ˜˜˜;LWR
2908;376294500;M;21;˜˜;138;2022-04-17;2022-04-17 11:53:16;˜˜˜˜ ˜˜˜˜˜˜˜˜;LWR
2909;1208753536;F;59;˜˜;0;2022-10-26;2022-10-27 21:07:07;0;LWR
2910;272653127;M;26;˜˜;212;2020-06-02;2020-10-05 05:36:02;˜˜˜˜ ˜˜˜˜˜˜˜˜˜;LWR
2911;2037383;F;15;˜˜;0;2021-10-26;2022-12-18 12:01:24;0;LWR
2912;206490672;M;26;˜˜;0;2021-06-21;2021-06-23 15:27:53;0;MED
2913;1147077584;M;38;˜˜;416;2017-08-22;2017-08-25 15:53:37;˜˜˜˜˜˜˜˜˜˜˜˜˜˜ ˜˜˜˜;LWR
2914;319700834;F;58;˜˜;555;2008-04-02;2020-08-07 23:57:03;˜ ˜˜˜˜˜-˜˜˜˜˜˜˜˜˜;LWR
2915;1004757916;M;26;˜˜;601;2018-04-04;2018-04-04 18:45:32;˜˜˜˜˜˜˜˜˜˜˜ ˜˜˜˜˜˜˜ - ˜˜˜˜˜˜˜;LWR
2916;283412705;F;45;˜˜;1712;2019-01-24;2019-02-13 05:42:17;˜˜˜˜˜˜˜˜˜˜˜ ˜˜˜˜;LWR
2917;1076082725;F;52;˜˜;462;2023-12-13;2023-12-13 22:47:55;˜˜˜˜˜˜˜˜˜˜˜˜˜ ˜˜˜˜;LWR
2918;725448389;M;31;˜˜;1342;2024-04-29;2024-04-29 05:14:54;˜˜˜˜˜˜˜˜˜˜˜˜ ˜˜˜˜;LWR
2919;695104470;M;22;˜˜;185;2023-10-05;2023-10-05 20:54:42;˜ ˜˜˜˜˜-˜˜˜˜˜˜˜˜˜;LWR
2920;754909606;F;56;˜˜;462;2018-03-01;2021-01-13 09:38:12;˜˜˜˜˜˜˜˜˜˜ ˜˜˜;LWR
2921;1215013960;F;39;˜˜;0;2023-12-11;2023-12-11 10:54:12;0;LWR
2922;393860781;F;18;˜˜;277;2023-04-03;2023-04-04 13:01:50;˜˜˜˜˜˜˜˜ ˜˜˜;LWR
2923;899803654;M;65;˜˜;1388;2015-04-13;2015-04-15 10:52:47;˜ ˜˜˜˜˜-˜˜˜˜˜˜˜˜˜;LWR
2924;566252165;F;32;˜˜;2314;2021-01-24;2021-01-24 14:28:12;˜ ˜˜˜˜˜˜;LWR
2925;1068764388;M;36;˜˜;1388;2021-04-14;2021-04-15 13:59:43;˜˜˜˜˜˜˜˜˜˜ ˜˜˜;LWR
2926;781068316;F;45;˜˜;648;2023-12-18;2023-12-23 16:12:02;˜˜˜˜˜˜˜˜˜˜ ˜˜˜;LWR
2927;133755746;M;17;˜˜;0;2022-10-15;2022-11-01 17:42:16;0;LWR
2928;611062704;M;38;˜˜;1388;2019-04-22;2019-04-26 18:46:07;˜˜˜˜˜˜˜˜˜˜ ˜˜˜;LWR
2929;557322249;F;21;˜˜˜˜˜˜˜˜˜˜;0;2024-06-12;2025-01-11 09:59:09;˜˜˜˜˜˜˜˜˜˜ ˜˜˜;LWR
2930;18581133;F;27;˜˜;370;2024-06-28;2024-06-29 01:53:10;˜˜˜˜˜˜˜˜˜˜˜˜˜ ˜˜˜˜;LWR
2931;894243735;F;37;˜˜;625;2015-12-03;2022-02-11 11:38:28;˜˜˜˜˜˜˜˜˜˜˜˜˜˜˜ ˜˜˜;LWR
2932;257378149;F;34;˜˜;0;2023-11-26;2023-11-26 16:26:57;˜˜˜˜˜˜˜˜˜˜˜˜˜ ˜˜˜˜;LWR
2933;503873875;F;33;˜˜;0;2024-07-23;2024-07-23 20:42:58;0;LWR
2934;354855280;F;29;˜˜;2777;2020-02-18;2020-02-19 15:19:08;˜ ˜˜˜˜˜˜;LWR
2935;312670669;F;32;˜˜;462;2021-02-18;2021-02-22 13:28:53;˜ ˜˜˜˜˜˜;LWR
2936;733069809;M;31;˜˜;1037;2020-09-27;2020-09-27 17:39:40;˜˜˜˜˜˜˜˜˜˜˜ ˜˜˜;LWR
2937;1046950358;M;47;˜˜;805;2016-05-06;2023-11-04 12:46:38;˜˜˜˜˜˜˜˜˜˜ ˜˜˜;LWR
2938;288752299;F;33;˜˜;925;2012-06-17;2012-06-28 17:58:54;˜ ˜˜˜˜˜˜;MED
2939;608805059;M;27;˜˜;833;2021-05-03;2021-05-05 08:00:28;˜˜˜˜ ˜˜˜˜˜˜˜˜˜˜˜˜;LWR
2940;140357104;M;37;˜˜;2407;2023-02-06;2023-02-06 07:40:51;˜˜˜˜˜˜˜˜˜˜˜˜ ˜˜˜;LWR
2941;1010332212;M;53;˜˜;740;2022-06-28;2022-06-28 21:49:57;˜˜˜˜˜˜˜˜˜˜˜ ˜˜˜;LWR
2942;374031712;F;30;˜˜;1851;2019-05-05;2019-12-30 17:16:39;˜˜˜˜˜-˜˜˜˜˜˜˜˜˜˜ ˜˜˜˜˜˜˜˜˜˜ ˜˜˜˜˜ - ˜˜˜˜ ˜˜;LWR
2943;267167547;F;16;˜˜;0;2022-03-26;2022-03-26 10:02:28;˜˜˜˜ ˜˜˜˜˜˜˜˜˜˜˜˜;LWR
2944;619248499;M;71;˜˜;0;2016-11-28;2016-12-05 15:44:05;˜ ˜˜˜˜˜˜;LWR
2945;364929670;M;39;˜˜;1805;2021-02-08;2021-02-10 13:24:49;˜˜˜˜˜˜˜˜˜ ˜˜˜;LWR
2946;945199720;M;31;˜˜;2777;2018-08-23;2022-09-13 14:09:48;˜˜˜˜˜˜˜˜˜˜ ˜˜˜;LWR
2947;164571677;F;44;˜˜;1388;2022-07-24;2022-07-24 12:53:02;0;LWR
2948;942817316;M;42;˜˜;11535;2008-04-10;2017-03-30 14:23:55;˜ ˜˜˜˜˜˜;MED
2949;239377863;F;53;˜˜;648;2016-07-20;2022-02-22 17:22:58;˜˜˜˜˜˜˜˜˜˜ ˜˜˜;LWR
2950;998328487;F;44;˜˜;0;2022-05-30;2022-06-01 11:30:55;˜˜˜˜˜˜˜˜˜˜˜˜ ˜˜˜;LWR
2951;1000384169;M;45;˜˜;0;2020-08-10;2025-01-15 17:58:13;˜˜˜˜˜˜˜˜˜˜ ˜˜˜;LWR
2952;269493844;M;34;˜˜;1314;2020-12-09;2020-12-10 21:30:16;˜˜˜˜˜˜˜˜˜˜ ˜˜˜;LWR
2953;263034982;F;23;˜˜;0;2021-02-14;2021-02-21 14:19:34;˜˜˜˜˜˜˜˜˜˜˜ ˜˜˜;LWR
2954;609326795;F;30;˜˜;639;2022-05-11;2022-05-13 15:14:41;˜˜˜˜˜˜˜˜˜˜˜˜ ˜˜˜;LWR
2955;376503678;M;32;˜˜;0;2022-04-15;2022-04-15 15:14:04;0;LWR
2956;619156746;F;26;˜˜;722;2019-02-21;2022-02-10 16:09:37;˜˜˜˜˜˜˜˜˜˜˜˜˜˜ ˜˜˜˜;LWR
2957;626497562;F;29;˜˜;1388;2025-02-22;2025-02-22 14:44:57;˜˜˜˜˜˜˜˜˜˜˜˜ ˜˜˜;LWR
2958;807317692;F;27;˜˜;787;2023-08-06;2023-08-10 22:15:27;0;LWR
2959;807338219;M;24;˜˜˜˜˜˜;1111;2023-08-25;2023-08-26 12:00:42;˜˜˜˜˜˜˜˜˜˜˜ ˜˜˜;LWR
2960;602607746;F;37;˜˜;27;2016-02-06;2016-02-08 13:59:55;˜ ˜˜˜˜˜˜;LWR
2961;270754302;F;37;˜˜;1851;2016-08-01;2016-08-03 09:31:15;˜˜˜˜˜˜˜˜˜˜˜ ˜˜˜;LWR
2962;651776925;M;46;˜˜˜˜˜˜˜˜;0;2022-10-20;2022-10-22 03:56:10;˜ ˜˜˜˜˜˜;LWR
2963;547214154;F;33;˜˜;0;2020-08-10;2020-08-11 17:50:00;˜ ˜˜˜˜˜˜;LWR
2964;301156265;M;33;˜˜;1750;2022-05-24;2022-05-25 21:10:37;˜˜˜˜˜˜˜˜˜˜˜˜ ˜˜˜;LWR
2965;790841202;F;40;˜˜;277;2023-06-30;2023-06-30 18:44:22;˜˜˜˜˜˜˜˜˜˜˜˜˜ ˜˜˜;LWR
2966;343816173;F;33;˜˜;2037;2023-08-21;2023-08-22 13:16:30;˜˜˜˜˜˜˜˜˜˜˜˜˜ ˜˜˜;LWR
2967;388750709;M;31;˜˜;1250;2024-05-31;2024-05-31 21:27:03;0;LWR
2968;1031718228;M;21;˜˜;601;2021-06-18;2021-06-18 20:38:46;˜˜˜˜˜˜˜˜˜˜ ˜˜˜;LWR
2969;1048741328;M;43;˜˜;3703;2013-06-11;2021-03-19 12:01:18;˜ ˜˜˜˜˜˜;LWR
2970;966530960;F;37;˜˜;0;2024-03-25;2024-03-27 12:02:10;0;LWR
2971;261764723;F;26;˜˜;787;2021-01-09;2021-01-09 18:02:27;˜ ˜˜˜˜˜-˜˜˜˜˜˜˜˜˜;LWR
2972;152081172;F;48;˜˜;0;2019-07-15;2019-07-17 12:00:16;˜˜˜˜ ˜˜˜˜;LWR
2973;168544168;M;16;˜˜;0;2023-12-25;2023-12-25 18:58:06;˜˜˜˜˜˜˜˜˜˜˜˜ ˜˜˜˜;LWR
2974;255455456;F;23;˜˜;787;2022-01-23;2022-02-08 20:29:20;˜ ˜˜˜˜˜˜;LWR
2975;222204629;M;42;˜˜;1944;2022-11-17;2022-11-21 11:03:10;˜˜˜˜˜˜˜˜˜˜˜ ˜˜˜;LWR
2976;856509643;F;35;˜˜;601;2024-01-21;2024-01-21 11:23:35;˜˜˜˜˜˜˜˜˜˜˜˜ ˜˜˜;LWR
2977;637198459;F;41;˜˜;0;2024-12-05;2024-12-09 12:41:07;˜˜˜˜˜˜˜˜˜˜˜˜ ˜˜˜;LWR
2978;145200449;M;33;˜˜;1851;2012-04-04;2019-11-25 19:08:08;˜˜˜˜˜˜˜˜˜˜˜˜˜˜ ˜˜˜˜;LWR
2979;130048247;M;31;˜˜˜˜˜˜˜˜;231;2021-08-02;2022-02-13 21:10:47;˜ ˜˜˜˜˜˜;LWR
2980;508205186;F;45;˜˜;0;2022-06-04;2022-06-04 19:51:08;˜˜˜˜˜˜˜˜˜˜˜ ˜˜˜;LWR
2981;1018158456;F;29;˜˜;1481;2018-03-24;2018-03-26 12:03:36;˜˜˜˜˜˜˜˜˜˜˜˜˜ ˜˜˜;LWR
2982;848628116;M;42;˜˜;1574;2008-04-08;2016-12-28 11:48:20;˜˜˜˜˜˜˜˜˜˜ ˜˜˜;LWR
2983;811623286;M;28;˜˜;620;2020-11-22;2022-02-08 07:00:36;˜˜˜˜˜˜ ˜˜˜;LWR
2984;278674954;M;29;˜˜˜˜˜˜˜˜;0;2024-08-09;2024-08-09 11:42:54;˜˜˜˜˜˜˜˜˜˜˜˜˜ ˜˜˜;LWR
2985;609465042;M;46;˜˜;0;2021-12-30;2022-02-10 09:05:27;0;LWR
2986;268144876;F;25;˜˜;0;2022-04-17;2022-04-17 18:16:13;˜ ˜˜˜˜˜-˜˜˜˜˜˜˜˜˜;LWR
2987;890924942;M;36;˜˜;462;2023-02-28;2023-02-28 14:57:10;˜˜˜˜˜˜˜˜˜˜ ˜˜˜;LWR
2988;809026815;M;31;˜˜;277;2024-01-26;2020-08-16 09:33:44;˜˜˜˜˜˜˜ ˜˜˜;LWR
2989;863095714;F;48;˜˜;0;2022-05-21;2022-05-23 13:52:41;˜˜˜˜˜˜˜˜˜˜˜˜˜ ˜˜˜;LWR
2990;150398012;F;43;˜˜;0;2023-11-16;2023-12-15 10:27:26;˜˜˜˜˜˜˜˜˜˜˜ ˜˜˜;LWR
2991;865274804;M;20;˜˜˜˜˜˜˜˜;0;2023-01-08;2024-01-08 13:45:52;˜ ˜˜˜˜˜˜;LWR
2992;163189510;F;51;˜˜;0;2018-08-26;2020-05-26 13:41:20;˜ ˜˜˜˜˜-˜˜˜˜˜˜˜˜˜;LWR
2993;153135446;M;47;˜˜;740;2020-05-20;2023-12-29 09:00:48;˜˜˜˜˜˜˜˜˜˜˜˜ ˜˜˜˜;LWR
2994;286429911;F;26;˜˜˜˜˜˜˜˜˜;0;2021-10-07;2022-03-11 08:40:14;˜ ˜˜˜˜˜˜;LWR
2995;1205398958;M;49;˜˜;833;2011-10-20;2022-02-10 13:32:23;˜˜˜˜ ˜˜˜˜˜˜;LWR
2996;1286221776;M;37;˜˜;0;2025-02-17;2025-02-17 12:03:35;˜˜˜˜˜˜˜˜˜˜ ˜˜˜;LWR
2997;688447330;F;39;˜˜;3703;2022-07-11;2022-07-11 20:32:42;˜˜˜˜˜˜˜˜˜˜ ˜˜˜;LWR
2998;963096833;M;40;˜˜;740;2019-06-09;2019-06-10 18:20:51;˜˜˜˜˜˜˜˜˜˜ ˜˜˜;LWR
2999;266095160;F;34;˜˜;462;2021-02-14;2021-02-15 11:17:26;˜˜˜˜˜˜˜˜˜˜˜ ˜˜˜˜˜˜˜ - ˜˜˜˜˜˜˜;LWR
3000;168711508;F;48;˜˜;555;2020-06-25;2020-06-25 00:40:46;˜ ˜˜˜˜˜˜;LWR
3001;595616760;F;71;˜˜;0;2025-02-08;2025-02-11 18:13:17;0;LWR
3002;307653106;M;23;˜˜˜˜˜˜˜˜;0;2022-01-17;2022-10-27 12:48:27;0;LWR
3003;167747915;F;43;˜˜;1231;2021-07-12;2021-08-07 16:20:55;˜˜˜˜ ˜˜˜˜˜˜˜;LWR
3004;724500879;M;20;˜˜;1388;2022-04-24;2022-04-25 00:21:00;˜ ˜˜˜˜˜˜;LWR
3005;999781983;F;32;˜˜;462;2016-08-23;2016-08-25 14:45:27;˜˜˜˜˜˜˜˜˜˜ ˜˜˜;LWR
3006;380136497;M;27;˜˜;451;2021-07-02;2021-08-18 17:40:13;˜˜˜˜˜˜˜˜˜˜˜˜˜ ˜˜˜;LWR
3007;697053233;F;38;˜˜;1481;2021-09-07;2022-02-07 23:26:20;˜˜˜˜˜˜˜˜˜˜˜˜˜˜ ˜˜˜˜;MED
3008;757847304;F;42;˜˜;648;2024-11-08;2024-11-08 13:10:46;0;LWR
3009;726192002;M;28;˜˜;1388;2018-12-09;2023-05-29 00:01:19;˜˜˜˜˜˜˜˜˜˜ ˜˜˜˜;LWR
3010;363369083;F;48;˜˜;1851;2014-05-21;2021-02-14 11:23:43;˜˜˜˜˜˜˜˜˜˜˜˜ ˜˜˜;LWR
3011;696842237;M;27;˜˜;925;2021-05-09;2022-03-30 12:29:35;˜ ˜˜˜˜˜˜;LWR
3012;255561966;M;36;˜˜;833;2021-02-02;2022-05-05 10:27:59;˜˜˜˜ ˜˜˜˜˜˜˜˜˜;LWR
3013;1215053169;M;37;˜˜;833;2024-12-27;2024-12-27 14:58:30;0;LWR
3014;273498354;M;39;˜˜;1157;2023-04-27;2023-04-27 18:51:36;˜˜˜˜ ˜˜˜˜;LWR
3015;347576544;F;26;˜˜;1481;2020-05-06;2020-05-07 15:02:48;˜˜˜˜˜˜˜˜˜˜ ˜˜˜;LWR
3016;1010545082;M;48;˜˜;555;2018-02-14;2018-03-04 11:47:18;˜˜˜˜˜˜˜˜˜˜˜˜ ˜˜˜;LWR
3017;354538574;F;27;˜˜;648;2020-10-30;2020-10-30 15:20:43;˜˜˜˜ ˜˜˜˜˜˜˜˜˜;LWR
3018;635380750;F;52;˜˜;0;2023-11-18;2023-11-19 18:49:57;0;LWR
3019;858351531;F;51;˜˜;462;2020-11-29;2023-11-07 08:06:48;˜˜˜˜ ˜˜˜˜˜˜˜˜˜˜˜˜;LWR
3020;1004208156;F;46;˜˜;462;2018-11-13;2018-11-19 23:05:27;˜ ˜˜˜˜˜˜;LWR
3021;902931401;M;30;˜˜;1388;2020-08-12;2020-09-25 09:17:23;˜˜˜˜˜˜˜˜˜˜˜ ˜˜˜˜˜˜˜ - ˜˜˜˜˜˜˜;LWR
3022;614777022;M;44;˜˜;972;2021-10-09;2022-02-12 13:11:33;˜˜˜˜˜˜˜˜˜˜˜˜˜ ˜˜˜˜;LWR
3023;1063008362;M;42;˜˜;1111;2019-06-24;2019-08-05 17:01:58;˜ ˜˜˜˜˜˜;LWR
3024;323438049;F;48;˜˜;0;2020-11-23;2020-11-24 01:24:28;˜˜˜˜˜˜˜˜˜˜˜˜˜ ˜˜˜˜;LWR
3025;246384512;M;41;˜˜;0;2023-07-01;2023-07-01 16:55:31;0;LWR
3026;592785709;M;41;˜˜;648;2021-12-04;2022-02-08 19:12:05;˜˜˜˜˜˜˜˜˜˜˜˜ ˜˜˜;LWR
3027;751608522;M;27;˜˜˜˜˜˜˜, ˜˜˜˜˜˜˜˜˜˜;1666;2022-09-18;2022-09-19 09:02:18;˜˜˜˜˜˜˜˜˜˜˜˜˜ ˜˜˜˜;LWR
3028;864141881;M;23;˜˜;833;2020-10-22;2020-10-22 17:55:47;˜˜˜˜˜˜˜˜˜˜˜˜ ˜˜˜;LWR
3029;788032614;F;21;˜˜;740;2022-10-15;2022-11-01 10:01:13;˜˜˜˜˜˜˜˜˜˜˜˜˜ ˜˜˜;LWR
3030;240458964;F;21;˜˜;0;2021-08-22;2022-06-27 17:55:06;0;LWR
3031;1064938730;M;56;˜˜˜˜˜˜˜˜;0;2021-09-16;2021-09-17 07:53:24;˜ ˜˜˜˜˜˜;LWR
3032;773218304;M;35;˜˜;388;2017-05-24;2023-05-05 10:51:49;˜˜˜˜ ˜˜˜˜˜˜˜˜˜˜˜˜;LWR
3033;535455708;F;41;˜˜;1111;2015-11-18;2022-02-08 05:59:28;˜˜˜˜˜˜˜˜˜˜˜˜˜ ˜˜˜˜;LWR
3034;128926169;M;41;˜˜;2314;2020-10-09;2020-10-09 06:46:01;˜˜˜˜˜˜˜˜˜˜˜˜ ˜˜˜;LWR
3035;822288126;M;28;˜˜;0;2022-08-04;2022-08-04 17:56:45;˜˜˜˜˜-˜˜˜˜˜˜˜˜ ˜˜;LWR
3036;665310830;M;34;˜˜;277;2020-11-30;2020-11-30 10:35:54;˜˜˜˜˜˜˜˜˜˜ ˜˜˜;LWR
3037;973452588;M;26;˜˜;925;2019-06-21;2019-06-24 18:21:21;˜˜˜˜˜˜˜˜˜˜˜ ˜˜˜;LWR
3038;1042840307;F;16;˜˜;0;2024-04-04;2024-04-04 11:55:49;0;LWR
3039;255471779;M;17;˜˜;0;2022-05-31;2023-02-25 13:23:55;0;LWR
3040;505419532;M;37;˜˜;0;2021-02-25;2021-02-25 04:47:46;0;LWR
3041;233218488;M;38;˜˜;462;2021-06-16;2021-06-17 11:00:40;˜˜˜˜˜˜˜˜˜˜˜˜ ˜˜˜;LWR
3042;1056940202;F;36;˜˜;740;2023-01-13;2023-01-13 12:48:41;˜˜˜˜˜˜˜˜ ˜˜˜˜;LWR
3043;745848069;M;23;˜˜;462;2021-07-23;2024-10-24 19:14:17;˜˜˜˜ ˜˜˜˜;LWR
3044;345563690;M;29;˜˜;629;2019-12-25;2020-01-03 13:19:25;˜˜˜˜˜˜˜˜˜˜˜˜˜ ˜˜˜˜;LWR
3045;673573977;F;34;˜˜;0;2018-08-27;2018-08-29 15:03:20;˜˜˜˜˜˜˜˜˜ ˜˜˜;LWR
3046;533413916;M;24;˜˜;2500;2017-10-29;2017-11-01 11:24:19;˜ ˜˜˜˜˜˜;LWR
3047;513961095;M;22;˜˜;925;2024-09-12;2024-09-12 07:58:35;˜˜˜˜˜˜˜˜ ˜˜˜˜;LWR
3048;845742538;F;35;˜˜;925;2020-11-24;2020-12-23 10:32:10;˜˜˜˜˜˜˜˜˜˜˜˜˜˜ ˜˜˜˜;LWR
3049;1191590292;M;44;˜˜;0;2019-11-05;2019-11-06 09:03:44;˜˜˜˜˜˜˜˜˜˜ ˜˜˜;LWR
3050;214198998;M;39;˜˜;1111;2011-03-14;2020-11-08 14:22:07;˜˜˜˜˜˜˜˜˜˜ ˜˜˜˜;LWR
3051;234167969;M;38;˜˜;1388;2021-12-12;2022-02-08 23:23:36;˜˜˜˜˜˜˜˜˜˜ ˜˜˜;LWR
3052;292325541;M;48;˜˜;277;2024-04-05;2024-04-08 09:42:22;˜˜˜˜˜˜˜˜ ˜˜˜˜;LWR
3053;509530834;M;44;˜˜;1851;2015-06-17;2015-06-19 13:16:29;˜˜˜˜˜˜˜˜˜˜˜˜˜ ˜˜˜;LWR
3054;151574017;F;36;˜˜;648;2022-11-30;2022-11-30 12:49:30;˜˜˜˜˜˜˜˜˜˜ ˜˜˜;LWR
3055;936972587;M;24;˜˜;370;2019-07-04;2021-08-08 12:58:05;˜˜˜˜˜˜˜˜˜˜˜˜˜ ˜˜˜;LWR
3056;571868014;F;53;˜˜;648;2014-02-13;2014-03-01 11:30:04;˜˜˜˜˜˜˜˜˜˜ ˜˜˜;LWR
3057;157837009;M;17;˜˜;0;2022-10-08;2022-10-08 22:08:16;0;LWR
3058;1078512744;M;44;˜˜;740;2021-03-03;2021-03-03 18:27:47;˜˜˜˜˜˜˜˜ ˜˜˜˜;LWR
3059;786138932;F;17;˜˜;0;2023-02-17;2023-02-17 20:28:09;˜˜˜˜˜˜˜˜˜˜ ˜˜˜;LWR
3060;4325191;M;36;˜˜;509;2023-09-28;2023-09-29 19:01:09;˜˜˜˜˜˜˜˜˜˜˜˜˜ ˜˜˜;LWR
3061;1058191764;F;26;˜˜;925;2021-02-13;2021-02-13 13:29:08;˜˜˜˜ ˜˜˜˜˜˜˜˜˜;LWR
3062;285601924;F;41;˜˜;0;2024-08-28;2024-09-01 09:20:03;0;LWR
3063;959202048;M;36;˜˜;1111;2018-01-15;2022-11-28 09:03:54;˜˜˜˜˜˜˜˜˜˜˜˜˜˜ ˜˜˜˜;LWR
3064;910772809;F;33;˜˜;2777;2015-04-07;2021-11-21 21:07:01;˜˜˜˜ ˜˜˜˜˜˜˜˜˜;LWR
3065;756098710;M;33;˜˜;1388;2022-06-14;2022-06-14 21:28:55;˜˜˜˜˜-˜˜˜˜˜˜˜˜˜˜ ˜˜˜˜˜˜˜˜˜˜ ˜˜˜˜˜ - ˜˜˜˜ ˜˜;LWR
3066;961890220;F;15;˜˜;0;2023-10-14;2023-10-15 11:38:06;0;LWR
3067;582550573;M;32;˜˜;0;2023-06-26;2023-06-26 17:25:07;0;LWR
3068;817211852;F;39;˜˜;1157;2025-02-07;2025-02-07 10:06:42;˜˜˜˜˜˜˜˜˜˜˜˜˜ ˜˜˜;LWR
3069;1275022227;M;62;˜˜;9166;2015-05-17;2015-05-18 20:24:51;˜˜˜˜˜˜˜˜˜˜ ˜˜˜;LWR
3070;701322173;F;72;˜˜;0;2023-10-14;2023-10-15 16:29:05;0;LWR
3071;866819483;F;35;˜˜;0;2025-02-26;2025-02-26 22:36:52;0;LWR
3072;1043210965;F;35;˜˜;4629;2022-01-22;2022-02-08 13:07:42;˜ ˜˜˜˜˜˜;LWR
3073;563791400;F;37;˜˜;2777;2018-04-04;2018-04-25 14:16:34;˜˜˜˜˜˜˜˜˜˜ ˜˜˜;LWR
3074;727293488;M;32;˜˜;0;2024-07-05;2024-07-09 11:42:27;˜˜˜˜˜˜˜˜˜˜˜˜˜˜ ˜˜˜˜;LWR
3075;1110407;M;54;˜˜;648;2023-12-22;2023-12-22 11:01:36;˜ ˜˜˜˜˜˜˜˜˜˜˜;LWR
3076;610535301;F;21;˜˜;1388;2021-11-15;2022-02-08 16:51:29;˜˜˜˜˜˜˜˜˜˜ ˜˜˜;LWR
3077;1023175911;F;51;˜˜;0;2020-08-13;2020-08-13 11:42:49;0;MED
3078;248146299;F;46;˜˜;740;2017-08-29;2020-08-02 13:45:50;˜˜˜˜˜˜˜˜˜˜ ˜˜˜˜;LWR
3079;315784051;M;30;˜˜;3703;2018-04-24;2020-05-15 11:11:54;˜˜˜˜˜˜˜˜˜˜˜˜ ˜˜˜;LWR
3080;590544562;M;43;˜˜;1388;2015-09-20;2015-09-24 15:11:19;˜˜˜˜˜˜˜˜˜˜ ˜˜˜;LWR
3081;321890124;F;32;˜˜;796;2015-10-17;2020-11-23 21:35:40;˜˜˜˜˜˜˜˜˜˜˜ ˜˜˜;LWR
3082;1204941336;F;37;˜˜;0;2022-08-12;2022-08-12 06:14:26;0;LWR
3083;997477709;F;19;˜˜;370;2021-12-03;2022-02-15 18:38:24;˜˜˜˜ ˜˜˜˜˜˜˜˜˜˜˜˜;LWR
3084;725111084;F;55;˜˜;0;2021-04-02;2021-04-03 15:46:17;˜˜˜˜ ˜˜˜˜˜˜˜˜˜˜˜˜;LWR
3085;164029639;F;37;˜˜;5370;2017-01-15;2017-03-21 16:15:57;˜ ˜˜˜˜˜˜;LWR
3086;154708372;F;43;˜˜;925;2019-01-30;2019-02-01 11:23:01;˜˜˜˜ ˜˜˜˜˜˜˜˜˜;LWR
3087;278696957;F;35;˜˜;1851;2013-12-31;2018-04-09 13:17:22;˜˜˜˜˜˜˜˜˜˜ ˜˜˜;LWR
3088;515211895;M;47;˜˜;0;2023-03-25;2023-03-30 15:00:58;0;LWR
3089;547499813;F;24;˜˜;324;2022-03-27;2024-10-19 08:50:13;˜˜˜˜˜˜ ˜˜˜;LWR
3090;112194734;F;63;˜˜;333;2020-05-15;2022-02-25 16:07:44;˜˜˜˜˜˜˜ ˜˜˜;LWR
3091;213676106;F;24;˜˜;0;2022-12-02;2022-12-03 13:24:40;0;LWR
3092;1005354689;M;39;˜˜;462;2020-02-23;2020-03-11 17:02:29;˜˜˜˜˜˜˜˜˜˜˜˜ ˜˜˜;MED
3093;819204421;M;22;˜˜;1018;2022-02-01;2022-03-16 18:32:32;˜˜˜˜˜˜˜˜˜˜ ˜˜˜;LWR
3094;115605574;M;40;˜˜;1111;2019-11-13;2019-11-18 21:27:53;˜˜˜˜ ˜˜˜˜˜˜˜;LWR
3095;859276247;F;32;˜˜;555;2024-10-21;2024-10-21 12:36:47;˜˜˜˜˜˜˜˜˜ ˜˜˜˜;LWR
3096;152899172;M;31;˜˜;1296;2021-01-13;2021-01-13 16:44:07;˜˜˜˜˜˜˜˜˜˜˜˜˜ ˜˜˜;LWR
3097;760227064;M;41;˜˜;2500;2016-11-16;2016-11-18 13:00:06;˜˜˜˜˜˜˜˜˜˜ ˜˜˜;LWR
3098;144047010;F;35;˜˜;462;2018-07-18;2019-01-25 19:58:34;˜˜˜˜˜˜˜˜˜˜ ˜˜˜;LWR
3099;974522704;M;39;˜˜;462;2014-02-24;2014-03-09 15:32:46;˜˜˜˜ ˜˜˜˜˜˜˜˜˜-˜˜˜˜˜˜˜˜˜˜;LWR
3100;1139898486;M;32;˜˜;925;2020-07-09;2020-07-09 13:09:33;˜˜˜˜˜˜˜˜˜˜ ˜˜˜;LWR
3101;287680572;F;22;˜˜;740;2022-12-06;2022-12-08 08:49:58;˜˜˜˜˜˜˜˜˜˜˜˜ ˜˜˜˜;LWR
3102;863261956;M;18;˜˜;0;2021-09-08;2023-02-28 08:44:01;˜˜˜˜˜˜˜˜˜˜˜˜˜˜ ˜˜˜˜;LWR
3103;318381991;F;43;˜˜;185;2021-10-18;2022-02-12 10:11:44;˜˜˜˜˜˜˜˜˜˜˜˜˜ ˜˜˜;LWR
3104;560190973;F;23;˜˜;1018;2021-12-12;2022-02-09 18:57:15;˜˜˜˜˜˜˜˜ ˜˜˜;LWR
3105;754485992;F;40;˜˜;0;2018-10-05;2018-10-10 15:01:06;˜˜˜˜˜˜˜˜˜˜˜˜˜ ˜˜˜;LWR
3106;246495875;F;36;˜˜;925;2024-09-02;2024-09-02 13:42:19;˜ ˜˜˜˜˜-˜˜˜˜˜˜˜˜˜;LWR
3107;375497442;F;58;˜˜;833;2018-08-10;2018-08-17 10:57:44;˜˜˜˜˜˜˜˜˜˜˜ ˜˜˜;LWR
3108;937342936;M;17;˜˜;0;2021-10-21;2022-02-11 08:08:27;˜ ˜˜˜˜˜˜;LWR
3109;429591873;F;41;˜˜;1851;2021-10-19;2022-02-13 23:18:01;˜ ˜˜˜˜˜-˜˜˜˜˜˜˜˜˜;LWR
3110;308402799;F;24;˜˜;1053;2022-03-11;2022-03-14 12:25:10;˜ ˜˜˜˜˜˜;LWR
3111;608801320;F;23;˜˜;333;2020-12-24;2023-11-13 12:01:20;˜˜˜˜˜˜˜˜˜˜ ˜˜˜;LWR
3112;901889702;M;37;˜˜˜˜˜˜˜˜;0;2024-08-14;2024-08-14 14:24:58;˜ ˜˜˜˜˜˜;LWR
3113;1038623206;M;48;˜˜;555;2024-08-05;2024-08-05 12:37:52;˜˜˜˜˜˜˜˜˜˜˜˜ ˜˜˜;LWR
3114;807269474;M;27;˜˜;370;2021-08-16;2021-07-13 12:45:36;˜˜˜˜ ˜˜˜˜˜˜˜˜˜˜˜˜;LWR
3115;244126178;M;39;˜˜;648;2020-02-27;2020-02-28 16:27:46;˜˜˜˜˜˜˜˜˜ ˜˜˜;LWR
3116;1006015131;F;47;˜˜;2777;2022-05-07;2022-05-07 12:48:16;˜˜˜˜˜˜˜˜˜ ˜˜˜˜˜˜˜˜˜˜ - ˜˜˜˜˜˜˜;LWR
3117;1046097026;M;39;˜˜;462;2022-03-02;2022-03-03 16:05:32;˜ ˜˜˜˜˜-˜˜˜˜˜˜˜˜˜;LWR
3118;1037773991;M;20;˜˜;0;2022-02-18;2022-02-18 18:42:58;0;LWR
3119;862247280;F;48;˜˜;2314;2021-11-27;2021-09-22 17:48:11;˜˜˜˜ ˜˜˜˜˜˜;LWR
3120;635875618;M;27;˜˜;1851;2020-06-25;2020-06-25 01:28:27;˜˜˜˜˜˜˜˜˜ ˜˜˜;LWR
3121;238857385;M;22;˜˜;787;2021-03-17;2021-03-17 12:10:58;˜˜˜˜˜˜˜˜˜˜˜˜˜ ˜˜˜˜;LWR
3122;891456117;M;38;˜˜;1018;2021-02-21;2021-02-21 12:39:21;˜˜˜˜˜˜˜˜˜˜˜˜˜˜˜ ˜˜˜;LWR
3123;354781882;M;25;˜˜;370;2021-10-31;2022-02-12 04:35:26;˜ ˜˜˜˜˜˜;LWR
3124;391757386;M;53;˜˜;444;2022-07-28;2024-09-10 18:23:39;˜˜˜˜˜˜˜˜˜ ˜˜˜;LWR
3125;1059029773;F;56;˜˜;0;2017-09-13;2022-02-08 11:19:52;0;LWR
3126;428064232;F;50;˜˜;2777;2016-09-06;2016-09-17 00:43:08;˜ ˜˜˜˜˜˜;LWR
3127;782455264;F;19;˜˜;0;2023-04-09;2023-04-09 16:09:44;0;LWR
3128;765971526;M;31;˜˜;703;2018-10-18;2018-10-21 14:34:47;˜ ˜˜˜˜˜˜;LWR
3129;346257629;F;57;˜˜;0;2022-09-05;2022-09-05 18:39:28;0;LWR
3130;266599063;F;68;˜˜;0;2023-03-15;2023-03-16 10:49:27;0;LWR
3131;1005201138;M;20;˜˜;277;2022-08-28;2022-12-09 17:52:43;˜˜˜˜˜˜˜˜˜˜˜˜˜ ˜˜˜˜;LWR
3132;335066681;F;48;˜˜;648;2019-02-26;2023-09-13 08:34:56;˜˜˜˜ ˜˜˜˜˜˜˜;LWR
3133;344150335;F;35;˜˜˜˜˜˜˜;0;2025-02-18;2025-02-19 09:55:24;˜˜˜˜˜˜˜˜˜˜ ˜˜˜;LWR
3134;1071330870;F;41;˜˜;2546;2013-02-18;2023-01-05 23:07:28;˜ ˜˜˜˜˜˜;LWR
3135;938019003;F;58;˜˜;925;2021-08-06;2021-08-06 18:29:41;˜˜˜˜˜-˜˜˜˜˜˜˜˜˜˜ ˜˜˜˜˜˜˜˜˜˜ ˜˜˜˜˜ - ˜˜˜˜ ˜˜;LWR
3136;133448769;F;43;˜˜;648;2023-12-18;2023-12-21 10:18:10;˜ ˜˜˜˜˜˜;LWR
3137;1000621323;F;34;˜˜;0;2019-06-03;2019-06-05 10:06:59;˜˜˜˜˜˜˜˜ ˜˜˜˜;LWR
3138;267985412;F;38;˜˜;0;2022-03-05;2022-03-05 19:02:22;˜˜˜˜˜˜˜˜˜˜˜˜˜ ˜˜˜;LWR
3139;1044163160;F;25;˜˜;416;2019-03-01;2021-03-10 14:06:55;˜˜˜˜˜˜˜˜˜˜˜ ˜˜˜;LWR
3140;963175330;M;57;˜˜;0;2025-04-01;2025-04-02 11:09:29;0;LWR
3141;865560242;F;32;˜˜;740;2019-07-14;2019-07-16 08:13:36;˜˜˜˜˜˜˜˜˜˜ ˜˜˜;LWR
3142;97808256;F;39;˜˜;0;2017-03-10;2017-03-11 16:24:02;˜ ˜˜˜˜˜-˜˜˜˜˜˜˜˜˜;LWR
3143;1004792603;M;57;˜˜;648;2018-01-30;2018-02-02 13:33:45;˜˜˜˜˜˜˜˜˜˜˜˜ ˜˜˜;LWR
3144;863034018;F;29;˜˜;1388;2021-09-27;2022-02-23 00:05:28;˜˜˜˜˜˜˜˜˜˜˜˜˜ ˜˜˜;LWR
3145;211448548;M;31;˜˜;1296;2018-04-02;2021-01-20 17:49:03;˜˜˜˜˜˜˜˜ ˜˜˜;LWR
3146;529029241;F;47;˜˜;740;2019-03-05;2022-07-03 10:49:46;˜˜˜˜˜˜˜˜˜˜˜˜˜ ˜˜˜˜;LWR
3147;116749326;M;27;˜˜;1111;2020-01-13;2021-03-27 02:22:05;˜˜˜˜˜˜˜˜˜˜˜ ˜˜˜˜˜˜˜ - ˜˜˜˜˜˜˜;LWR
3148;857916593;M;45;˜˜;462;2021-06-11;2021-06-11 11:25:57;˜ ˜˜˜˜˜˜;LWR
3149;1056688428;M;37;˜˜˜˜˜˜˜˜˜˜;0;2022-11-25;2022-11-25 11:42:27;˜˜˜˜˜˜˜˜˜˜ ˜˜˜;LWR
3150;397197001;M;28;˜˜;1851;2020-02-26;2020-02-26 19:51:28;˜˜˜˜˜˜˜˜˜ ˜˜˜;LWR
3151;222117640;M;29;˜˜;1111;2023-03-29;2022-02-14 07:51:04;˜˜˜˜ ˜˜˜˜˜˜˜˜˜˜˜˜;LWR
3152;145281433;M;35;˜˜;805;2023-03-26;2023-03-26 17:15:13;˜˜˜˜ ˜˜˜˜˜˜˜˜˜˜;LWR
3153;779516221;M;37;˜˜;2314;2020-02-26;2020-06-02 21:10:15;˜˜˜˜ ˜˜˜˜;MED
3154;118915741;F;51;˜˜;6944;2021-07-15;2022-02-08 07:34:39;˜˜˜˜ ˜˜˜˜˜˜˜˜˜˜˜˜;LWR
3155;772423981;M;37;˜˜;925;2023-02-13;2023-02-14 22:23:13;˜˜˜˜˜˜˜˜˜˜˜˜˜ ˜˜˜˜;LWR
3156;816859308;M;29;˜˜;1388;2021-04-21;2021-04-23 12:52:48;˜˜˜˜˜˜˜˜˜ ˜˜˜;LWR
3157;801733174;M;33;˜˜;740;2017-06-21;2017-06-23 12:55:06;˜˜˜˜˜˜˜˜˜ ˜˜˜;LWR
3158;1074835031;F;46;˜˜;370;2016-05-05;2016-05-31 19:10:17;˜˜˜˜˜˜˜˜˜ ˜˜˜;LWR
3159;361090202;M;19;˜˜;0;2022-03-14;2022-10-09 22:19:25;0;MED
3160;787476679;M;35;˜˜;462;2020-12-15;2020-12-20 13:45:56;˜˜˜˜˜˜˜˜˜˜ ˜˜˜;LWR
3161;806647653;M;63;˜˜;0;2022-09-10;2022-09-11 20:30:04;0;LWR
3162;808062265;F;39;˜˜;1018;2021-06-04;2022-02-08 17:35:44;˜ ˜˜˜˜˜˜;LWR
3163;1193490660;M;36;˜˜;0;2025-01-12;2025-01-15 16:11:42;˜˜˜ ˜˜˜˜˜˜˜˜˜˜;LWR
3164;1182802077;M;30;˜˜;925;2016-03-26;2020-07-17 11:26:31;˜˜˜˜˜˜˜˜˜˜˜˜ ˜˜˜;LWR
3165;319447803;M;29;˜˜;925;2020-06-04;2020-06-05 10:24:20;˜ ˜˜˜˜˜˜;MED
3166;857396160;F;37;˜˜;740;2020-09-08;2020-10-06 13:15:50;˜˜˜˜˜˜˜˜˜˜˜˜˜ ˜˜˜;LWR
3167;893611664;F;66;˜˜;231;2024-02-24;2024-02-24 13:39:47;˜˜˜˜˜˜˜˜˜ ˜˜˜;LWR
3168;726535235;M;48;˜˜;740;2023-05-15;2023-05-15 07:11:42;˜˜˜˜˜˜˜˜˜˜˜˜ ˜˜˜;LWR
3169;907312995;F;43;˜˜;462;2022-05-31;2022-06-01 14:42:58;˜˜˜˜˜˜˜˜ ˜˜˜˜;LWR
3170;845169560;M;49;˜˜;462;2013-10-24;2020-12-29 21:48:33;˜˜˜˜˜˜˜˜ ˜˜˜;LWR
3171;697244323;F;30;˜˜;0;2023-08-19;2023-08-19 11:19:21;˜˜˜˜˜˜˜˜˜˜ ˜˜˜;LWR
3172;240470603;M;45;˜˜;0;2020-06-21;2020-06-23 14:01:54;0;LWR
3173;392287529;M;54;˜˜;925;2020-02-05;2020-02-08 19:04:11;˜˜˜˜ ˜˜˜˜˜˜˜˜˜;LWR
3174;754041224;F;53;˜˜;1157;2023-04-21;2023-04-21 17:05:53;˜˜˜˜˜˜˜˜˜ ˜˜˜;LWR
3175;1021870087;M;31;˜˜;277;2024-10-21;2024-10-30 11:27:17;˜˜˜˜˜˜˜˜˜˜ ˜˜˜;LWR
3176;130478566;M;39;˜˜;2777;2018-12-24;2018-12-26 13:59:33;˜˜˜˜ ˜˜˜˜˜˜˜˜˜;LWR
3177;633730598;M;42;˜˜;0;2019-07-07;2019-07-10 21:31:58;˜ ˜˜˜˜˜-˜˜˜˜˜˜˜˜˜;LWR
3178;1139336;M;32;˜˜;925;2022-03-31;2022-03-31 22:25:38;˜˜˜˜˜˜˜˜˜˜˜ ˜˜˜;LWR
3179;1060901449;M;39;˜˜;555;2018-04-09;2018-11-13 14:54:09;˜˜˜˜ ˜˜˜˜˜˜˜˜˜˜˜˜;LWR
3180;256616316;F;41;˜˜;0;2021-06-16;2021-06-19 08:08:15;0;LWR
3181;729561749;F;62;˜˜;0;2023-04-07;2023-04-07 14:30:55;0;LWR
3182;1032251602;F;38;˜˜;0;2015-05-13;2015-05-15 13:07:37;˜˜˜ ˜˜˜˜˜˜˜˜˜˜;LWR
3183;366138310;M;20;˜˜;852;2020-10-25;2022-05-01 23:48:50;˜˜˜˜˜˜˜˜˜˜˜˜ ˜˜˜;LWR
3184;899883380;M;24;˜˜;740;2020-11-09;2020-11-09 21:10:04;˜˜˜˜ ˜˜˜˜˜˜˜˜˜˜˜˜;LWR
3185;690447482;F;32;˜˜;0;2021-11-25;2022-02-16 14:45:53;0;LWR
3186;963451480;F;34;˜˜;0;2021-08-01;2021-08-01 19:41:04;˜˜˜˜˜˜˜˜˜ ˜˜˜;LWR
3187;151007752;M;32;˜˜;1851;2021-06-10;2021-06-11 11:09:20;˜˜˜˜ ˜˜˜˜˜˜˜˜;LWR
3188;1060998515;M;21;˜˜;555;2022-06-28;2023-12-22 23:26:05;˜ ˜˜˜˜˜˜;LWR
3189;599294452;M;22;˜˜;1018;2021-01-09;2025-03-23 01:18:46;˜˜˜˜˜˜˜˜˜˜ ˜˜˜˜;LWR
3190;334531202;M;58;˜˜;0;2022-10-12;2022-10-12 23:03:33;0;LWR
3191;1053468601;F;25;˜˜;1851;2021-08-31;2021-01-10 10:14:14;˜˜˜˜˜˜˜˜˜ ˜˜˜;LWR
3192;893900896;F;27;˜˜;555;2022-06-14;2022-06-14 13:11:24;˜ ˜˜˜˜˜˜;LWR
3193;1055127115;M;44;˜˜;0;2018-10-09;2018-08-17 12:10:15;˜ ˜˜˜˜˜˜;LWR
3194;699535625;M;35;˜˜;0;2016-10-06;2022-10-12 11:29:09;˜˜˜˜˜˜˜˜ ˜˜˜˜;LWR
3195;139659081;0;35;˜˜˜˜˜;0;2023-03-02;2023-03-02 05:39:00;˜ ˜˜˜˜˜˜;LWR
3196;898549090;M;51;˜˜;740;2024-02-06;2024-02-06 21:26:57;˜˜˜˜˜-˜˜˜˜˜˜˜˜˜˜ ˜˜˜˜˜˜˜˜˜˜ ˜˜˜˜˜ - ˜˜˜˜ ˜˜;LWR
3197;593765583;M;49;˜˜;0;2024-09-28;2024-09-28 12:24:54;˜ ˜˜˜˜˜˜;LWR
3198;1153889384;F;46;˜˜;712;2020-10-05;2023-12-21 15:43:57;˜˜˜˜˜˜˜˜˜˜ ˜˜˜;LWR
3199;897040739;M;33;˜˜;648;2022-03-26;2022-03-29 10:30:12;˜˜˜˜˜˜˜˜˜˜˜˜˜ ˜˜˜;LWR
3200;1211255407;F;23;˜˜;648;2022-08-12;2022-08-12 10:16:39;˜˜˜˜˜˜˜˜˜˜˜ ˜˜˜;LWR
3201;899243146;M;39;˜˜;0;2022-03-18;2022-03-18 14:40:56;0;LWR
3202;1006260392;F;47;˜˜;1388;2023-05-30;2023-06-01 10:38:19;˜˜˜˜˜˜˜˜˜˜ ˜˜˜;LWR
3203;556271816;F;28;˜˜;685;2017-06-30;2019-06-26 05:15:46;˜˜˜˜˜˜˜˜˜ ˜˜˜˜;LWR
3204;1080687053;M;18;˜˜;231;2022-09-09;2022-09-09 20:30:53;˜ ˜˜˜˜˜˜;LWR
3205;1141621593;M;44;˜˜˜˜˜˜˜˜˜˜;0;2023-10-07;2023-10-12 19:41:39;˜ ˜˜˜˜˜-˜˜˜˜˜˜˜˜˜;LWR
3206;66040672;M;43;˜˜;0;2022-10-20;2022-10-20 12:15:27;0;LWR
3207;1041666517;M;33;˜˜;277;2020-02-21;2021-02-14 08:29:17;˜˜˜˜ ˜˜˜˜˜;LWR
3208;1693193;M;43;˜˜;0;2024-12-16;2024-12-06 22:46:34;˜˜˜˜˜˜˜ ˜˜˜˜˜˜˜˜˜;LWR
3209;818497416;M;30;˜˜;1064;2019-09-20;2020-04-25 13:26:24;˜˜˜˜˜˜˜˜˜˜˜˜˜ ˜˜˜;LWR
3210;124038325;F;35;˜˜;481;2023-11-06;2023-11-06 12:57:44;˜˜˜˜˜˜˜˜˜˜˜˜˜ ˜˜˜˜;LWR
3211;1019408634;M;42;˜˜;444;2020-08-06;2020-08-06 13:14:29;˜˜˜˜˜˜˜˜ ˜˜˜;LWR
3212;970055049;M;34;˜˜;601;2022-12-15;2022-12-15 16:02:12;˜˜˜˜˜˜˜˜˜˜˜˜˜˜ ˜˜˜˜;LWR
3213;19765025;M;41;˜˜;1851;2024-04-22;2024-04-23 09:53:07;˜˜˜˜˜˜˜˜˜˜ ˜˜˜;LWR
3214;550918892;M;30;˜˜;925;2021-06-06;2021-06-07 18:45:26;˜˜˜˜˜˜˜˜˜˜ ˜˜˜;LWR
3215;542010689;F;43;˜˜˜˜˜˜˜˜˜˜˜;555;2024-08-12;2024-08-12 11:52:57;˜˜˜˜˜˜˜˜˜˜ ˜˜˜;LWR
3216;341563917;F;40;˜˜;1435;2018-08-30;2022-02-08 08:04:38;˜˜˜˜˜˜˜˜˜˜˜˜ ˜˜˜˜;LWR
3217;1038266395;F;21;˜˜;9;2022-07-17;2022-07-17 10:10:26;˜˜˜˜˜˜˜˜˜˜˜ ˜˜˜;LWR
3218;1018862186;M;20;˜˜;578;2022-03-06;2022-03-07 12:39:05;˜ ˜˜˜˜˜˜;LWR
3219;311334814;M;39;˜˜;648;2023-07-17;2023-07-17 22:21:14;˜˜˜˜˜˜˜˜˜˜˜˜ ˜˜˜;LWR
3220;1013497578;F;58;˜˜;0;2021-02-10;2021-02-12 19:50:21;0;LWR
3221;605568744;F;72;˜˜;0;2023-04-16;2023-04-16 17:47:06;0;LWR
3222;604073524;M;26;˜˜;1574;2020-11-08;2020-11-08 21:41:42;˜˜˜˜˜˜˜˜ ˜˜˜˜;LWR
3223;823154962;F;25;˜˜;420;2021-10-18;2022-02-08 16:21:34;˜˜˜˜˜˜˜ ˜˜˜;LWR
3224;787730995;M;37;˜˜;1481;2013-05-16;2023-11-24 07:29:14;˜˜˜˜˜˜˜˜˜˜˜˜ ˜˜˜˜;LWR
3225;1142780997;F;44;˜˜;1388;2020-09-10;2020-09-10 15:03:31;˜˜˜˜˜˜˜˜˜ ˜˜˜˜;LWR
3226;1035482422;F;26;˜˜;925;2019-12-31;2020-01-01 17:11:25;˜˜˜˜˜˜˜˜˜˜˜˜˜˜ ˜˜˜˜;LWR
3227;564216056;F;31;˜˜;1296;2019-05-27;2019-05-30 17:19:36;˜˜˜˜˜˜˜˜˜˜ ˜˜˜;LWR
3228;37187152;M;37;˜˜;2777;2013-05-22;2015-04-13 10:25:56;˜ ˜˜˜˜˜˜;LWR
3229;389966715;F;48;˜˜;0;2017-08-15;2017-08-23 14:26:19;˜ ˜˜˜˜˜-˜˜˜˜˜˜˜˜˜;LWR
3230;762768816;F;47;˜˜;138;2022-10-15;2022-10-15 23:25:56;˜˜˜˜˜˜˜˜˜˜˜ ˜˜˜;LWR
3231;956671933;F;18;˜˜;0;2025-02-27;2025-02-27 17:35:33;0;LWR
3232;1012928864;F;30;˜˜;0;2022-12-07;2022-12-11 16:22:20;0;LWR
3233;613935113;F;49;˜˜;518;2019-09-29;2019-10-02 13:39:22;˜˜˜˜˜˜˜˜˜˜˜ ˜˜˜;LWR
3234;1016456970;M;19;˜˜;462;2022-10-12;2022-10-12 14:00:00;0;LWR
3235;690340277;F;59;˜˜;277;2020-09-03;2020-09-03 11:22:41;˜˜˜˜˜˜˜˜˜˜˜ ˜˜˜;LWR
3236;1218735198;F;55;˜˜;0;2022-12-05;2023-11-15 10:24:29;˜˜˜˜˜˜˜˜˜ ˜˜˜;LWR
3237;1054163874;M;26;˜˜;1111;2022-08-14;2022-08-16 05:43:57;˜˜˜˜˜˜˜˜˜ ˜˜˜;LWR
3238;507657605;M;26;˜˜;1388;2020-12-03;2020-06-27 14:59:26;˜˜˜˜˜˜˜˜˜˜ ˜˜˜;LWR
3239;869914818;F;52;˜˜;0;2022-03-15;2022-03-15 13:05:25;0;LWR
3240;116797523;F;22;˜˜;277;2021-05-12;2021-05-17 13:55:27;˜˜˜˜˜˜˜˜˜˜˜˜ ˜˜˜˜;LWR
3241;790806186;F;25;˜˜;740;2021-10-09;2022-02-21 12:57:22;˜˜˜˜˜˜˜˜˜ ˜˜˜;LWR
3242;945207686;M;26;˜˜;648;2019-01-11;2020-06-19 14:20:19;˜˜˜˜˜˜˜˜˜ ˜˜˜;LWR
3243;1085906082;M;19;˜˜;0;2022-10-27;2022-10-27 16:38:36;0;LWR
3244;218872964;F;30;˜˜;0;2018-05-09;2020-06-12 11:03:10;˜ ˜˜˜˜˜˜;LWR
3245;230502412;M;20;˜˜;694;2021-04-01;2022-05-04 15:02:43;˜ ˜˜˜˜˜˜;LWR
3246;1003964497;F;38;˜˜;4629;2018-02-19;2018-02-20 19:25:00;˜˜˜˜˜˜˜˜˜˜ ˜˜˜;LWR
3247;528030419;M;25;˜˜;509;2020-01-15;2020-02-06 10:18:07;˜˜˜˜˜˜˜˜˜ ˜˜˜;LWR
3248;301455633;F;26;˜˜;879;2022-10-10;2022-10-10 03:45:51;˜ ˜˜˜˜˜˜;LWR
3249;676677661;F;35;˜˜;925;2017-04-24;2017-04-28 15:05:58;˜˜˜˜˜˜˜˜˜˜˜˜˜ ˜˜˜˜;LWR
3250;206584179;F;53;˜˜;740;2024-12-09;2024-10-17 05:45:46;˜˜˜˜˜˜˜ ˜˜˜˜˜˜˜˜˜˜˜;LWR
3251;142033239;M;47;˜˜;462;2022-11-03;2022-11-07 22:01:13;˜˜˜˜˜˜˜˜˜˜ ˜˜˜;LWR
3252;385387119;M;33;˜˜˜˜˜˜˜˜˜;0;2022-04-21;2022-04-21 12:52:48;˜˜˜˜˜˜˜˜˜˜˜ ˜˜˜;LWR
3253;348196736;F;31;˜˜;0;2024-04-09;2024-04-09 10:20:35;0;LWR
3254;670220654;F;38;˜˜;0;2013-02-01;2013-02-04 22:57:34;˜ ˜˜˜˜˜˜;LWR
3255;117810013;F;47;˜˜;462;2020-10-08;2020-10-08 16:27:58;˜˜˜˜˜˜˜˜˜˜˜˜ ˜˜˜;LWR
3256;846302659;F;28;˜˜;1083;2020-01-30;2020-01-31 12:51:47;˜ ˜˜˜˜˜˜;LWR
3257;744434593;M;41;˜˜;648;2017-06-30;2017-08-10 14:44:44;˜˜˜˜˜˜˜˜ ˜˜˜˜;LWR
3258;167798380;F;31;˜˜;277;2018-06-11;2018-11-05 13:17:26;˜ ˜˜˜˜˜-˜˜˜˜˜˜˜˜˜;LWR
3259;729594783;M;23;˜˜;1805;2024-02-21;2024-02-21 17:18:56;˜˜˜˜ ˜˜˜˜;LWR
3260;1154096033;M;50;˜˜;555;2021-10-26;2022-02-10 06:37:49;˜˜˜˜˜˜˜˜˜ ˜˜˜;LWR
3261;972410403;M;37;˜˜;6944;2020-03-03;2022-07-02 12:38:55;˜ ˜˜˜˜˜-˜˜˜˜˜˜˜˜˜;LWR
3262;698308325;M;39;˜˜;0;2024-07-09;2024-07-09 10:14:48;˜˜˜˜˜˜ ˜˜˜;LWR
3263;611062574;M;55;˜˜;0;2021-02-14;2021-02-20 23:23:47;0;LWR
3264;303329591;F;65;˜˜;648;2019-08-21;2019-08-22 12:41:19;˜ ˜˜˜˜˜˜;LWR
3265;401790045;M;26;˜˜;3240;2020-04-17;2020-06-17 17:43:42;˜˜˜˜˜˜˜˜˜ ˜˜˜;LWR
3266;749584275;F;33;˜˜;0;2022-10-02;2022-10-02 14:05:20;0;LWR
3267;969012646;F;26;˜˜;925;2024-07-11;2024-07-16 12:47:49;0;LWR
3268;509146243;F;22;˜˜;1111;2021-10-26;2022-02-14 10:52:36;˜ ˜˜˜˜˜˜˜˜˜˜˜;LWR
3269;157951015;F;28;˜˜;1712;2021-03-23;2021-03-23 14:40:33;˜ ˜˜˜˜˜˜;LWR
3270;1214296047;M;53;˜˜;1185;2024-06-04;2024-08-14 07:23:48;˜˜˜˜ ˜˜˜˜;LWR
3271;1217834230;M;29;˜˜;0;2023-06-09;2023-06-11 20:45:57;˜˜˜˜˜˜˜˜˜˜˜ ˜˜˜;LWR
3272;899884363;M;46;˜˜;0;2023-02-24;2023-02-24 20:57:18;0;MED
3273;1199096770;F;32;˜˜;2768;2022-02-14;2022-02-15 10:33:29;˜˜˜˜˜˜˜˜˜˜ ˜˜˜;LWR
3274;602553588;F;48;˜˜;0;2024-12-31;2024-12-31 17:03:30;˜˜˜˜˜˜˜˜˜˜˜˜ ˜˜˜;LWR
3275;376626290;F;27;˜˜;648;2022-03-10;2022-03-10 14:08:46;˜˜˜˜ ˜˜˜˜˜˜˜˜;LWR
3276;294305963;F;54;˜˜;1666;2023-04-27;2023-04-27 06:35:36;˜˜˜˜ ˜˜˜˜ /˜˜˜˜˜˜/;LWR
3277;70476202;F;32;˜˜;0;2024-10-09;2024-10-09 23:03:46;0;LWR
3278;699576772;F;41;˜˜;2314;2012-10-15;2017-07-07 14:21:11;˜ ˜˜˜˜˜˜;LWR
3279;34522234;M;18;˜˜;416;2025-02-07;2025-02-07 16:45:17;˜˜˜˜˜˜˜˜˜˜˜˜˜ ˜˜˜;LWR
3280;799445583;F;30;˜˜;740;2023-07-14;2023-07-14 14:38:24;˜˜˜˜ ˜˜˜˜˜˜˜˜˜˜˜˜;LWR
3281;216976094;M;52;˜˜;925;2016-05-12;2016-08-22 16:51:50;˜ ˜˜˜˜˜˜;LWR
3282;262421525;M;31;˜˜;648;2016-11-04;2016-11-07 14:21:16;˜˜˜˜ ˜˜˜˜˜˜˜˜˜˜˜˜;LWR
3283;1173322796;M;60;˜˜;0;2020-04-10;2022-11-05 20:59:58;0;LWR
3284;362939254;M;35;˜˜;833;2015-08-30;2015-08-31 23:38:16;˜ ˜˜˜˜˜˜;LWR
3285;142563368;M;36;˜˜;879;2020-07-18;2020-07-18 22:11:36;˜˜˜˜˜-˜˜˜˜˜˜˜˜ ˜˜;LWR
3286;602576688;M;47;˜˜;833;2020-12-08;2020-12-15 13:05:42;˜˜˜˜˜˜˜˜˜˜˜˜˜ ˜˜˜;LWR
3287;1067988406;F;52;˜˜;4444;2020-11-13;2022-06-09 23:41:27;˜ ˜˜˜˜˜-˜˜˜˜˜˜˜˜˜;LWR
3288;1013988123;F;40;˜˜;0;2023-02-11;2023-02-14 10:43:03;0;LWR
3289;342974191;M;60;˜˜;462;2020-02-04;2020-02-11 18:01:51;˜˜˜˜˜˜˜˜˜ ˜˜˜;LWR
3290;206664734;F;30;˜˜;1666;2021-12-30;2022-02-07 23:39:39;˜˜˜˜˜˜˜˜˜˜˜˜˜ ˜˜˜;LWR
3291;583370194;F;25;˜˜;1111;2019-10-09;2023-02-12 06:05:19;˜˜˜˜˜˜˜˜˜ ˜˜˜˜;LWR
3292;1027255769;M;39;˜˜;740;2022-11-11;2022-11-11 09:05:05;˜˜˜˜˜˜˜˜˜˜˜˜ ˜˜˜;LWR
3293;994032882;F;23;˜˜;740;2022-10-16;2022-10-16 16:44:01;˜˜˜˜˜˜˜˜˜˜˜˜˜ ˜˜˜;LWR
3294;318139351;F;22;˜˜;324;2021-02-08;2021-02-08 19:37:52;˜˜˜˜˜˜˜˜˜˜˜ ˜˜˜;LWR
3295;89470214;F;38;˜˜;925;2020-05-07;2020-05-28 22:46:38;˜ ˜˜˜˜˜˜;LWR
3296;1197737620;F;43;˜˜;0;2022-11-30;2022-11-30 11:52:31;0;LWR
3297;565667050;F;44;˜˜;555;2021-08-31;2022-02-08 01:20:33;˜˜˜˜˜˜˜˜ ˜˜˜;LWR
3298;815986652;M;45;˜˜;1111;2024-10-23;2024-10-23 16:43:59;0;LWR
3299;156644147;M;54;˜˜;3240;2019-05-11;2020-12-11 16:51:41;˜˜˜˜ ˜˜˜˜˜˜˜˜˜;LWR
3300;294152136;M;30;˜˜;1388;2020-02-18;2020-02-18 15:57:18;˜˜˜˜˜˜˜˜˜˜˜˜˜ ˜˜˜˜;LWR
3301;1083745020;F;41;˜˜;555;2011-05-20;2022-02-08 12:12:47;˜˜˜˜˜˜˜˜˜˜ ˜˜˜;LWR
3302;507920836;M;54;˜˜;370;2022-05-29;2018-12-26 08:48:44;˜˜˜˜˜˜˜˜˜˜ ˜˜˜;LWR
3303;619606917;M;36;˜˜;462;2023-06-14;2023-06-14 21:21:25;˜˜˜˜˜˜˜˜˜˜ ˜˜˜;LWR
3304;723107950;M;39;˜˜;1018;2020-11-25;2023-03-10 15:54:44;˜˜˜˜ ˜˜˜˜˜˜˜˜˜;LWR
3305;387222327;M;61;˜˜;0;2022-11-25;2022-11-25 04:49:09;0;LWR
3306;1049996555;F;50;˜˜;1388;2020-11-01;2020-11-05 19:15:29;˜ ˜˜˜˜˜˜;LWR
3307;909768282;M;22;˜˜;231;2020-03-27;2021-03-29 14:32:49;˜˜˜˜ ˜˜˜˜˜˜˜;LWR
3308;807876534;F;41;˜˜;1388;2021-07-25;2022-02-11 15:43:34;˜˜˜˜˜˜˜˜˜˜˜˜˜ ˜˜˜;LWR
3309;648434260;M;62;˜˜;277;2020-10-05;2020-10-14 12:16:48;˜˜˜˜˜˜˜˜˜ ˜˜˜;LWR
3310;366160422;F;39;˜˜;2388;2019-08-06;2020-04-03 15:54:14;˜˜˜˜˜˜˜˜˜˜ ˜˜˜;LWR
3311;1211316865;F;41;˜˜;0;2023-11-20;2023-11-20 09:26:21;0;LWR
3312;507883995;M;39;˜˜;865;2017-07-10;2022-09-19 14:48:50;˜˜˜˜˜˜˜˜˜˜ ˜˜˜;LWR
3313;1099841691;M;23;˜˜;1388;2024-09-02;2024-09-02 22:16:07;˜ ˜˜˜˜˜˜;LWR
3314;1012707279;M;53;˜˜;1851;2022-04-27;2022-05-13 14:55:07;˜˜˜˜˜˜˜˜˜˜˜˜ ˜˜˜;LWR
3315;623578246;M;19;˜˜;0;2022-04-02;2022-04-02 09:35:13;˜˜˜˜˜˜˜˜ ˜˜˜;LWR
3316;701251127;F;29;˜˜;462;2022-03-23;2023-11-10 22:31:12;˜˜˜˜˜˜˜˜˜˜˜˜˜ ˜˜˜˜;LWR
3317;1074004074;M;47;˜˜;555;2017-11-24;2020-03-15 18:37:56;˜˜˜˜˜˜˜˜˜˜˜ ˜˜˜;LWR
3318;1160419558;F;26;˜˜;740;2017-04-29;2017-05-19 18:21:18;˜˜˜˜ ˜˜˜˜˜˜˜˜˜;LWR
3319;1211125670;F;33;˜˜;1735;2017-07-31;2017-08-02 17:58:09;˜˜˜˜˜˜˜˜˜˜ ˜˜˜;LWR
3320;697289854;M;28;˜˜;3703;2018-02-20;2018-02-23 13:55:35;˜˜˜˜˜˜˜˜˜˜˜˜˜ ˜˜˜;LWR
3321;111843793;F;19;˜˜;0;2021-10-26;2022-02-13 15:19:22;˜ ˜˜˜˜˜˜;LWR
3322;1079583779;F;32;˜˜;925;2020-07-12;2020-07-16 14:30:48;˜ ˜˜˜˜˜˜;LWR
3323;544593077;F;40;˜˜;2777;2018-01-30;2018-02-01 14:59:02;˜˜˜˜˜˜˜˜˜˜˜˜˜ ˜˜˜˜;LWR
3324;230847472;F;45;˜˜;0;2022-03-14;2022-03-14 14:04:14;0;LWR
3325;336738333;F;57;˜˜;0;2023-10-21;2023-10-23 11:02:56;˜˜˜˜˜˜˜˜˜˜˜˜ ˜˜˜;LWR
3326;1212259;F;36;˜˜;462;2020-04-09;2020-04-13 12:14:08;˜˜˜˜˜˜˜˜˜˜˜˜˜ ˜˜˜;LWR
3327;219283991;M;31;˜˜˜˜˜˜˜˜;0;2021-12-01;2022-02-07 22:39:14;˜˜˜˜˜˜˜˜˜˜ ˜˜˜;LWR
3328;972900139;F;22;˜˜;740;2021-05-16;2021-05-23 14:38:23;˜˜˜˜˜˜˜˜˜˜˜˜˜ ˜˜˜;LWR
3329;80573725;M;45;˜˜;185;2021-10-27;2021-11-30 08:25:33;˜˜˜˜˜˜˜˜˜˜˜˜˜ ˜˜˜˜;LWR
3330;312960310;M;22;˜˜;648;2022-12-20;2022-12-20 14:23:38;˜ ˜˜˜˜˜-˜˜˜˜˜˜˜˜˜;LWR
3331;236422915;M;35;˜˜;1851;2019-03-17;2019-03-30 12:00:38;˜ ˜˜˜˜˜˜;LWR
3332;850243392;M;20;˜˜;0;2025-01-26;2025-01-26 19:45:51;0;LWR
3333;1072984062;F;44;˜˜;648;2024-11-08;2024-11-10 11:30:23;0;LWR
3334;940094434;M;66;˜˜;1111;2019-12-08;2019-08-07 12:33:47;˜˜˜˜˜˜˜˜˜˜ ˜˜˜;LWR
3335;123628793;F;32;˜˜;925;2018-09-09;2018-09-12 21:50:30;˜˜˜˜ ˜˜˜˜˜˜˜˜˜;LWR
3336;515792857;M;38;˜˜;925;2025-01-18;2025-01-27 12:19:36;˜˜˜˜˜˜˜˜˜˜ ˜˜˜;LWR
3337;529819890;F;26;˜˜˜˜˜˜˜˜;0;2022-08-07;2022-08-07 22:32:16;˜ ˜˜˜˜˜-˜˜˜˜˜˜˜˜˜;LWR
3338;542690531;M;26;˜˜;555;2019-07-18;2020-10-04 23:22:36;˜˜˜˜˜˜˜˜˜˜˜˜˜ ˜˜˜˜;LWR
3339;376332549;M;18;˜˜;0;2023-08-26;2023-08-28 14:28:26;0;MED
3340;306914782;M;48;˜˜;1481;2020-10-19;2020-10-19 17:52:28;˜˜˜˜˜˜ ˜˜˜;LWR
3341;515762429;M;45;˜˜;555;2016-05-10;2016-05-21 15:29:43;˜˜˜˜˜˜˜˜˜˜ ˜˜˜;LWR
3342;235899117;F;62;˜˜;0;2022-01-12;2022-02-17 19:21:35;˜ ˜˜˜˜˜˜;LWR
3343;868142037;F;59;˜˜;462;2017-03-05;2023-05-02 07:59:55;˜˜˜˜˜˜˜˜˜˜ ˜˜˜;LWR
3344;522013333;0;38;˜˜˜˜˜;0;2023-09-13;2023-09-14 12:40:27;˜ ˜˜˜˜˜˜;LWR
3345;553330716;M;22;˜˜;0;2022-01-12;2022-04-12 17:50:22;˜˜˜˜˜˜˜˜˜ ˜˜˜˜;LWR
3346;777655096;F;50;˜˜;1851;2019-07-29;2019-08-02 09:59:22;˜ ˜˜˜˜˜˜;MED
3347;327538099;F;61;˜˜;0;2024-12-04;2024-12-06 11:32:44;0;LWR
3348;533387750;F;34;˜˜;953;2019-06-26;2019-06-28 20:11:15;˜˜˜˜˜˜˜˜˜˜˜˜˜ ˜˜˜;LWR
3349;425146590;M;35;˜˜;1018;2020-11-01;2022-08-10 06:35:03;˜˜˜˜˜˜˜˜ ˜˜˜;LWR
3350;396633234;F;49;˜˜;527;2019-11-08;2019-11-11 17:06:49;˜˜˜˜˜˜˜˜˜˜ ˜˜˜;LWR
3351;373711187;F;42;˜˜;1111;2014-10-02;2022-04-27 20:59:48;˜˜˜˜˜˜˜˜˜˜˜˜˜ ˜˜˜˜;LWR
3352;531363896;M;41;˜˜;1851;2024-12-16;2024-06-10 09:42:11;˜˜˜˜ ˜˜˜˜˜˜˜˜˜;LWR
3353;427035408;F;33;˜˜;648;2022-02-17;2022-02-17 09:59:30;˜˜˜˜˜˜˜˜˜˜˜˜˜ ˜˜˜˜;LWR
3354;1129391581;F;38;˜˜;1111;2021-11-09;2022-02-08 13:04:55;˜˜˜˜˜˜˜˜˜˜ ˜˜˜;LWR
3355;247636729;F;36;˜˜;648;2022-10-15;2022-10-15 10:19:39;˜˜˜˜˜˜˜˜˜˜˜˜ ˜˜˜;LWR
3356;588193459;F;29;˜˜;462;2020-07-08;2020-07-08 12:30:52;˜ ˜˜˜˜˜˜;LWR
3357;595043986;M;59;˜˜;1203;2020-02-20;2020-02-26 16:15:37;˜˜˜˜˜˜˜˜ ˜˜˜;LWR
3358;544805918;M;27;˜˜;0;2021-09-24;2021-09-28 11:26:06;0;LWR
3359;347133891;F;34;˜˜;9259;2021-01-21;2021-01-28 12:04:23;˜˜˜˜˜˜˜˜˜˜˜˜˜ ˜˜˜˜;LWR
3360;510752744;M;30;˜˜;3703;2021-03-13;2023-08-23 14:53:23;˜˜˜˜˜˜˜˜˜˜˜ ˜˜˜;LWR
3361;842653403;M;43;˜˜;555;2019-11-06;2019-11-08 10:58:44;˜˜˜˜˜˜˜˜˜˜˜˜ ˜˜˜;LWR
3362;264839697;M;52;˜˜;0;2023-12-12;2023-12-12 21:08:37;0;LWR
3363;540123745;F;32;˜˜;0;2022-11-10;2022-11-10 17:27:52;0;LWR
3364;848125010;F;36;˜˜;0;2021-02-10;2021-02-11 08:38:37;0;LWR
3365;952553875;M;46;˜˜;1740;2017-04-07;2017-09-19 10:08:11;˜˜˜˜˜˜˜˜˜˜˜ ˜˜˜˜˜˜˜ - ˜˜˜˜˜˜˜;LWR
3366;646240681;M;29;˜˜;1064;2017-10-10;2017-10-13 10:51:28;˜˜˜˜˜˜˜˜˜ ˜˜˜;LWR
3367;524298945;M;44;˜˜˜˜˜˜˜˜;925;2022-05-13;2022-05-13 11:50:22;˜˜˜˜˜˜˜˜˜˜ ˜˜˜;LWR
3368;1051464449;M;49;˜˜;1111;2023-04-10;2023-04-10 02:41:48;˜ ˜˜˜˜˜˜;LWR
3369;615638341;F;26;˜˜;370;2022-04-17;2022-05-18 20:50:55;˜˜˜˜ ˜˜˜˜˜˜˜;LWR
3370;1029570859;M;48;˜˜;0;2021-05-20;2021-05-24 11:33:44;˜˜˜˜˜˜˜˜ ˜˜˜;LWR
3371;402529098;F;25;˜˜;157;2020-02-05;2022-03-29 13:40:02;˜˜˜˜˜˜˜˜˜˜˜ ˜˜˜;LWR
3372;1063495330;M;37;˜˜;2777;2019-10-21;2019-10-24 16:13:24;˜˜˜˜˜˜˜˜˜˜˜˜˜˜ ˜˜˜˜;LWR
3373;674979299;M;17;˜˜;0;2022-02-26;2022-02-27 14:13:46;0;LWR
3374;941258073;F;18;˜˜;0;2021-09-05;2022-02-09 14:49:55;0;LWR
3375;366961591;M;49;˜˜;740;2017-09-19;2022-06-09 17:27:23;˜˜˜˜˜˜˜˜˜˜˜˜˜ ˜˜˜;LWR
3376;967080176;M;24;˜˜;787;2022-03-13;2022-03-14 07:34:33;˜ ˜˜˜˜˜-˜˜˜˜˜˜˜˜˜;LWR
3377;567840689;M;36;˜˜;1620;2020-07-31;2020-07-31 12:39:16;˜˜˜˜˜˜˜˜˜ ˜˜˜;LWR
3378;785610623;F;43;˜˜;462;2017-04-26;2018-10-08 11:04:48;˜˜˜˜˜˜˜˜˜ ˜˜˜˜˜˜˜˜˜˜ - ˜˜˜˜˜˜˜;LWR
3379;1048600445;M;28;˜˜;1666;2019-11-05;2020-11-06 12:08:04;˜˜˜˜˜˜˜˜˜˜˜ ˜˜˜;LWR
3380;847728180;F;34;˜˜;370;2022-01-19;2022-02-08 11:31:51;˜˜˜˜ ˜˜˜˜˜˜˜˜˜;LWR
3381;369897668;M;32;˜˜;925;2017-07-16;2017-07-20 23:00:17;˜ ˜˜˜˜˜˜;LWR
3382;787128644;F;33;˜˜;416;2023-01-25;2022-10-13 18:17:08.583000;˜˜˜˜˜˜˜˜˜˜˜˜˜ ˜˜˜˜;LWR
3383;1051829238;M;30;˜˜;0;2024-06-17;2024-06-23 17:40:45;˜˜˜˜˜˜˜˜˜˜˜˜˜ ˜˜˜;LWR
3384;604939252;F;34;˜˜;462;2017-08-17;2017-08-21 12:31:52;˜ ˜˜˜˜˜-˜˜˜˜˜˜˜˜˜;LWR
3385;249340869;M;23;˜˜;1203;2020-01-14;2020-01-15 17:15:11;˜˜˜˜˜˜˜˜˜˜ ˜˜˜;LWR
3386;850573864;M;28;˜˜;462;2021-06-28;2022-10-26 10:28:36;˜˜˜˜˜˜˜˜˜ ˜˜˜;LWR
3387;278053926;M;37;˜˜;1296;2024-07-29;2024-07-29 08:33:28;˜˜˜˜˜˜˜˜˜˜˜˜˜ ˜˜˜;LWR
3388;996676104;M;29;˜˜;277;2021-08-15;2022-02-08 17:28:16;˜˜˜˜˜˜˜˜˜˜˜˜˜ ˜˜˜;LWR
3389;39387372;F;38;˜˜;277;2021-07-10;2021-07-12 16:40:32;˜˜˜˜ ˜˜˜˜˜˜˜˜˜˜˜˜;MED
3390;368388887;F;18;˜˜˜˜˜;0;2024-10-15;2024-10-25 17:31:53;˜˜˜˜ ˜˜˜˜˜˜˜˜˜˜˜˜;LWR
3391;1044357978;M;46;˜˜;1296;2019-05-03;2021-01-29 11:05:55;˜˜˜˜˜˜˜˜˜˜˜ ˜˜˜;LWR
3392;387940537;M;37;˜˜;861;2022-03-03;2022-03-18 09:59:39;˜˜˜˜˜˜˜˜˜˜ ˜˜˜;LWR
3393;369785513;F;20;˜˜;462;2023-05-03;2023-05-03 17:36:11;˜˜˜˜˜˜˜˜˜˜ ˜˜˜;LWR
3394;644885678;F;48;˜˜;0;2020-09-29;2020-09-29 14:28:49;0;LWR
3395;762429953;M;30;˜˜;1388;2023-01-20;2022-11-01 12:38:48;˜˜˜˜ ˜˜˜˜ /˜˜˜˜˜˜/;LWR
3396;425153941;F;39;˜˜;648;2023-05-11;2020-11-23 07:47:47;˜˜˜˜˜˜˜˜ ˜˜˜˜;LWR
3397;1155954912;F;45;˜˜;1759;2020-06-29;2020-06-29 14:43:43;˜˜˜˜˜˜˜˜˜ ˜˜˜;LWR
3398;667570678;M;21;˜˜;2296;2023-11-12;2023-11-13 16:43:04;˜˜˜˜˜˜˜˜˜˜ ˜˜˜;LWR
3399;594717124;M;26;˜˜;1851;2019-12-04;2019-12-05 10:12:37;˜˜˜˜˜˜˜˜˜˜ ˜˜˜;LWR
3400;1035608405;M;20;˜˜;416;2022-03-16;2025-01-18 18:25:13;˜˜˜˜˜˜˜˜˜˜˜˜ ˜˜˜;LWR
3401;163358248;F;49;˜˜;462;2021-08-23;2021-09-18 23:46:46;˜ ˜˜˜˜˜˜;LWR
3402;1188318072;M;33;˜˜;0;2023-09-19;2023-09-19 06:29:15;0;LWR
3403;111315882;M;52;˜˜;4629;2016-08-11;2018-05-14 22:23:58;˜ ˜˜˜˜˜-˜˜˜˜˜˜˜˜˜;LWR
3404;794371921;F;22;˜˜;277;2021-05-25;2023-08-15 20:12:17;˜˜˜˜˜˜˜˜˜˜˜˜ ˜˜˜;LWR
3405;692232824;F;75;˜˜;0;2024-04-01;2024-04-03 08:13:02;0;LWR
3406;744259889;F;59;˜˜;0;2016-10-28;2016-10-31 12:43:28;˜˜˜˜˜˜;LWR
3407;745537827;F;44;˜˜;277;2023-09-14;2023-09-19 13:27:24;˜˜˜˜˜˜˜˜˜˜˜˜˜ ˜˜˜˜;LWR
3408;823075556;F;23;˜˜;0;2024-04-06;2024-04-06 21:29:19;0;LWR
3409;602725437;F;50;˜˜;462;2024-03-11;2024-03-13 13:11:36;˜˜˜˜˜˜˜˜˜ ˜˜˜;LWR
3410;282438193;M;18;˜˜;0;2023-05-27;2023-12-13 21:11:34;0;LWR
3411;138840294;F;40;˜˜;731;2022-04-13;2021-01-09 21:46:33;˜˜˜˜˜˜˜˜˜˜ ˜˜˜;LWR
3412;333540410;F;52;˜˜;0;2024-12-18;2025-01-05 20:27:49;˜ ˜˜˜˜˜-˜˜˜˜˜˜˜˜˜;LWR
3413;897798232;F;36;˜˜;518;2022-10-12;2022-10-20 13:11:35;˜˜˜˜˜˜˜˜˜˜˜˜˜ ˜˜˜;LWR
3414;346859200;F;30;˜˜;1005;2024-10-21;2023-03-06 22:31:56;˜˜˜˜˜˜˜˜˜˜˜ ˜˜˜;LWR
3415;687880770;F;66;˜˜;0;2019-09-25;2019-09-26 12:57:23;˜ ˜˜˜˜˜˜;LWR
3416;1047715153;M;21;˜˜;462;2022-06-01;2022-06-01 18:14:07;0;LWR
3417;606551944;M;31;˜˜;1388;2021-03-11;2021-03-11 16:33:06;˜˜˜˜˜˜˜˜˜˜˜ ˜˜˜;LWR
3418;160214809;F;36;˜˜;0;2015-04-18;2016-03-10 22:19:24;˜˜˜˜˜-˜˜˜˜˜˜˜˜˜;LWR
3419;155001638;M;25;˜˜;703;2021-10-23;2022-02-08 12:04:37;˜ ˜˜˜˜˜˜;LWR
3420;666362186;M;23;˜˜;740;2021-07-28;2022-02-21 17:24:08;˜ ˜˜˜˜˜˜;LWR
3421;1151342632;F;54;˜˜;0;2022-11-03;2022-11-03 17:27:27;0;LWR
3422;519251791;M;20;˜˜;0;2019-03-01;2019-03-06 15:37:12;˜˜˜˜˜˜˜˜˜˜˜˜˜ ˜˜˜;LWR
3423;602754172;F;15;˜˜;0;2023-01-25;2023-01-25 15:56:59;0;LWR
3424;861234517;M;37;˜˜;925;2019-10-24;2019-10-26 14:35:35;˜˜˜˜˜˜˜˜˜˜˜ ˜˜˜;LWR
3425;951797046;M;50;˜˜;1388;2023-11-04;2023-11-07 17:34:37;˜˜˜˜˜-˜˜˜˜˜˜˜˜˜˜ ˜˜˜˜˜˜˜˜˜˜ ˜˜˜˜˜ - ˜˜˜˜ ˜˜;LWR
3426;683014999;F;35;˜˜;1111;2022-09-11;2022-09-11 18:00:00;˜˜˜˜˜˜ ˜˜˜;LWR
3427;728016480;F;32;˜˜;0;2019-05-14;2019-05-17 11:47:59;˜˜˜˜˜˜˜˜˜˜ ˜˜˜;LWR
3428;1005669185;M;39;˜˜;462;2022-12-19;2022-12-19 22:58:54;0;LWR
3429;1181376835;F;23;˜˜;833;2021-04-30;2022-07-25 06:47:28;˜˜˜˜˜˜˜˜˜˜˜˜˜ ˜˜˜˜;LWR
3430;349270725;F;46;˜˜;648;2013-06-21;2013-07-03 13:51:55;˜˜˜˜˜˜;LWR
3431;339641307;F;59;˜˜;370;2024-02-26;2024-02-28 11:03:08;˜˜˜˜˜˜˜˜˜˜˜ ˜˜˜;LWR
3432;1275771906;M;22;˜˜;925;2022-04-10;2022-04-10 16:13:15;˜˜˜˜˜˜˜˜˜˜˜˜˜ ˜˜˜˜;LWR
3433;998726601;F;57;˜˜;462;2022-12-15;2022-12-17 09:33:39;˜˜˜˜ ˜˜˜˜˜˜˜;LWR
3434;611142045;F;39;˜˜;166;2023-08-14;2023-08-14 11:42:37;˜˜˜˜ ˜˜˜˜˜˜˜˜˜˜˜˜;LWR
3435;1016835244;F;24;˜˜;0;2025-03-06;2025-03-07 14:23:43;0;LWR
3436;276576234;M;48;˜˜;555;2019-02-07;2019-02-13 14:31:44;˜˜˜˜˜˜˜˜˜˜ ˜˜˜;LWR
3437;1147207182;M;62;˜˜;0;2021-02-13;2021-02-13 20:34:35;0;LWR
3438;996068423;M;19;˜˜;0;2025-02-25;2025-02-27 08:29:52;0;LWR
3439;766967880;M;35;˜˜;185;2014-02-01;2023-08-09 19:54:22;˜˜˜˜˜˜˜˜˜˜ ˜˜˜;LWR
3440;1186758289;M;42;˜˜;1111;2018-10-05;2018-10-08 10:24:11;˜˜˜˜˜˜ ˜˜˜;LWR
3441;758934376;F;38;˜˜;555;2024-07-08;2024-07-08 21:51:11;0;LWR
3442;277691732;F;36;˜˜;277;2022-10-14;2022-10-14 19:01:56;˜ ˜˜˜˜˜-˜˜˜˜˜˜˜˜˜;LWR
3443;399550858;F;46;˜˜;8564;2018-10-29;2024-05-04 05:16:01;˜˜˜˜˜-˜˜˜˜˜˜˜˜ ˜˜;LWR
3444;1019290707;M;37;˜˜;648;2021-03-26;2021-03-27 15:23:17;˜˜˜˜˜˜˜˜˜˜˜ ˜˜˜˜˜˜˜ - ˜˜˜˜˜˜˜;LWR
3445;372241928;M;15;˜˜;0;2023-05-06;2023-05-06 17:20:15;˜˜˜˜˜˜˜˜˜˜ ˜˜˜;LWR
3446;1189506716;F;30;˜˜;0;2022-06-30;2022-06-30 23:39:43;0;LWR
3447;291877608;M;40;˜˜;925;2017-09-17;2017-09-19 18:37:07;˜˜˜˜˜˜˜˜˜ ˜˜˜;LWR
3448;521191095;M;19;˜˜;509;2020-02-06;2020-02-09 16:00:34;˜ ˜˜˜˜˜˜;LWR
3449;742607483;M;32;˜˜˜˜˜˜˜;0;2024-10-07;2024-10-07 22:37:49;˜ ˜˜˜˜˜-˜˜˜˜˜˜˜˜˜;LWR
3450;1188874185;M;30;˜˜;3240;2016-05-31;2016-06-01 13:19:14;˜ ˜˜˜˜˜˜;MED
3451;556071567;M;32;˜˜;944;2020-09-01;2020-07-20 21:46:18;˜˜˜˜ ˜˜˜˜˜˜˜˜˜;LWR
3452;230047136;F;29;˜˜;0;2023-04-22;2023-04-22 19:00:01;˜˜˜˜˜˜˜˜˜˜˜˜ ˜˜˜˜;LWR
3453;906351631;M;30;˜˜;0;2022-09-24;2022-09-25 22:29:57;0;LWR
3454;643734129;F;48;˜˜;3240;2021-04-10;2022-02-08 13:30:19;0;MED
3455;141579223;M;37;˜˜;629;2021-10-02;2024-02-06 20:49:49;˜˜˜˜˜˜˜˜˜˜˜˜ ˜˜˜;LWR
3456;1043561768;F;18;˜˜;0;2021-10-17;2023-01-02 00:49:14;˜ ˜˜˜˜˜˜;LWR
3457;328786348;F;36;˜˜;925;2021-11-14;2024-10-11 21:27:13;˜˜˜˜˜˜˜˜˜˜ ˜˜˜;LWR
3458;863846125;M;27;˜˜;370;2018-12-25;2021-03-10 18:12:47;˜˜˜˜ ˜˜˜˜˜˜˜˜˜;LWR
3459;801451239;M;34;˜˜˜˜˜˜˜˜˜˜˜;0;2023-05-18;2023-05-23 23:16:35;˜˜˜˜˜˜˜˜˜˜ ˜˜˜;LWR
3460;619612903;F;35;˜˜;0;2024-04-28;2024-04-28 16:59:42;˜˜˜˜˜˜˜˜˜˜˜˜˜˜˜ ˜˜˜;LWR
3461;611050380;F;22;˜˜;18;2020-07-27;2020-07-27 15:46:04;˜ ˜˜˜˜˜˜;LWR
3462;788148842;F;27;˜˜˜˜˜˜˜˜;0;2021-10-17;2022-02-08 13:53:38;˜ ˜˜˜˜˜-˜˜˜˜˜˜˜˜˜;LWR
3463;560657214;F;44;˜˜;1388;2021-11-18;2022-02-08 14:00:13;˜˜˜˜˜˜˜˜˜˜˜˜˜ ˜˜˜;LWR
3464;1064500225;M;26;˜˜;0;2019-01-10;2019-01-11 14:45:32;˜ ˜˜˜˜˜˜;LWR
3465;291706215;F;38;˜˜;1574;2020-02-17;2020-02-18 13:29:07;˜ ˜˜˜˜˜-˜˜˜˜˜˜˜˜˜;LWR
3466;969138510;M;28;˜˜;648;2020-04-15;2024-07-07 19:11:56;˜˜˜˜ ˜˜˜˜˜˜˜˜˜˜˜˜;LWR
3467;1212070258;F;44;˜˜;4629;2020-08-11;2020-08-14 15:31:01;˜˜˜˜˜˜˜˜˜˜ ˜˜˜;LWR
3468;321665613;M;36;˜˜;1388;2013-04-30;2020-07-28 15:06:15;˜˜˜˜˜˜˜˜˜˜˜˜ ˜˜˜;LWR
3469;748517915;M;24;˜˜;370;2019-12-04;2022-02-19 16:39:56;˜ ˜˜˜˜˜-˜˜˜˜˜˜˜˜˜;LWR
3470;787239679;M;48;˜˜;1250;2024-11-01;2024-11-01 17:47:18;˜˜˜˜˜˜˜˜ ˜˜˜;LWR
3471;908413320;M;23;˜˜;0;2024-03-03;2024-03-03 23:34:57;0;LWR
3472;906288216;F;27;˜˜;925;2022-03-24;2022-03-28 12:03:51;˜˜˜˜ ˜˜˜˜;LWR
3473;380807785;M;24;˜˜;2023;2021-11-09;2021-11-17 06:05:11;˜˜˜˜˜˜˜˜˜˜˜ ˜˜˜˜˜˜˜ - ˜˜˜˜˜˜˜;LWR
3474;221196637;M;23;˜˜;740;2024-04-20;2024-04-20 14:49:48;˜ ˜˜˜˜˜-˜˜˜˜˜˜˜˜˜;LWR
3475;616273108;F;16;˜˜;0;2023-07-07;2023-07-07 09:38:57;0;LWR
3476;295655544;M;35;˜˜;648;2022-05-01;2022-05-04 16:32:00;˜˜˜˜ ˜˜˜˜;LWR
3477;1044575660;M;21;˜˜;787;2022-04-28;2022-04-29 15:11:07;˜˜˜˜˜-˜˜˜˜˜˜˜˜˜˜ ˜˜˜˜˜˜˜˜˜˜ ˜˜˜˜˜ - ˜˜˜˜ ˜˜;LWR
3478;427385139;M;29;˜˜;833;2018-02-06;2020-06-25 13:34:40;˜˜˜˜˜˜˜˜˜˜˜˜˜ ˜˜˜;LWR
3479;686083194;M;51;˜˜;1574;2013-07-16;2013-07-19 23:19:48;˜ ˜˜˜˜˜˜;MED
3480;1199062854;M;36;˜˜˜˜˜˜˜˜˜˜˜;0;2022-09-05;2022-09-05 17:25:50;˜ ˜˜˜˜˜˜;LWR
3481;896569803;F;59;˜˜;648;2022-06-29;2022-02-11 15:30:14;˜˜˜˜˜˜˜˜˜˜˜ ˜˜˜;LWR
3482;890050387;M;20;˜˜;370;2023-03-16;2023-03-16 11:26:31;˜˜˜˜˜˜˜˜˜˜˜ ˜˜˜;LWR
3483;376720600;M;27;˜˜;1296;2018-08-02;2018-08-04 10:22:11;˜˜˜˜˜˜˜˜˜˜˜˜ ˜˜˜;LWR
3484;366328601;F;34;˜˜˜˜˜˜˜˜;1388;2023-08-18;2024-05-03 14:23:12;˜˜˜˜˜˜˜˜˜˜ ˜˜˜;LWR
3485;897180414;M;51;˜˜;787;2020-12-08;2020-12-10 15:54:52;˜˜˜˜˜˜˜˜ ˜˜˜;LWR
3486;121709033;F;78;˜˜;0;2019-11-18;2019-11-21 09:51:47;˜˜˜˜˜˜˜˜˜˜˜˜˜ ˜˜˜;LWR
3487;1031046246;M;33;˜˜;513;2023-04-15;2023-04-17 20:20:55;˜˜˜˜˜˜˜˜˜˜˜˜˜˜ ˜˜˜˜;LWR
3488;384176977;F;38;˜˜;1851;2016-07-01;2024-04-12 08:15:56;˜˜˜˜˜˜˜˜ ˜˜˜˜;LWR
3489;862475817;M;20;˜˜;0;2021-10-22;2022-02-08 15:45:06;0;LWR
3490;429170723;F;18;˜˜;851;2023-03-12;2023-03-12 11:56:42;˜˜˜˜˜˜ ˜˜˜;LWR
3491;549834907;M;56;˜˜;555;2021-02-12;2020-12-24 18:03:46;˜˜˜˜˜˜˜˜˜ ˜˜˜;LWR
3492;318099537;F;35;˜˜;1388;2024-07-01;2024-07-01 11:57:20;˜ ˜˜˜˜˜˜;LWR
3493;340402011;M;63;˜˜;462;2020-11-21;2020-11-23 11:42:06;˜˜˜˜˜˜˜˜˜˜ ˜˜˜;LWR
3494;5115731;F;29;˜˜;0;2024-05-27;2024-05-28 16:10:48;0;LWR
3495;634748612;M;25;˜˜;0;2023-12-24;2023-12-26 11:00:35;0;LWR
3496;682034626;F;39;˜˜;787;2021-12-02;2022-02-10 18:11:04;˜˜˜˜˜˜˜˜˜˜˜˜ ˜˜˜;LWR
3497;144564980;F;18;˜˜;0;2023-05-10;2023-05-11 23:22:32;0;LWR
3498;1156841390;F;40;˜˜;0;2020-05-16;2020-05-17 12:44:55;˜ ˜˜˜˜˜-˜˜˜˜˜˜˜˜˜;LWR
3499;168157176;M;50;˜˜;1203;2013-12-18;2015-07-27 14:56:14;˜˜˜˜˜˜˜˜˜˜˜˜ ˜˜˜;LWR
3500;1139523786;M;47;˜˜;1075;2018-08-04;2018-08-09 10:35:17;˜˜˜˜˜ ˜˜˜˜˜˜;LWR
3501;214182791;F;22;˜˜;1388;2021-06-29;2021-06-29 22:10:17;˜˜˜˜˜˜˜ ˜˜˜˜˜˜˜˜˜;LWR
3502;646253042;F;43;˜˜;277;2024-08-13;2024-08-13 13:37:48;˜˜˜˜˜˜˜˜˜ ˜˜˜;MED
3503;256844041;M;45;˜˜;925;2021-04-19;2021-04-21 14:26:24;˜ ˜˜˜˜˜-˜˜˜˜˜˜˜˜˜;LWR
3504;637036984;F;33;˜˜;185;2023-02-20;2023-02-20 10:30:29;˜˜˜˜˜˜˜˜˜˜˜˜˜˜ ˜˜˜˜;LWR
3505;627566936;M;45;˜˜;907;2021-03-19;2021-03-19 18:07:27;˜˜˜˜˜˜˜˜˜˜˜˜˜ ˜˜˜;LWR
3506;857912068;M;35;˜˜;555;2022-08-28;2024-01-04 22:40:18;˜˜˜˜˜˜˜˜˜˜˜ ˜˜˜;LWR
3507;908422795;F;19;˜˜;1851;2023-04-16;2023-04-16 22:00:42;˜˜˜˜˜˜˜˜˜ ˜˜˜;LWR
3508;762290689;F;70;˜˜;227;2021-02-28;2023-02-24 18:16:57;˜˜˜˜ ˜˜˜˜;LWR
3509;1024230467;M;42;˜˜;462;2013-06-30;2013-07-16 14:58:16;˜˜˜˜ ˜˜˜˜˜˜˜˜;LWR
3510;1003731126;F;40;˜˜;0;2022-02-28;2022-02-28 22:20:15;˜ ˜˜˜˜˜˜;LWR
3511;813903124;M;33;˜˜;833;2019-03-14;2020-10-26 18:33:02;˜˜˜˜ ˜˜˜˜˜˜˜˜˜;LWR
3512;868603198;M;43;˜˜;5555;2016-05-31;2016-06-01 13:37:47;˜ ˜˜˜˜˜˜;LWR
3513;597747058;M;52;˜˜;0;2023-09-28;2023-09-28 22:46:18;˜ ˜˜˜˜˜˜;LWR
3514;625437852;M;57;˜˜;0;2018-07-05;2019-07-11 13:39:50;˜˜˜˜˜˜˜˜˜˜ ˜˜˜;LWR
3515;1068982530;F;53;˜˜;416;2018-01-03;2018-01-10 12:07:49;˜˜˜˜˜˜˜˜˜˜˜˜ ˜˜˜;LWR
3516;936697225;F;20;˜˜;0;2022-11-30;2022-11-30 23:13:36;0;LWR
3517;85851533;F;26;˜˜;462;2021-12-20;2022-02-09 09:42:12;˜ ˜˜˜˜˜˜;LWR
3518;993121122;M;35;˜˜;351;2023-04-12;2023-04-12 07:17:17;˜˜˜˜ ˜˜˜˜;LWR
3519;634332648;F;41;˜˜;740;2022-01-14;2022-02-09 09:35:50;˜˜˜˜˜˜˜˜˜˜ ˜˜˜;LWR
3520;207863701;M;45;˜˜;2129;2024-08-04;2024-08-04 12:39:25;˜ ˜˜˜˜˜-˜˜˜˜˜˜˜˜˜;LWR
3521;621402929;M;27;˜˜;462;2023-04-06;2023-04-06 19:55:38;˜˜˜˜ ˜˜˜˜;LWR
3522;508539233;F;38;˜˜;1435;2022-04-02;2022-04-02 17:34:04;˜˜˜˜˜˜˜˜˜˜˜ ˜˜˜;LWR
3523;1031421894;M;38;˜˜;740;2023-10-09;2023-10-09 16:01:28;˜˜˜˜˜˜˜ ˜˜˜;LWR
3524;1154397418;M;33;˜˜;1111;2021-01-28;2022-02-12 07:59:44;˜˜˜˜˜˜˜˜˜˜˜˜˜ ˜˜˜;LWR
3525;5686292;M;31;˜˜;1018;2019-12-10;2019-12-17 09:49:10;˜˜˜˜˜˜˜˜˜˜˜˜ ˜˜˜;LWR
3526;739507634;F;68;˜˜;370;2023-07-09;2023-07-16 06:15:50;˜˜˜˜ ˜˜˜˜˜˜˜;LWR
3527;1217094911;F;27;˜˜˜˜˜;0;2024-08-11;2024-08-13 07:54:20;˜˜˜˜˜˜˜ ˜˜˜;LWR
3528;264709134;F;30;˜˜;648;2020-09-14;2020-09-20 09:25:33;˜˜˜˜˜˜˜˜˜˜˜ ˜˜˜;LWR
3529;266887197;M;24;˜˜;0;2021-10-31;2022-02-16 14:12:24;˜˜˜˜˜˜˜˜˜˜ ˜˜˜;LWR
3530;26048803;F;44;˜˜;0;2016-08-28;2016-08-30 18:24:39;˜˜˜˜˜˜˜˜˜ ˜˜˜;LWR
3531;151798217;M;18;˜˜;3305;2024-08-20;2024-08-21 18:04:44;˜˜˜˜˜˜˜˜˜˜˜ ˜˜˜;LWR
3532;768235940;M;46;˜˜;0;2019-01-24;2019-02-08 20:31:07;˜˜˜˜˜˜˜˜˜˜˜ ˜˜˜;LWR
3533;557332895;M;31;˜˜;1481;2021-04-22;2021-04-22 23:20:06;˜˜˜˜˜˜˜˜˜˜˜˜˜ ˜˜˜˜;LWR
3534;863992697;M;36;˜˜;1388;2020-04-18;2024-09-24 19:32:45;˜˜˜˜˜˜˜˜˜˜ ˜˜˜;LWR
3535;999515237;F;33;˜˜;833;2019-12-16;2019-12-21 12:04:05;˜˜˜˜ ˜˜˜˜˜˜˜˜˜˜;LWR
3536;1162838620;M;29;˜˜;0;2018-09-02;2018-09-08 10:37:33;˜˜˜˜˜˜˜˜˜˜ ˜˜˜;LWR
3537;946272688;M;61;˜˜;1388;2009-04-01;2023-10-24 12:19:32;˜˜˜˜˜˜˜˜ ˜˜˜˜;LWR
3538;639428006;M;20;˜˜;555;2022-02-26;2022-02-26 01:21:13;˜ ˜˜˜˜˜˜;LWR
3539;957904021;M;53;˜˜;0;2020-08-16;2020-08-24 12:09:16;0;LWR
3540;397280415;F;25;˜˜;833;2024-05-12;2024-12-16 14:38:13;˜˜˜˜˜˜˜˜˜˜˜˜˜ ˜˜˜;LWR
3541;857395559;F;47;˜˜;0;2023-12-04;2023-12-04 19:43:08;0;MED
3542;802596017;M;51;˜˜;1388;2018-09-20;2018-09-23 14:07:47;˜˜˜˜˜˜˜˜˜˜˜˜˜ ˜˜˜;LWR
3543;638520656;F;48;˜˜;1944;2021-10-26;2022-02-14 08:11:57;˜˜˜˜ ˜˜˜˜˜˜˜˜˜;LWR
3544;1077054657;F;43;˜˜;370;2017-05-17;2017-05-22 17:58:35;˜˜˜˜˜˜˜˜˜˜˜˜ ˜˜˜˜;LWR
3545;706693938;F;37;˜˜;277;2014-05-15;2014-05-20 14:08:39;˜˜˜˜˜˜;LWR
3546;867711834;F;20;˜˜;694;2022-06-06;2022-06-08 10:06:59;˜˜˜˜˜˜˜˜˜˜˜˜ ˜˜˜˜;LWR
3547;1210128812;M;36;˜˜;1111;2022-05-21;2022-05-22 04:16:08;˜˜˜˜˜˜˜˜˜ ˜˜˜;LWR
3548;779248309;F;34;˜˜;925;2021-07-10;2024-04-04 16:45:03;˜˜˜˜˜-˜˜˜˜˜˜˜˜˜˜ ˜˜˜˜˜˜˜˜˜˜ ˜˜˜˜˜ - ˜˜˜˜;LWR
3549;397034668;F;42;˜˜;0;2023-10-23;2023-10-25 12:58:13;0;LWR
3550;908922123;M;20;˜˜;0;2023-07-30;2023-08-19 22:15:00;˜˜˜˜ ˜˜˜˜;LWR
3551;867122988;F;25;˜˜;4166;2022-12-08;2022-12-08 11:48:48;˜ ˜˜˜˜˜˜;LWR
3552;899571588;F;35;˜˜;3240;2012-04-18;2012-06-20 08:48:53;˜ ˜˜˜˜˜˜;LWR
3553;1081135949;F;47;˜˜;0;2019-12-09;2019-12-15 18:20:45;˜ ˜˜˜˜˜-˜˜˜˜˜˜˜˜˜;LWR
3554;366518020;F;25;˜˜;462;2021-10-30;2022-02-13 21:58:13;˜ ˜˜˜˜˜˜;LWR
3555;966484987;M;23;˜˜;0;2022-10-08;2022-10-18 22:13:07;0;LWR
3556;423548260;F;31;˜˜;0;2024-05-03;2024-05-05 15:24:30;0;LWR
3557;968375618;M;24;˜˜˜˜˜;1111;2022-10-17;2022-10-18 12:38:33;˜˜˜˜˜˜˜˜˜˜˜˜ ˜˜˜;LWR
3558;1156826805;M;21;˜˜;0;2022-02-07;2022-02-08 15:02:45;˜˜˜˜˜˜˜˜˜ ˜˜˜;LWR
3559;156875230;F;59;˜˜;231;2019-07-05;2019-07-07 12:17:10;˜˜˜˜˜˜˜˜˜˜˜ ˜˜˜;LWR
3560;864208223;F;24;˜˜;462;2021-09-21;2022-02-14 12:13:56;˜˜˜˜˜˜˜˜˜˜ ˜˜˜˜;LWR
3561;148695372;F;38;˜˜;1111;2023-04-26;2023-04-26 16:42:00;˜˜˜˜ ˜˜˜˜;LWR
3562;807661971;M;17;˜˜;203;2023-01-17;2023-01-17 22:13:10;˜˜˜˜˜˜˜˜˜ ˜˜˜;LWR
3563;582264570;F;43;˜˜;1481;2015-07-27;2015-08-03 14:11:24;˜˜˜˜˜˜˜˜˜˜ ˜˜˜;LWR
3564;529389541;M;43;˜˜;1111;2022-06-15;2022-06-15 16:19:55;˜˜˜˜˜˜˜˜˜˜˜˜ ˜˜˜;LWR
3565;857388129;F;42;˜˜;388;2024-11-29;2024-11-30 09:52:40;˜˜˜˜˜˜˜ ˜˜˜˜˜˜˜˜˜˜˜˜˜;LWR
3566;1021463139;M;37;˜˜;0;2016-08-30;2016-09-01 11:58:28;˜˜˜˜˜˜˜˜ ˜˜˜;LWR
3567;633533930;M;34;˜˜;0;2024-12-05;2024-12-05 16:49:59;0;LWR
3568;254086011;M;38;˜˜;722;2021-09-22;2022-02-20 08:17:54;˜˜˜˜ ˜˜˜˜˜˜˜˜˜˜˜˜;LWR
3569;381675221;M;25;˜˜;648;2021-01-05;2023-02-02 05:57:44;˜˜˜˜˜˜˜˜˜˜˜˜ ˜˜˜;LWR
3570;129223055;M;45;˜˜;0;2023-11-14;2023-11-14 19:20:23;˜˜˜˜˜˜˜˜˜˜˜˜˜ ˜˜˜;LWR
3571;162255773;F;22;˜˜;740;2023-05-27;2023-05-27 12:45:05;˜˜˜˜˜˜˜˜˜˜˜˜˜˜ ˜˜˜˜;LWR
3572;815185034;F;64;˜˜;462;2017-08-16;2018-10-24 16:11:14;˜ ˜˜˜˜˜˜;LWR
3573;1019731991;F;16;˜˜;0;2023-05-23;2023-05-23 17:10:24;˜˜˜˜˜˜˜˜˜˜˜˜ ˜˜˜;LWR
3574;1081440640;M;22;˜˜;462;2024-04-24;2024-04-24 16:14:04;˜ ˜˜˜˜˜˜;LWR
3575;1189666664;M;23;˜˜;925;2020-07-16;2020-07-16 18:53:33;˜ ˜˜˜˜˜-˜˜˜˜˜˜˜˜˜;LWR
3576;763180274;M;47;˜˜;648;2024-04-09;2022-10-02 16:59:02;˜ ˜˜˜˜˜-˜˜˜˜˜˜˜˜˜;LWR
3577;1184893745;M;21;˜˜;388;2023-07-07;2024-02-28 18:25:34;˜˜˜˜˜˜˜˜˜ ˜˜˜˜˜˜˜˜˜˜ - ˜˜˜˜˜˜˜;LWR
3578;750601800;F;25;˜˜;694;2022-01-03;2022-02-09 14:44:17;˜˜˜˜˜˜˜ ˜˜˜;LWR
3579;966450642;M;47;˜˜;648;2021-10-04;2022-11-17 10:12:13;˜ ˜˜˜˜˜-˜˜˜˜˜˜˜˜˜;LWR
3580;861862697;M;58;˜˜;509;2022-12-07;2022-12-07 10:27:08;˜˜˜˜ ˜˜˜˜˜˜˜;LWR
3581;620576865;M;21;˜˜;925;2017-08-02;2017-08-18 14:37:10;˜ ˜˜˜˜˜-˜˜˜˜˜˜˜˜˜;LWR
3582;116109182;M;46;˜˜;925;2017-05-05;2017-07-31 11:00:55;˜˜˜˜˜˜˜˜˜˜˜ ˜˜˜;LWR
3583;392418291;M;36;˜˜;0;2023-12-12;2023-12-12 13:13:24;0;LWR
3584;378211370;M;30;˜˜;1203;2020-11-04;2024-03-13 08:37:20;˜˜˜˜ ˜˜˜˜ /˜˜˜˜˜˜/;LWR
3585;1019494691;M;31;˜˜;1388;2018-04-10;2018-04-12 15:33:17;˜ ˜˜˜˜˜˜;LWR
3586;1040699297;M;59;˜˜;324;2014-02-02;2014-10-25 09:13:20;˜˜˜˜ ˜˜˜˜˜˜˜˜;LWR
3587;1056905945;M;28;˜˜;277;2021-01-16;2021-01-17 14:21:15;˜˜˜˜˜˜˜˜ ˜˜˜˜;LWR
3588;1059785087;M;47;˜˜;277;2021-10-31;2022-08-17 11:13:54;˜˜˜˜˜˜˜˜˜ ˜˜˜;MED
3589;268336693;F;64;˜˜;0;2024-11-26;2024-11-26 09:21:32;0;LWR
3590;973571485;M;59;˜˜;0;2024-12-16;2024-12-16 15:49:16;0;LWR
3591;695319062;M;25;˜˜;592;2022-02-26;2022-02-26 02:02:35;˜ ˜˜˜˜˜˜;LWR
3592;267295179;M;27;˜˜˜˜˜˜˜˜˜˜;555;2024-09-02;2024-09-07 16:29:17;˜˜˜˜˜˜˜˜˜˜ ˜˜˜;LWR
3593;1042539826;F;31;˜˜;277;2022-09-09;2022-09-09 20:28:08;˜˜˜˜˜˜˜˜˜˜˜˜˜˜˜ ˜˜˜;LWR
3594;384749550;M;32;˜˜;2777;2015-09-05;2022-02-12 21:10:16;˜˜˜˜˜˜˜˜˜˜ ˜˜˜;LWR
3595;758417385;M;36;˜˜;601;2020-10-22;2022-02-08 04:31:32;˜˜˜˜˜˜˜˜˜˜˜˜ ˜˜˜;LWR
3596;126973209;M;45;˜˜;0;2024-11-10;2024-11-10 18:39:24;0;LWR
3597;560272304;M;49;˜˜;0;2023-03-09;2023-03-09 13:53:58;0;LWR
3598;782054754;M;36;˜˜˜˜˜˜˜˜˜˜;0;2023-02-15;2024-02-18 12:38:02;˜˜˜˜˜˜˜˜˜˜ ˜˜˜;LWR
3599;396981964;M;49;˜˜;462;2020-03-18;2023-01-19 15:24:45;˜˜˜˜˜˜˜˜˜˜˜ ˜˜˜;LWR
3600;1204273060;F;54;˜˜;2166;2019-09-21;2019-09-24 11:14:12;˜˜˜˜˜˜˜˜˜˜ ˜˜˜;LWR
3601;894506409;F;36;˜˜;601;2020-12-20;2024-05-23 14:21:46;˜˜˜˜˜˜˜˜˜˜˜ ˜˜˜˜˜˜˜ - ˜˜˜˜˜˜˜;LWR
3602;818501237;F;45;˜˜;1712;2017-01-12;2017-01-23 12:27:44;˜˜˜˜˜˜˜˜˜˜˜˜ ˜˜˜˜;LWR
3603;750607696;F;20;˜˜;0;2022-05-14;2022-05-15 12:56:23;˜ ˜˜˜˜˜˜;LWR
3604;694416092;F;22;˜˜;925;2021-10-25;2022-02-08 08:50:25;˜˜˜˜˜-˜˜˜˜˜˜˜˜˜˜ ˜˜˜˜˜˜˜˜˜˜ ˜˜˜˜˜ - ˜˜˜˜ ˜˜;LWR
3605;894793553;M;34;˜˜;648;2024-01-11;2024-01-12 19:42:39;˜˜˜˜˜˜˜ ˜˜˜;LWR
3606;217296684;M;44;˜˜;1388;2020-09-28;2020-10-01 12:20:17;˜ ˜˜˜˜˜-˜˜˜˜˜˜˜˜˜;LWR
3607;108538049;F;20;˜˜;462;2022-07-24;2022-07-24 16:22:18;˜ ˜˜˜˜˜-˜˜˜˜˜˜˜˜˜;LWR
3608;764434425;F;42;˜˜;0;2023-09-19;2023-09-19 19:27:20;0;LWR
3609;762312742;F;27;˜˜;462;2019-04-02;2023-09-08 07:35:04;˜˜˜˜˜˜˜˜˜ ˜˜˜;LWR
3610;697171812;M;37;˜˜;1203;2023-04-28;2024-03-20 11:59:26;˜˜˜˜˜˜˜˜˜˜˜˜ ˜˜˜;LWR
3611;271042059;M;35;˜˜;740;2021-05-22;2021-05-24 21:23:33;0;LWR
3612;319196626;M;34;˜˜;555;2018-03-06;2018-03-24 13:18:49;˜ ˜˜˜˜˜˜;LWR
3613;361118413;M;42;˜˜;740;2018-07-04;2018-07-08 22:58:27;˜˜˜˜˜˜˜˜˜˜˜ ˜˜˜;LWR
3614;601823396;M;56;˜˜;925;2016-05-07;2016-05-08 21:16:25;˜˜˜˜˜˜˜˜˜˜ ˜˜˜;LWR
3615;787523648;F;30;˜˜;740;2024-10-07;2024-10-08 12:19:04;˜˜˜˜˜˜˜˜˜˜ ˜˜˜;LWR
3616;693721590;M;46;˜˜;0;2023-09-01;2023-09-01 23:01:11;˜˜˜˜˜˜˜˜˜˜˜˜ ˜˜˜;LWR
3617;1201752383;M;33;˜˜;925;2015-10-14;2015-10-17 10:29:24;˜ ˜˜˜˜˜˜;LWR
3618;1161428239;F;33;˜˜;416;2023-10-11;2023-10-12 12:28:02;˜˜˜˜˜˜˜˜˜˜˜˜˜ ˜˜˜˜;LWR
3619;938374851;M;56;˜˜;2129;2020-05-18;2020-06-05 18:17:50;˜˜˜˜˜˜˜˜˜˜˜˜˜ ˜˜˜;LWR
3620;1155677353;F;59;˜˜;555;2024-01-29;2024-01-30 13:27:34;˜˜˜˜˜˜˜˜˜˜˜˜˜ ˜˜˜;LWR
3621;528715633;F;52;˜˜;925;2021-02-28;2021-02-28 19:47:02;0;LWR
3622;540097728;F;34;˜˜;740;2023-06-15;2023-06-15 15:54:10;˜˜˜˜˜˜˜˜˜˜ ˜˜˜˜;LWR
3623;539899243;F;61;˜˜;2461;2020-09-25;2020-09-25 11:52:02;˜˜˜˜˜˜˜˜˜˜ ˜˜˜;LWR
3624;248827196;M;60;˜˜;509;2022-03-08;2022-03-08 21:56:45;˜˜˜˜˜˜˜˜˜˜˜ ˜˜˜;LWR
3625;430201714;M;25;˜˜;648;2021-09-01;2022-02-10 14:01:38;˜˜˜˜˜˜˜˜˜˜ ˜˜˜˜;LWR
3626;528344324;M;16;˜˜;0;2023-10-02;2024-01-30 22:54:27;˜˜˜˜˜˜˜˜˜˜ ˜˜˜;LWR
3627;799299156;F;26;˜˜;462;2023-06-18;2023-06-18 18:52:50;˜˜˜˜˜˜˜˜˜˜˜˜˜ ˜˜˜˜;LWR
3628;207215960;M;43;˜˜;3703;2017-09-22;2017-09-25 17:37:41;˜˜˜˜˜˜˜˜˜ ˜˜˜;LWR
3629;1202762887;F;37;˜˜;648;2014-04-22;2023-04-18 21:53:23;˜˜˜˜˜˜˜˜˜˜˜˜ ˜˜˜;LWR
3630;1027965414;M;56;˜˜;277;2021-06-22;2021-07-01 05:52:45;˜˜˜˜˜˜˜˜˜ ˜˜˜˜;LWR
3631;700706000;M;23;˜˜˜˜˜˜˜˜˜˜;462;2025-01-27;2025-01-28 19:42:56;˜ ˜˜˜˜˜˜;LWR
3632;271838797;M;28;˜˜;277;2020-02-27;2020-03-03 13:31:17;0;LWR
3633;956212575;M;31;˜˜˜˜˜˜˜˜˜˜˜;0;2022-12-12;2022-12-15 10:18:47;˜˜˜˜˜-˜˜˜˜˜˜˜˜˜˜ ˜˜˜˜˜˜˜˜˜˜ ˜˜˜˜˜ - ˜˜˜˜ ˜˜;LWR
3634;303294135;M;35;˜˜;1574;2011-04-18;2021-06-23 15:59:54;˜˜˜˜˜˜˜˜˜˜ ˜˜˜;LWR
3635;556897920;F;48;˜˜;462;2022-10-20;2022-10-20 02:14:38;˜˜˜˜˜˜˜˜˜˜˜ ˜˜˜˜;LWR
3636;151334788;M;23;˜˜˜˜˜˜˜˜˜˜˜;0;2023-04-17;2023-04-17 19:25:29;˜ ˜˜˜˜˜˜;LWR
3637;541698007;M;41;˜˜˜˜˜˜˜˜˜;0;2022-03-18;2022-03-21 11:39:56;˜˜˜˜˜˜˜˜˜ ˜˜˜˜˜˜˜˜˜˜ - ˜˜˜˜˜˜˜;LWR
3638;554932960;F;35;˜˜;740;2022-10-12;2022-10-12 12:24:54;˜˜˜˜˜˜˜˜˜ ˜˜˜;LWR
3639;338966427;F;52;˜˜;185;2022-11-11;2022-11-11 12:24:14;˜˜˜˜˜˜˜˜ ˜˜˜;LWR
3640;891401732;M;37;˜˜;740;2023-08-09;2023-08-09 04:49:15;˜˜˜˜˜˜˜˜˜ ˜˜˜;LWR
3641;1175513679;F;22;˜˜;370;2024-08-28;2024-08-29 16:11:25;˜˜˜˜˜˜˜ ˜˜˜;LWR
3642;164433363;F;19;˜˜;1111;2022-05-27;2022-05-27 18:03:26;˜˜˜˜˜˜˜˜˜˜ ˜˜˜;LWR
3643;846311752;F;37;˜˜;787;2021-01-24;2021-01-25 23:47:52;˜ ˜˜˜˜˜˜;LWR
3644;233391497;M;36;˜˜;925;2020-04-09;2020-04-16 18:23:44;˜˜˜˜˜˜˜˜˜˜˜˜˜ ˜˜˜;LWR
3645;429311729;M;52;˜˜;0;2025-01-29;2025-02-01 16:39:10;0;LWR
3646;1073321247;M;37;˜˜;1342;2022-03-22;2022-03-22 11:40:59;˜˜˜˜˜˜˜˜˜˜˜˜˜ ˜˜˜;LWR
3647;946020413;M;30;˜˜;370;2022-09-04;2022-09-22 09:26:10;˜˜˜˜˜˜˜˜˜˜˜˜˜ ˜˜˜;LWR
3648;632464371;M;50;˜˜;2314;2018-07-18;2018-12-27 01:05:03;˜ ˜˜˜˜˜˜;LWR
3649;694432883;M;43;˜˜;0;2023-08-22;2023-08-23 11:04:45;˜˜˜ ˜˜˜˜˜˜˜˜˜˜˜˜;LWR
3650;537866063;F;50;˜˜;2376;2024-10-09;2024-10-25 08:42:25;0;LWR
3651;280036451;F;73;˜˜;0;2022-04-07;2022-04-08 17:28:44;˜˜˜˜˜˜˜˜˜˜ ˜˜˜;LWR
3652;900731232;F;49;˜˜;0;2020-12-03;2021-01-07 09:50:24;0;LWR
3653;1143612347;F;33;˜˜;1851;2022-08-17;2022-08-18 13:06:09;˜˜˜˜˜˜˜˜˜˜ ˜˜˜;LWR
3654;813903789;M;59;˜˜;462;2020-07-02;2020-07-02 15:50:18;˜˜˜˜˜˜˜˜˜˜˜˜˜ ˜˜˜˜;LWR
3655;697803930;F;48;˜˜;1111;2017-08-11;2017-09-25 20:54:14;˜˜˜˜ ˜˜˜˜˜˜˜˜;LWR
3656;1020694684;F;37;˜˜;0;2020-04-06;2022-10-31 20:26:17;0;LWR
3657;867884934;F;38;˜˜;925;2023-01-22;2023-01-23 21:09:30;˜˜˜˜˜˜˜˜˜˜ ˜˜˜;LWR
3658;651410724;F;46;˜˜;0;2017-09-20;2024-08-15 18:40:03;˜ ˜˜˜˜˜-˜˜˜˜˜˜˜˜˜;LWR
3659;899745612;F;33;˜˜;0;2021-06-02;2021-06-03 13:10:07;˜ ˜˜˜˜˜˜;LWR
3660;88200036;F;42;˜˜;787;2018-01-23;2018-10-28 10:47:08;˜˜˜˜˜˜˜˜ ˜˜˜˜;LWR
3661;509994199;M;23;˜˜;1388;2022-04-06;2022-04-07 16:03:49;0;LWR
3662;145388913;M;23;˜˜;555;2022-02-27;2022-02-28 14:11:35;˜˜˜˜˜˜˜˜˜˜ ˜˜˜;LWR
3663;1004205201;F;43;˜˜;0;2022-10-06;2022-10-06 19:30:07;0;LWR
3664;779752720;F;45;˜˜;0;2018-09-09;2018-09-10 18:55:28;˜ ˜˜˜˜˜-˜˜˜˜˜˜˜˜˜;LWR
3665;739496447;F;18;˜˜;0;2022-06-21;2022-06-23 14:02:44;0;LWR
3666;565202659;F;48;˜˜;462;2021-02-02;2021-02-04 17:10:40;˜˜˜˜˜˜˜˜˜˜˜˜ ˜˜˜;LWR
3667;254299714;F;23;˜˜˜˜˜;0;2023-07-20;2023-07-20 21:14:09;˜ ˜˜˜˜˜˜;LWR
3668;758141812;M;62;˜˜;0;2024-11-13;2024-11-18 04:03:02;˜˜˜˜˜˜˜˜˜˜ ˜˜˜˜;LWR
3669;798029506;M;46;˜˜;0;2016-03-30;2016-04-01 23:05:13;˜ ˜˜˜˜˜˜;LWR
3670;697654129;M;41;˜˜;1388;2024-09-11;2024-09-12 17:24:38;0;LWR
3671;975797858;F;24;˜˜;185;2019-11-12;2020-10-11 19:46:42;˜ ˜˜˜˜˜˜;LWR
3672;972444502;F;54;˜˜;1203;2019-02-26;2022-08-11 09:45:46;˜ ˜˜˜˜˜˜;LWR
3673;781694972;M;38;˜˜;2777;2012-08-28;2012-10-04 10:41:43;˜˜˜˜˜˜˜˜˜ ˜˜˜˜;LWR
3674;1068848279;M;27;˜˜;0;2021-10-28;2022-02-10 12:54:02;0;LWR
3675;208465430;M;28;˜˜;555;2021-10-26;2022-02-08 12:30:30;˜˜˜˜˜˜˜˜˜˜˜˜˜ ˜˜˜;LWR
3676;569418183;M;21;˜˜;833;2021-02-18;2021-02-19 06:01:35;˜ ˜˜˜˜˜˜;LWR
3677;901861850;F;65;˜˜;0;2024-11-11;2024-11-14 12:24:52;˜˜˜˜˜˜˜˜˜˜˜ ˜˜˜;LWR
3678;693994815;M;34;˜˜;0;2018-05-11;2020-05-25 13:32:53;˜˜˜˜ ˜˜˜˜˜˜˜˜˜˜˜˜;LWR
3679;864165973;F;27;˜˜;231;2020-02-13;2020-02-16 09:49:10;˜˜˜˜ ˜˜˜˜˜˜˜˜˜˜;LWR
3680;119710164;M;27;˜˜;64;2021-05-07;2021-05-07 11:06:34;˜˜˜˜˜˜˜˜˜˜˜˜˜ ˜˜˜;LWR
3681;632202423;M;21;˜˜;879;2022-07-27;2022-07-27 12:57:52;˜˜˜˜˜-˜˜˜˜˜˜˜˜˜˜ ˜˜˜˜˜˜˜˜˜˜ ˜˜˜˜˜ - ˜˜˜˜ ˜˜;LWR
3682;684204056;M;17;˜˜;0;2024-08-22;2024-08-25 15:01:33;0;LWR
3683;742384767;F;34;˜˜;0;2024-12-17;2025-01-27 15:53:54;˜˜˜˜˜˜˜˜˜˜ ˜˜˜;LWR
3684;33550484;M;35;˜˜;555;2017-07-03;2024-08-04 08:44:42;˜˜˜˜˜˜˜˜˜˜˜ ˜˜˜˜;LWR
3685;268169167;M;27;˜˜;1388;2019-09-17;2019-09-21 10:08:44;˜˜˜˜˜˜˜˜˜˜˜˜ ˜˜˜;LWR
3686;899869174;M;24;˜˜;740;2021-02-16;2021-02-16 16:26:45;˜ ˜˜˜˜˜-˜˜˜˜˜˜˜˜˜;LWR
3687;688054331;F;30;˜˜;1111;2022-01-04;2022-02-09 12:04:15;˜˜˜˜˜˜˜˜˜ ˜˜˜;LWR
3688;154222297;F;38;˜˜;2037;2021-02-10;2021-02-12 11:34:13;˜ ˜˜˜˜˜˜;LWR
3689;771997423;F;43;˜˜;370;2021-09-29;2021-10-11 20:14:22;˜˜˜˜˜˜˜˜˜˜ ˜˜˜;LWR
3690;552996221;M;37;˜˜;925;2017-07-21;2021-02-07 19:12:32;˜˜˜˜˜˜˜˜˜˜˜˜ ˜˜˜;LWR
3691;775295639;M;37;˜˜;462;2013-05-24;2013-06-17 11:01:11;˜˜˜˜˜˜˜˜˜˜˜˜˜ ˜˜˜;LWR
3692;956187780;M;38;˜˜;6481;2016-09-19;2016-09-22 10:05:40;˜ ˜˜˜˜˜˜;LWR
3693;115972069;F;34;˜˜;1388;2020-10-17;2020-10-20 19:59:06;˜ ˜˜˜˜˜˜;LWR
3694;1056853853;F;27;˜˜;1203;2021-08-17;2022-02-08 12:30:03;˜˜˜˜˜˜˜˜˜˜ ˜˜˜;LWR
3695;898511037;M;24;˜˜˜˜˜˜˜˜˜;462;2023-05-29;2023-05-30 08:29:55;˜˜˜˜ ˜˜˜˜˜˜˜˜˜˜˜˜;LWR
3696;844463743;M;40;˜˜;1712;2019-03-11;2019-03-15 10:01:51;˜˜˜˜˜˜˜˜˜˜ ˜˜˜;LWR
3697;274318462;M;40;˜˜;740;2021-02-05;2021-02-05 18:10:29;˜˜˜˜˜˜˜ ˜˜˜;LWR
3698;905065626;M;51;˜˜;462;2023-10-30;2023-10-30 22:51:50;˜ ˜˜˜˜˜-˜˜˜˜˜˜˜˜˜;LWR
3699;763102813;F;30;˜˜;0;2022-10-06;2022-10-06 09:45:55;0;LWR
3700;748512366;F;41;˜˜;555;2023-03-27;2023-03-27 21:42:52;˜˜˜˜˜˜˜˜˜˜˜˜ ˜˜˜;LWR
3701;67077925;F;43;˜˜;1018;2022-12-12;2022-12-13 07:39:48;˜˜˜˜˜˜˜˜ ˜˜˜˜;LWR
3702;428444330;M;23;˜˜;925;2021-02-26;2021-03-02 14:36:42;˜˜˜˜˜˜˜˜˜ ˜˜˜;LWR
3703;903872609;F;46;˜˜;0;2023-05-12;2023-05-15 20:53:43;˜˜˜˜ ˜˜˜˜˜˜˜˜˜;LWR
3704;646743487;M;23;˜˜;1574;2019-05-13;2019-05-24 17:47:47;˜˜˜˜ ˜˜˜˜˜˜˜˜˜;LWR
3705;230232058;M;40;˜˜;0;2024-08-16;2024-08-17 12:46:24;0;LWR
3706;634169053;M;17;˜˜;0;2022-07-19;2022-07-20 12:45:19;0;LWR
3707;620738996;M;30;˜˜;601;2016-10-25;2020-12-08 10:26:18;˜˜˜˜ ˜˜˜˜˜˜;LWR
3708;899209969;F;35;˜˜;416;2018-12-26;2018-12-28 14:00:22;˜˜˜˜˜˜˜˜˜˜ ˜˜˜;LWR
3709;632891332;F;41;˜˜;462;2023-10-17;2023-10-17 14:05:32;˜˜˜˜˜˜˜˜˜ ˜˜˜;LWR
3710;972151522;F;20;˜˜;185;2024-04-12;2024-04-15 13:14:25;˜ ˜˜˜˜˜˜˜˜˜˜˜;LWR
3711;896153233;M;17;˜˜;0;2022-09-25;2022-09-25 14:33:56;0;LWR
3712;1147575741;M;40;˜˜;0;2022-01-12;2023-05-22 10:37:52;˜˜˜˜˜˜˜˜˜˜˜˜ ˜˜˜;LWR
3713;993239009;M;51;˜˜;740;2022-08-03;2022-05-14 11:14:13;˜˜˜˜˜˜˜˜˜˜˜˜˜ ˜˜˜˜;LWR
3714;690350551;F;41;˜˜;0;2024-12-19;2025-01-05 12:09:40;˜˜˜˜˜˜˜ ˜˜˜˜˜˜˜˜˜˜;LWR
3715;303224163;F;18;˜˜;0;2023-03-20;2023-03-20 19:48:37;0;LWR
3716;843175872;F;22;˜˜;740;2023-10-12;2023-10-12 22:21:19;˜ ˜˜˜˜˜-˜˜˜˜˜˜˜˜˜;LWR
3717;749684200;F;58;˜˜;648;2023-07-19;2023-07-24 16:34:58;˜˜˜˜ ˜˜˜˜˜˜˜˜˜˜˜˜;LWR
3718;376439548;F;26;˜˜;555;2018-02-15;2022-09-28 15:14:07.845000;˜˜˜˜˜˜˜˜˜˜ ˜˜˜;LWR
3719;615715667;M;33;˜˜;462;2022-09-16;2022-09-16 17:00:23;˜˜˜˜˜˜˜˜˜˜˜˜ ˜˜˜;LWR
3720;1159337617;M;43;˜˜;555;2019-04-16;2022-10-10 04:21:22;˜˜˜˜˜˜˜˜˜˜˜ ˜˜˜˜;LWR
3721;350763610;F;24;˜˜;462;2021-10-24;2022-07-08 00:25:26;˜˜˜˜˜˜˜˜˜˜ ˜˜˜;LWR
3722;762034315;F;35;˜˜;1388;2019-11-17;2019-11-19 10:35:12;˜˜˜˜˜˜˜˜˜˜ ˜˜˜;LWR
3723;695247347;F;60;˜˜;555;2013-05-23;2018-11-07 12:20:21;˜˜˜˜˜˜˜˜˜˜ ˜˜˜;LWR
3724;1051847956;M;19;˜˜;0;2023-12-13;2023-12-16 14:23:33;0;LWR
3725;245845075;M;39;˜˜;1666;2011-03-28;2018-01-24 17:54:34;˜˜˜˜˜˜˜˜˜˜˜˜˜ ˜˜˜˜;LWR
3726;551837183;M;18;˜˜;0;2022-07-24;2022-07-24 12:38:59;0;LWR
3727;385639384;M;25;˜˜;740;2020-02-19;2022-08-04 16:21:12;˜˜˜˜˜˜˜˜˜˜˜˜˜ ˜˜˜˜;LWR
3728;748011207;F;23;˜˜;0;2024-12-03;2024-12-04 16:07:20;0;LWR
3729;1005384841;M;27;˜˜;833;2020-12-20;2021-01-04 10:16:40;˜˜˜˜˜˜˜˜˜˜ ˜˜˜;LWR
3730;748758115;M;55;˜˜;0;2022-09-12;2022-09-14 08:17:42;0;LWR
3731;758017827;F;34;˜˜;0;2021-02-13;2021-02-13 08:50:51;0;LWR
3732;971903223;M;25;˜˜˜˜˜˜˜˜˜˜˜;0;2021-12-11;2023-11-11 22:10:35;˜˜˜˜˜˜˜˜˜˜ ˜˜˜;LWR
3733;351461203;F;41;˜˜;0;2025-03-10;2025-03-14 14:09:47;˜˜˜˜˜˜˜˜˜˜˜˜˜ ˜˜˜˜;LWR
3734;842709632;F;37;˜˜;537;2021-07-19;2023-10-15 09:14:51;˜˜˜˜ ˜˜˜˜˜˜˜˜˜;LWR
3735;951558220;F;59;˜˜;0;2024-08-07;2024-08-09 15:25:27;˜˜˜˜˜˜˜˜˜ ˜˜˜;LWR
3736;763504102;M;35;˜˜;1175;2018-03-08;2022-02-21 19:43:10;˜ ˜˜˜˜˜˜;LWR
3737;864205459;F;22;˜˜;0;2021-08-17;2022-04-14 16:56:32;0;LWR
3738;679665238;M;22;˜˜;0;2024-12-13;2024-12-16 16:26:07;0;LWR
3739;1203571812;F;35;˜˜;1666;2017-07-09;2017-07-15 10:56:34;0;LWR
3740;908431317;M;56;˜˜;4629;2013-05-25;2019-03-17 18:08:53;˜ ˜˜˜˜˜-˜˜˜˜˜˜˜˜˜;LWR
3741;1128976236;M;52;˜˜;2314;2024-09-16;2024-09-16 22:27:33;˜˜˜˜ ˜˜˜˜˜˜˜˜˜;LWR
3742;775133569;F;50;˜˜;0;2022-07-10;2022-07-10 14:50:43;0;LWR
3743;690301672;F;57;˜˜;462;2008-08-28;2022-12-19 11:32:52;˜. ˜˜˜˜˜-˜˜˜˜˜˜˜˜˜;LWR
3744;355588399;M;49;˜˜;4166;2020-01-15;2023-11-18 11:40:08;˜˜˜˜ ˜˜˜˜;LWR
3745;624487567;M;42;˜˜;1851;2020-07-10;2020-07-13 11:35:09;˜˜˜˜˜˜˜˜˜˜˜˜˜ ˜˜˜˜;LWR
3746;38889254;F;46;˜˜;740;2022-02-20;2022-02-20 21:05:29;˜˜˜˜˜˜˜˜˜˜ ˜˜˜;LWR
3747;1214049661;F;36;˜˜;1296;2017-10-11;2017-10-16 18:13:32;˜ ˜˜˜˜˜˜;LWR
3748;898798441;M;44;˜˜;277;2023-06-12;2023-06-12 07:35:52;˜˜˜˜ ˜˜˜˜˜˜˜˜˜˜;LWR
3749;757553754;F;34;˜˜;925;2020-10-24;2020-10-27 13:10:09;0;LWR
3750;1139499849;M;51;˜˜;1157;2020-01-31;2020-02-12 12:09:45;˜˜˜˜ ˜˜˜˜˜˜˜˜˜;LWR
3751;894441061;M;19;˜˜;0;2024-02-01;2024-02-01 23:31:55;˜˜˜˜˜˜˜˜˜˜ ˜˜˜;LWR
3752;605498436;M;59;˜˜;231;2018-11-20;2022-02-07 23:05:42;˜˜˜˜˜˜˜˜˜˜ ˜˜˜;LWR
3753;1014989363;F;37;˜˜;740;2020-07-29;2020-08-03 11:41:02;˜ ˜˜˜˜˜˜;LWR
3754;758600246;F;19;˜˜;370;2022-08-31;2022-08-31 10:57:46;˜˜˜˜˜˜˜˜˜ ˜˜˜˜;LWR
3755;264651520;F;63;˜˜;4629;2024-04-22;2024-04-24 10:12:09;˜˜˜˜˜˜˜˜˜ ˜˜˜;LWR
3756;705888726;F;43;˜˜;0;2021-08-15;2021-08-15 14:49:47;˜˜˜˜˜˜˜˜˜˜ ˜˜˜;LWR
3757;307473533;F;64;˜˜;462;2022-04-17;2022-04-20 17:09:32;˜˜˜˜˜˜˜˜˜˜˜˜ ˜˜˜˜;LWR
3758;529375734;F;29;˜˜;490;2022-05-31;2022-06-01 13:47:17;˜˜˜˜˜˜˜˜˜˜˜˜ ˜˜˜;LWR
3759;544933047;F;40;˜˜;0;2019-05-08;2019-05-10 12:37:50;˜˜˜˜˜˜˜˜˜˜ ˜˜˜;LWR
3760;1063347936;F;19;˜˜;0;2021-10-25;2022-02-07 23:20:56;0;LWR
3761;245907460;M;52;˜˜;833;2023-05-27;2023-05-27 07:56:30;˜˜˜˜˜˜˜˜ ˜˜˜˜;LWR
3762;378378004;M;27;˜˜;1481;2020-05-20;2020-05-20 11:34:19;˜˜˜˜ ˜˜˜˜˜ ˜˜;LWR
3763;971423387;F;37;˜˜;925;2020-04-21;2020-04-21 10:29:34;˜˜˜˜˜˜˜˜˜˜˜˜ ˜˜˜;LWR
3764;618529801;F;27;˜˜;185;2019-10-29;2019-10-29 15:20:49;˜ ˜˜˜˜˜˜;LWR
3765;552696942;M;37;˜˜;1851;2020-11-26;2020-11-26 15:25:45;˜˜˜˜˜˜˜˜˜˜˜˜˜ ˜˜˜˜;LWR
3766;1047566962;M;38;˜˜;0;2019-03-08;2019-03-10 14:33:35;˜˜˜˜˜˜˜˜˜˜ ˜˜˜;LWR
3767;755670641;M;32;˜˜;7407;2018-08-24;2018-11-28 18:28:12;˜˜˜˜˜˜˜˜˜˜ ˜˜˜;LWR
3768;1003811216;M;30;˜˜;1296;2019-12-30;2020-01-04 19:42:04;˜˜˜˜˜˜˜˜˜˜˜˜ ˜˜˜;LWR
3769;158298942;M;32;˜˜;0;2022-05-15;2022-05-15 15:44:20;0;LWR
3770;703581591;F;21;˜˜˜˜˜;0;2024-06-17;2024-06-18 12:55:50;˜ ˜˜˜˜˜˜;LWR
3771;996233010;M;40;˜˜;462;2023-10-02;2023-10-02 13:30:36;˜˜˜˜˜˜˜˜˜˜ ˜˜˜;LWR
3772;133968710;M;46;˜˜;1851;2021-03-11;2021-03-14 10:22:44;˜ ˜˜˜˜˜-˜˜˜˜˜˜˜˜˜;LWR
3773;124118292;F;63;˜˜;648;2022-05-10;2022-02-17 08:40:06;˜˜˜˜ ˜˜˜˜˜˜˜˜˜;LWR
3774;910487648;F;39;˜˜;0;2022-11-15;2022-11-15 12:05:36;˜˜˜˜˜˜˜˜˜˜ ˜˜˜;LWR
3775;368592506;M;29;˜˜;1111;2023-05-15;2023-05-15 15:14:27;˜˜˜˜˜˜˜˜˜˜˜˜˜ ˜˜˜;LWR
3776;1018868636;F;38;˜˜;0;2023-08-14;2023-08-14 20:30:04;˜˜˜˜˜-˜˜˜˜˜˜˜˜˜˜ ˜˜˜˜˜˜˜˜˜˜ ˜˜˜˜˜ - ˜˜˜˜ ˜˜;LWR
3777;903334791;M;32;˜˜;462;2016-07-12;2017-10-31 12:58:06;˜˜˜˜˜˜˜˜ ˜˜˜;LWR
3778;251356468;F;39;˜˜;0;2018-12-09;2025-02-05 13:24:18;˜˜˜˜˜˜˜˜˜ ˜˜˜˜;LWR
3779;967736490;F;39;˜˜;888;2023-07-05;2023-07-05 12:29:00;˜˜˜˜˜˜˜˜ ˜˜˜;LWR
3780;1003782316;F;65;˜˜;324;2008-10-06;2012-07-23 17:24:05;˜˜˜˜ ˜˜˜˜˜˜˜˜˜˜˜˜˜˜;LWR
3781;640066330;F;41;˜˜;0;2023-06-13;2023-06-16 14:51:48;˜˜˜˜ ˜˜˜˜;LWR
3782;542219054;F;42;˜˜;0;2022-10-07;2022-10-09 11:55:54;˜˜˜˜˜˜˜˜˜˜ ˜˜˜;LWR
3783;609944681;M;67;˜˜;13888;2014-04-13;2020-02-07 11:33:59;˜˜˜˜˜˜˜˜˜˜ ˜˜˜;LWR
3784;592758610;F;55;˜˜;462;2025-01-13;2025-01-15 16:01:06;˜˜˜˜˜˜˜˜ ˜˜˜˜;LWR
3785;630282137;F;67;˜˜;1018;2016-08-11;2016-09-26 10:37:13;˜˜˜˜˜˜˜˜˜˜˜ ˜˜˜;LWR
3786;1037492593;F;47;˜˜;0;2010-05-06;2019-02-27 13:53:19;˜˜˜˜˜˜˜˜ ˜˜˜˜;LWR
3787;559369904;M;30;˜˜;740;2021-01-11;2021-01-11 16:11:17;˜˜˜˜ ˜˜˜˜ (˜˜˜˜˜˜);LWR
3788;551831053;M;48;˜˜;1296;2019-11-19;2022-02-09 14:28:51;˜˜˜˜˜˜˜˜˜˜˜ ˜˜˜˜;LWR
3789;262238873;M;28;˜˜;3148;2024-12-19;2025-01-24 10:15:34;˜˜˜˜˜˜˜˜˜˜˜˜˜ ˜˜˜˜;LWR
3790;793582452;M;31;˜˜;1574;2019-09-04;2019-08-01 20:08:26;˜˜˜˜˜˜˜˜˜˜ ˜˜˜;LWR
3791;146400817;M;37;˜˜;689;2023-12-25;2024-01-11 10:48:15;˜˜˜˜˜˜˜˜ ˜˜˜˜;LWR
3792;541698995;F;29;˜˜;0;2019-10-28;2019-10-29 10:49:41;˜ ˜˜˜˜˜˜;LWR
3793;1000404990;F;30;˜˜;1666;2023-06-03;2023-06-03 12:32:01;˜ ˜˜˜˜˜˜;LWR
3794;759757200;F;21;˜˜;92;2022-10-15;2022-10-15 23:52:52;˜˜˜˜˜˜˜˜˜˜˜˜ ˜˜˜;LWR
3795;1142146753;M;28;˜˜;740;2020-11-05;2020-11-05 12:55:16;˜˜˜˜˜˜˜˜˜˜ ˜˜˜˜;LWR
3796;329905483;F;37;˜˜;1388;2020-04-17;2020-04-21 12:06:54;˜ ˜˜˜˜˜-˜˜˜˜˜˜˜˜˜;LWR
3797;1183511080;M;18;˜˜;0;2022-12-26;2022-12-26 12:20:41;0;LWR
3798;698708675;F;46;˜˜;0;2022-08-13;2022-08-13 12:01:42;0;LWR
3799;1210761340;F;33;˜˜;925;2019-08-15;2019-08-17 19:47:20;˜˜˜˜˜˜˜ ˜˜˜˜˜˜˜˜˜˜˜˜˜;LWR
3800;615021599;F;40;˜˜;3703;2017-08-01;2017-10-25 22:16:29;˜˜˜˜˜˜˜˜˜˜ ˜˜˜;LWR
3801;778508964;F;30;˜˜;0;2022-03-02;2022-03-02 17:05:20;˜˜˜˜˜˜˜˜˜˜˜ ˜˜˜;LWR
3802;801282356;F;19;˜˜;555;2021-12-09;2022-03-19 22:21:39;˜˜˜˜˜˜˜˜˜˜ ˜˜˜;LWR
3803;248125259;M;23;˜˜;601;2021-05-19;2023-03-05 18:05:00;˜˜˜˜˜˜˜˜˜ ˜˜˜˜˜˜˜˜˜˜ - ˜˜˜˜˜˜˜;LWR
3804;759032792;M;30;˜˜;925;2016-03-22;2016-03-23 13:13:51;˜˜˜˜˜˜˜˜˜˜ ˜˜˜;LWR
3805;160699545;M;36;˜˜;925;2020-11-05;2021-04-27 19:11:56;˜˜˜˜ ˜˜˜˜˜˜˜;LWR
3806;262383911;F;31;˜˜;0;2024-07-25;2024-07-25 17:51:54;0;LWR
3807;232889603;M;31;˜˜;2037;2020-08-19;2020-08-19 13:30:08;˜˜˜˜˜˜˜˜˜˜˜˜˜ ˜˜˜;LWR
3808;610541899;F;40;˜˜;0;2022-08-11;2022-08-15 14:04:36;0;LWR
3809;230210425;M;51;˜˜;462;2023-08-28;2023-08-28 19:17:58;˜˜˜˜˜˜˜˜˜ ˜˜˜;LWR
3810;403186109;M;26;˜˜;509;2022-06-29;2022-06-29 09:26:43;˜˜˜˜˜˜˜˜˜ ˜˜˜;LWR
3811;306209992;M;50;˜˜;740;2024-01-15;2024-01-16 08:07:46;˜˜˜˜ ˜˜˜˜˜˜˜˜˜;LWR
3812;910449191;M;56;˜˜;925;2012-01-17;2020-10-24 20:04:15;˜˜˜˜˜˜˜˜˜˜˜˜˜ ˜˜˜˜;LWR
3813;865274370;M;36;˜˜;0;2016-07-11;2016-08-06 22:50:10;˜˜˜˜˜˜˜˜˜˜ ˜˜˜;LWR
3814;1162680991;F;70;˜˜;462;2021-02-22;2022-03-02 17:34:38;˜˜˜˜˜˜˜˜˜˜ ˜˜˜;LWR
3815;247722188;M;39;˜˜;0;2022-06-02;2022-06-05 11:30:13;0;LWR
3816;1006038683;M;36;˜˜;0;2022-11-04;2022-11-04 11:08:34;˜˜˜˜˜˜˜˜˜˜˜˜ ˜˜˜;LWR
3817;1214527660;M;35;˜˜;1203;2021-10-25;2022-02-08 08:28:06;˜˜˜˜˜˜˜ ˜˜˜;LWR
3818;938421417;M;21;˜˜;925;2020-07-13;2020-07-14 10:03:26;˜˜˜˜˜˜˜˜˜˜˜˜ ˜˜˜;LWR
3819;312025459;F;23;˜˜;648;2019-10-15;2019-11-01 16:46:58;˜˜˜˜ ˜˜˜˜˜˜˜˜˜;LWR
3820;690618088;F;54;˜˜;0;2014-07-22;2023-01-01 02:09:12;˜˜˜ ˜˜˜˜˜˜˜˜˜˜˜˜˜;LWR
3821;153453449;F;53;˜˜;1111;2022-10-06;2022-10-08 12:00:42;˜˜˜˜˜˜˜˜˜˜ ˜˜˜;LWR
3822;747205052;F;41;˜˜;0;2019-10-15;2022-02-08 18:34:08;˜˜˜˜˜˜˜˜˜˜˜˜˜ ˜˜˜;LWR
3823;1013468505;M;42;˜˜;925;2017-01-13;2017-01-16 17:45:32;˜˜˜˜˜˜˜˜˜˜ ˜˜˜;LWR
3824;733883034;F;23;˜˜;833;2021-06-25;2022-05-18 12:29:31;˜˜˜˜˜˜˜˜˜˜ ˜˜˜;LWR
3825;1046947888;F;42;˜˜;925;2020-08-28;2020-08-29 15:16:37;˜ ˜˜˜˜˜-˜˜˜˜˜˜˜˜˜;LWR
3826;973441507;F;40;˜˜;462;2015-06-03;2023-11-07 21:28:24;˜˜˜˜ ˜˜˜˜˜˜˜˜;LWR
3827;135435293;F;26;˜˜;277;2022-11-01;2022-11-01 15:39:02;˜˜˜˜˜˜˜˜˜˜˜˜ ˜˜˜;LWR
3828;863848566;F;19;˜˜;0;2024-07-31;2024-07-31 18:22:09;0;LWR
3829;692749154;F;39;˜˜;462;2022-01-20;2022-02-09 12:00:10;˜˜˜˜˜˜˜˜˜ ˜˜˜;LWR
3830;618683592;F;21;˜˜;129;2022-05-20;2022-10-09 20:01:28;˜˜˜˜˜˜˜˜˜˜ ˜˜˜;LWR
3831;640278831;M;31;˜˜;925;2021-06-22;2022-02-10 19:48:23;˜˜˜˜˜˜˜˜˜˜˜˜˜ ˜˜˜;LWR
3832;1206374946;F;46;˜˜;787;2021-05-03;2021-05-03 17:12:46;˜˜˜˜˜-˜˜˜˜˜˜˜˜˜˜ ˜˜˜˜˜˜˜˜˜˜ ˜˜˜˜˜ - ˜˜˜˜ ˜˜;LWR
3833;247459650;0;66;˜˜;0;2023-09-15;2023-09-15 07:50:27;0;LWR
3834;910435044;M;25;˜˜;1111;2020-04-22;2020-04-30 11:10:58;˜˜˜˜ ˜˜˜˜˜˜˜˜˜˜;LWR
3835;952555329;M;36;˜˜;2037;2018-03-20;2018-03-26 20:30:20;˜ ˜˜˜˜˜-˜˜˜˜˜˜˜˜˜;LWR
3836;808482346;F;36;˜˜;462;2023-07-04;2023-07-04 08:54:37;˜˜˜˜˜˜˜˜˜˜˜˜˜ ˜˜˜;LWR
3837;1198521024;M;46;˜˜;740;2020-11-11;2020-11-17 17:13:32;˜˜˜˜˜˜˜˜˜˜˜˜ ˜˜˜;LWR
3838;940550197;M;56;˜˜;0;2025-01-14;2025-01-17 14:15:36;0;LWR
3839;628468995;F;22;˜˜;648;2022-06-15;2022-06-15 04:00:16;˜˜˜˜ ˜˜˜˜ /˜˜˜˜˜˜/;LWR
3840;800240111;F;41;˜˜;648;2021-04-19;2021-04-19 15:43:44;˜˜˜˜˜˜˜˜˜˜˜ ˜˜˜;LWR
3841;340656361;M;33;˜˜;1111;2017-07-11;2017-07-18 11:09:28;˜˜˜˜˜˜˜˜˜˜˜ ˜˜˜;LWR
3842;342335416;M;39;˜˜;0;2024-04-10;2024-04-10 19:57:42;0;LWR
3843;701583558;M;44;˜˜;416;2022-12-08;2022-12-08 20:17:27;˜˜˜˜˜˜˜˜ ˜˜˜;LWR
3844;746466931;M;46;˜˜;0;2022-02-25;2022-02-27 19:16:04;0;LWR
3845;705948359;M;28;˜˜;0;2021-09-30;2021-09-30 12:14:36;0;LWR
3846;724148974;F;53;˜˜;0;2025-02-23;2025-02-23 18:15:45;0;LWR
3847;277670691;M;49;˜˜;1187;2024-11-21;2024-11-21 07:28:06;0;LWR
3848;1062662290;F;15;˜˜;648;2023-05-15;2023-05-15 10:20:30;0;LWR
3849;380210535;M;31;˜˜;833;2020-10-25;2021-04-07 21:36:05;˜˜˜˜ ˜˜˜˜˜˜˜˜˜˜˜˜;LWR
3850;1193014476;F;36;˜˜;1018;2021-02-20;2025-03-10 17:32:50;˜˜˜˜ ˜˜˜˜ (˜˜˜˜˜˜);LWR
3851;733818718;F;46;˜˜;7870;2019-03-25;2019-03-27 14:21:27;˜˜˜˜ ˜˜˜˜˜˜˜˜˜;LWR
3852;554947334;M;29;˜˜;0;2023-04-03;2023-04-03 13:55:12;˜˜˜˜˜˜˜˜˜ ˜˜˜;LWR
3853;1211217842;M;42;˜˜;1203;2009-01-22;2021-11-12 17:32:43;˜˜˜˜˜˜˜˜˜˜˜˜ ˜˜˜;LWR
3854;207233214;M;60;˜˜;0;2022-02-18;2022-02-18 13:01:24;0;LWR
3855;518022453;M;34;˜˜;4629;2016-10-26;2016-10-28 17:01:40;˜˜˜ ˜˜˜˜˜˜˜˜˜˜˜;LWR
3856;169346419;F;32;˜˜;2314;2020-09-15;2023-01-30 11:38:11;˜˜˜˜˜˜˜˜˜˜˜˜˜ ˜˜˜;LWR
3857;688451850;F;22;˜˜;768;2019-12-05;2023-08-08 14:03:29;˜˜˜˜˜˜˜˜˜˜˜˜˜˜ ˜˜˜˜;LWR
3858;781083183;F;44;˜˜;462;2022-12-23;2022-12-28 14:14:01;˜ ˜˜˜˜˜˜;LWR
3859;384594711;F;35;˜˜;185;2019-12-11;2019-12-12 19:00:18;˜˜˜˜˜˜˜˜˜˜˜ ˜˜˜;LWR
3860;1086736301;F;42;˜˜;5092;2020-08-22;2020-08-23 15:35:01;˜ ˜˜˜˜˜˜;LWR
3861;823460034;M;35;˜˜;648;2018-07-14;2018-07-27 21:50:24;˜˜˜˜ ˜˜˜˜;LWR
3862;845120462;M;43;˜˜;1018;2013-08-09;2013-08-10 21:20:48;˜ ˜˜˜˜˜-˜˜˜˜˜˜˜˜˜;LWR
3863;292060223;F;32;˜˜;175;2020-10-04;2020-10-06 12:07:05;˜ ˜˜˜˜˜˜;LWR
3864;999519931;M;37;˜˜;4629;2017-01-24;2017-01-26 13:21:38;˜˜˜˜˜˜˜˜˜˜˜ ˜˜˜;LWR
3865;769862655;F;31;˜˜;1203;2019-01-11;2019-01-14 12:05:32;˜˜˜˜˜˜˜˜˜˜ ˜˜˜;LWR
3866;514003645;F;37;˜˜;694;2021-06-29;2021-07-03 12:32:08;˜˜˜˜˜˜˜˜˜˜˜˜˜ ˜˜˜;LWR
3867;155622262;M;37;˜˜;0;2023-10-29;2023-10-29 23:20:30;˜˜˜˜˜˜˜˜ ˜˜˜;LWR
3868;909745636;M;44;˜˜;1712;2024-04-04;2024-04-04 20:41:49;˜˜˜˜˜˜˜˜˜˜ ˜˜˜;LWR
3869;1198683076;F;69;˜˜;462;2022-10-10;2022-10-14 08:23:08;˜˜˜˜˜˜˜˜˜ ˜˜˜;LWR
3870;563729695;F;32;˜˜;555;2024-01-28;2024-01-28 09:20:46;˜˜˜˜ ˜˜˜˜˜˜˜˜˜˜;LWR
3871;160701720;M;28;˜˜;555;2018-08-04;2019-01-19 08:45:44;˜˜˜˜˜˜˜˜ ˜˜˜;LWR
3872;261425045;F;52;˜˜;277;2010-01-28;2016-03-11 08:21:29;˜˜˜˜ ˜˜˜˜˜˜˜˜;LWR
3873;845156012;F;83;˜˜;0;2025-01-15;2025-01-17 15:11:58;0;LWR
3874;1005031589;M;22;˜˜;601;2021-08-10;2022-08-13 10:57:14;˜ ˜˜˜˜˜˜;LWR
3875;3642094;F;27;˜˜;0;2024-11-18;2024-11-19 18:21:33;0;LWR
3876;856377516;F;29;˜˜;462;2020-11-01;2020-11-02 17:00:21;˜˜˜˜˜˜˜˜˜ ˜˜˜;LWR
3877;403362332;M;37;˜˜;555;2021-07-16;2022-02-09 17:02:32;˜ ˜˜˜˜˜˜;LWR
3878;848629143;M;45;˜˜˜˜˜˜˜;0;2022-09-17;2022-09-18 23:07:29;˜ ˜˜˜˜˜˜;LWR
3879;611080593;M;21;˜˜˜˜˜˜˜˜;694;2022-01-31;2022-02-08 21:22:54;˜ ˜˜˜˜˜˜;LWR
3880;592161744;M;51;˜˜;1375;2024-10-23;2024-10-23 03:04:05;0;LWR
3881;517731202;M;37;˜˜;925;2024-10-21;2024-10-09 13:53:17;˜˜˜˜˜ ˜˜˜˜˜˜;LWR
3882;1198010557;F;71;˜˜;0;2020-11-17;2020-11-25 13:54:24;0;LWR
3883;824013993;F;37;˜˜;555;2018-03-22;2021-06-13 13:22:06;˜˜˜˜˜˜˜˜˜ ˜˜˜;LWR
3884;827895084;M;21;˜˜;462;2021-04-18;2022-02-07 22:33:14;˜˜˜˜˜˜˜˜˜˜ ˜˜˜;LWR
3885;1286161188;F;49;˜˜;0;2022-02-26;2022-02-26 23:41:10;0;LWR
3886;141478605;M;39;˜˜;925;2020-01-29;2020-06-03 10:40:08;˜˜˜˜˜˜˜˜˜ ˜˜˜˜;LWR
3887;803358202;M;24;˜˜˜˜˜˜˜˜˜;925;2020-06-02;2020-06-04 11:21:21;˜˜˜˜˜˜˜˜˜˜˜˜˜ ˜˜˜;MED
3888;517008224;F;39;˜˜;740;2018-10-09;2019-08-20 12:44:08;˜˜˜˜˜˜˜˜˜ ˜˜˜;LWR
3889;277312603;M;22;˜˜;1851;2021-06-24;2021-06-30 12:07:37;˜˜˜˜˜˜˜˜˜ ˜˜˜;LWR
3890;784421386;F;41;˜˜;0;2020-05-06;2020-06-19 09:11:36;˜˜˜˜˜˜˜ ˜˜˜˜˜˜˜˜˜˜˜;MED
3891;689951988;F;20;˜˜;277;2023-08-03;2023-08-06 10:51:10;0;LWR
3892;273630961;M;36;˜˜;0;2023-09-16;2023-09-16 12:21:47;˜˜˜˜˜˜˜˜˜˜ ˜˜˜;LWR
3893;817175175;F;45;˜˜;3333;2024-05-30;2024-05-30 19:10:51;˜˜˜˜˜˜˜˜˜˜˜˜ ˜˜˜;LWR
3894;556077209;F;34;˜˜;231;2018-12-05;2018-12-06 16:04:05;˜ ˜˜˜˜˜˜;LWR
3895;1000561649;M;39;˜˜;1111;2023-07-06;2023-07-10 10:20:20;˜˜˜˜˜˜˜˜˜˜ ˜˜˜;LWR
3896;1026312670;F;49;˜˜;462;2023-08-23;2019-10-29 15:43:30;˜˜˜˜˜˜˜˜˜˜˜˜ ˜˜˜;LWR
3897;1020786795;M;27;˜˜;0;2021-02-12;2021-02-12 17:39:25;˜˜˜˜˜˜˜˜˜˜˜˜˜ ˜˜˜˜;LWR
3898;968123726;M;25;˜˜;370;2020-04-06;2020-04-29 16:56:24;˜˜˜˜˜˜˜˜˜˜˜˜ ˜˜˜;LWR
3899;1006247765;F;27;˜˜;1388;2020-08-17;2020-08-21 11:03:01;˜˜˜˜˜˜˜˜˜˜˜˜˜ ˜˜˜˜;LWR
3900;961626356;M;41;˜˜;3240;2013-03-03;2017-11-30 08:50:57;˜˜˜˜˜˜˜˜˜˜˜˜ ˜˜˜˜;LWR
3901;939836226;M;61;˜˜;0;2022-01-31;2022-02-08 13:49:17;0;LWR
3902;284036998;M;36;˜˜;925;2021-05-26;2021-06-10 04:53:28;˜˜˜˜ ˜˜˜˜ (˜˜˜˜˜˜);LWR
3903;851677903;M;39;˜˜;1203;2017-08-05;2017-08-09 15:46:03;˜ ˜˜˜˜˜-˜˜˜˜˜˜˜˜˜;LWR
3904;674933524;M;40;˜˜;879;2021-12-11;2022-02-12 18:13:06;˜ ˜˜˜˜˜-˜˜˜˜˜˜˜˜˜;LWR
3905;748035507;M;75;˜˜;0;2024-12-17;2025-02-01 12:42:57;˜˜˜˜ ˜˜˜˜˜˜˜˜˜˜˜˜;LWR
3906;140679891;F;27;˜˜;740;2017-11-26;2017-11-30 11:17:32;˜˜˜˜˜˜˜˜˜˜ ˜˜˜;LWR
3907;723062955;M;54;˜˜;694;2020-12-27;2020-12-27 22:02:47;˜ ˜˜˜˜˜˜;LWR
3908;519237856;F;43;˜˜;1388;2017-10-30;2023-02-13 12:42:55;˜˜˜˜˜˜˜˜˜˜ ˜˜˜;MED
3909;321562508;M;30;˜˜;833;2021-01-21;2021-01-21 16:50:51;˜˜˜˜˜˜˜˜˜˜˜˜ ˜˜˜˜;LWR
3910;253529695;M;32;˜˜;162;2022-03-28;2022-03-28 16:26:44;˜˜˜˜˜˜˜˜˜ ˜˜˜˜˜˜˜˜˜˜ - ˜˜˜˜˜˜˜;LWR
3911;1162936524;F;27;˜˜;925;2023-06-11;2023-07-12 14:31:50;˜˜˜˜˜˜˜˜˜˜ ˜˜˜;LWR
3912;377194154;M;33;˜˜;648;2025-03-16;2025-03-16 18:17:21;0;LWR
3913;1205095565;M;37;˜˜;2314;2023-08-09;2023-06-19 15:10:31;˜˜˜˜˜˜˜˜˜˜˜˜ ˜˜˜;LWR
3914;1034912671;M;32;˜˜;1111;2023-08-23;2023-08-24 19:40:35;˜˜˜˜˜˜˜˜˜ ˜˜˜;LWR
3915;753030522;F;29;˜˜;277;2022-05-25;2022-05-25 14:31:21;˜˜˜˜˜˜˜˜˜˜ ˜˜˜;LWR
3916;517011352;M;41;˜˜;0;2024-08-15;2024-08-17 10:11:24;˜˜˜˜˜˜˜˜˜ ˜˜˜;LWR
3917;237643232;M;28;˜˜;555;2020-03-14;2020-03-21 14:35:25;˜˜˜˜˜˜˜˜˜˜˜˜ ˜˜˜;LWR
3918;898719778;F;31;˜˜;370;2019-12-02;2019-12-05 17:14:57;˜˜˜˜˜˜˜˜˜˜˜˜˜ ˜˜˜˜;MED
3919;156038949;F;42;˜˜;879;2021-02-12;2021-02-12 12:22:14;˜˜˜˜ ˜˜˜˜˜˜˜˜˜˜˜˜;LWR
3920;1018699509;F;27;˜˜;462;2021-03-16;2021-03-23 19:31:22;˜˜˜˜ ˜˜˜˜˜˜˜˜˜˜;LWR
3921;389949503;F;29;˜˜;462;2021-01-26;2022-02-21 13:36:35;˜˜˜˜˜˜˜˜˜˜˜˜˜ ˜˜˜;LWR
3922;815871794;F;28;˜˜;1111;2020-10-01;2020-10-12 05:10:57;˜˜˜˜˜˜ ˜˜˜;LWR
3923;870922638;M;29;˜˜;1620;2022-01-19;2022-06-17 17:35:48;˜˜˜˜ ˜˜˜˜˜˜˜˜˜˜˜˜;LWR
3924;515227699;M;32;˜˜;514;2024-12-19;2024-12-22 13:45:34;˜˜˜˜˜˜˜˜˜˜ ˜˜˜;LWR
3925;815173146;F;42;˜˜;0;2024-10-11;2024-10-13 10:51:08;˜˜˜˜˜˜˜˜˜˜˜˜˜ ˜˜˜˜;LWR
3926;732710935;F;29;˜˜;509;2021-06-25;2022-02-17 18:40:14;˜˜˜˜˜˜˜˜˜˜˜ ˜˜˜;LWR
3927;154158264;F;23;˜˜;555;2022-05-06;2022-05-15 21:00:28;˜˜˜˜ ˜˜˜˜˜˜˜˜˜;LWR
3928;534015519;F;30;˜˜;217;2018-04-18;2018-04-20 13:41:33;˜˜˜˜ ˜˜˜˜˜˜˜˜˜˜˜˜;LWR
3929;686139981;M;33;˜˜;0;2018-09-25;2018-09-27 14:59:59;˜ ˜˜˜˜˜˜;LWR
3930;132898054;M;54;˜˜;925;2019-02-01;2019-02-04 12:27:30;˜˜˜˜˜˜˜˜ ˜˜˜˜;LWR
3931;646446504;M;21;˜˜;231;2022-03-04;2022-03-04 22:36:01;˜ ˜˜˜˜˜˜;LWR
3932;149376729;F;27;˜˜;462;2024-05-10;2024-05-11 09:36:43;˜ ˜˜˜˜˜˜;LWR
3933;286746156;M;33;˜˜;462;2018-08-15;2018-08-19 19:20:14;˜˜˜˜˜˜˜˜˜˜ ˜˜˜;LWR
3934;517470745;M;32;˜˜;1666;2019-01-26;2019-02-06 08:44:30;˜ ˜˜˜˜˜-˜˜˜˜˜˜˜˜˜;LWR
3935;788894846;F;28;˜˜;277;2021-12-22;2022-02-08 15:38:10;˜˜˜˜˜˜˜˜˜˜˜˜˜ ˜˜˜˜;LWR
3936;810810638;M;34;˜˜;277;2023-03-03;2023-03-03 19:59:07;˜˜˜˜˜˜˜˜˜˜˜ ˜˜˜;LWR
3937;892934585;F;22;˜˜;1851;2021-01-21;2023-06-04 21:13:45;˜ ˜˜˜˜˜˜;LWR
3938;608978039;F;18;˜˜;0;2024-03-08;2024-03-13 20:45:26;0;LWR
3939;625018174;F;38;˜˜;416;2020-11-09;2023-05-19 12:13:39;˜˜˜˜˜˜˜˜˜˜˜˜ ˜˜˜;LWR
3940;324107832;M;45;˜˜;462;2023-08-26;2022-04-11 19:35:13;˜˜˜˜˜˜˜˜˜˜˜ ˜˜˜;LWR
3941;698491513;F;27;˜˜;462;2018-05-23;2023-04-28 19:20:43;˜˜˜˜˜˜˜˜˜˜˜ ˜˜˜;LWR
3942;722320641;F;33;˜˜;462;2020-11-25;2020-11-25 11:39:28;˜˜˜˜˜˜˜˜˜˜ ˜˜˜;LWR
3943;999908403;M;59;˜˜;416;2008-06-26;2021-01-02 08:36:32;˜˜˜˜˜˜˜˜˜˜˜˜ ˜˜˜;LWR
3944;1208839147;M;38;˜˜;5648;2019-02-05;2019-10-30 18:15:18;˜˜˜˜˜˜˜˜˜˜ ˜˜˜;LWR
3945;213586648;F;47;˜˜;370;2020-11-02;2020-11-02 19:26:45;˜ ˜˜˜˜˜-˜˜˜˜˜˜˜˜˜;LWR
3946;1195196338;F;40;˜˜;416;2024-09-26;2024-08-23 10:26:37;˜˜˜˜˜˜˜˜˜˜˜ ˜˜˜;LWR
3947;1004208863;M;41;˜˜;0;2023-03-05;2023-03-05 16:50:14;0;LWR
3948;999681143;F;20;˜˜;740;2022-09-29;2022-09-29 15:51:53;˜˜˜˜˜˜˜˜˜ ˜˜˜;LWR
3949;695767851;F;31;˜˜;1388;2023-05-11;2023-05-11 14:14:31;˜˜˜˜˜˜˜˜˜˜˜˜˜ ˜˜˜;LWR
3950;155220892;M;32;˜˜;1120;2019-03-01;2022-07-19 12:53:37;˜˜˜˜˜˜˜˜˜˜˜ ˜˜˜;LWR
3951;391695126;M;36;˜˜;925;2023-04-08;2023-04-08 14:09:35;˜˜˜˜ ˜˜˜˜˜˜˜˜ ˜˜˜˜˜˜ - ˜˜˜˜˜˜;LWR
3952;1017740467;F;29;˜˜;1388;2017-06-06;2019-04-22 15:06:38;˜˜˜˜˜˜˜˜˜˜˜˜˜ ˜˜˜;LWR
3953;960975630;F;24;˜˜;0;2021-09-27;2022-02-09 20:06:06;0;LWR
3954;1167392680;M;38;˜˜;925;2017-04-04;2017-04-06 21:35:51;˜˜˜˜˜ ˜˜˜˜˜˜;LWR
3955;1058354738;F;33;˜˜;555;2019-05-27;2019-05-28 13:46:55;˜ ˜˜˜˜˜˜;LWR
3956;776416072;M;20;˜˜;787;2020-03-07;2023-03-01 20:04:18;˜˜˜˜˜˜˜˜˜˜˜˜˜ ˜˜˜;LWR
3957;974544506;M;35;˜˜;462;2012-04-02;2020-09-17 18:52:43;˜ ˜˜˜˜˜-˜˜˜˜˜˜˜˜˜;LWR
3958;536100205;M;31;˜˜;416;2018-09-17;2018-09-22 08:27:13;˜˜˜˜˜˜˜˜˜˜˜ ˜˜˜˜˜˜˜ - ˜˜˜˜˜˜˜;LWR
3959;944715817;M;25;˜˜;740;2021-01-12;2021-01-12 11:57:49;˜ ˜˜˜˜˜˜;LWR
3960;705198157;F;22;˜˜;370;2023-02-27;2023-02-27 19:21:17;˜˜˜˜˜˜˜˜˜˜˜˜ ˜˜˜˜;LWR
3961;158284441;M;45;˜˜;555;2017-08-31;2017-09-13 13:40:36;˜˜˜˜˜˜˜˜˜˜˜˜˜ ˜˜˜;LWR
3962;267626093;M;29;˜˜;2037;2019-01-20;2023-11-24 17:13:29;˜˜˜˜˜˜˜˜˜˜˜˜˜ ˜˜˜˜;LWR
3963;137982512;F;48;˜˜;1111;2023-08-14;2023-08-16 20:36:05;˜ ˜˜˜˜˜-˜˜˜˜˜˜˜˜˜;LWR
3964;239010114;F;22;˜˜;1296;2021-07-19;2022-02-08 04:59:21;˜˜˜˜ ˜˜˜˜˜˜˜˜˜˜;LWR
3965;375374126;F;36;˜˜;2314;2018-08-09;2018-08-11 16:45:35;˜ ˜˜˜˜˜˜;LWR
3966;622460514;F;57;˜˜;416;2010-02-26;2013-04-26 23:13:35;˜˜˜˜˜˜˜˜˜˜˜˜˜ ˜˜˜;LWR
3967;845574444;M;28;˜˜;1851;2021-04-27;2021-05-21 11:33:45;˜˜˜˜˜˜˜˜ ˜˜˜˜;LWR
3968;427093980;M;29;˜˜;0;2017-06-14;2017-06-16 20:53:06;˜˜˜˜˜˜˜˜ ˜˜˜;LWR
3969;138649052;M;35;˜˜;833;2017-12-13;2017-12-15 09:49:16;˜˜˜˜˜˜ ˜˜˜;LWR
3970;1014975478;F;33;˜˜;0;2022-10-13;2022-10-13 22:40:16;˜ ˜˜˜˜˜˜;LWR
3971;3620648;F;38;˜˜;555;2024-05-28;2024-05-30 17:07:13;˜˜˜˜˜˜˜˜˜˜ ˜˜˜;LWR
3972;539786803;F;48;˜˜;0;2023-07-07;2023-07-07 10:14:32;0;MED
3973;152570701;F;61;˜˜;0;2025-02-13;2025-02-15 16:02:02;˜˜˜˜˜˜˜˜˜˜˜˜˜ ˜˜˜;LWR
3974;356286006;M;65;˜˜˜˜˜˜˜˜˜;0;2019-09-13;2019-09-16 13:37:18;˜ ˜˜˜˜˜˜;LWR
3975;945494386;M;47;˜˜;740;2021-10-29;2021-11-02 14:45:58;˜˜˜˜˜˜˜˜˜˜˜˜˜ ˜˜˜;LWR
3976;511144545;F;30;˜˜;0;2022-06-03;2022-06-03 18:07:59;0;LWR
3977;974435587;M;42;˜˜;555;2019-07-11;2022-02-08 05:22:49;˜˜˜˜˜˜˜˜ ˜˜˜˜;LWR
3978;361457049;M;39;˜˜;740;2022-10-11;2022-10-11 14:17:47;˜˜˜˜˜˜˜˜˜˜˜˜ ˜˜˜;LWR
3979;326046611;M;28;˜˜;925;2020-01-10;2022-06-29 09:17:59;˜˜˜˜˜˜˜˜˜˜ ˜˜˜;LWR
3980;1020535035;F;53;˜˜;462;2021-11-03;2022-07-25 00:47:24;˜˜˜˜˜˜˜˜˜˜ ˜˜˜;LWR
3981;1007260911;F;54;˜˜;925;2018-10-08;2022-07-23 21:00:07;˜ ˜˜˜˜˜˜;LWR
3982;1029666077;M;54;˜˜;0;2021-10-04;2021-10-17 16:23:40;0;LWR
3983;261108304;F;32;˜˜;2314;2023-05-20;2023-05-22 09:33:39;˜˜˜˜˜˜ ˜˜˜;LWR
3984;906845666;M;65;˜˜;222;2017-04-28;2023-11-12 20:31:31;˜˜˜ ˜˜˜˜˜˜˜˜;LWR
3985;243465512;M;59;˜˜;0;2021-09-12;2022-02-14 16:03:08;˜˜˜˜˜˜˜˜˜ ˜˜˜;LWR
3986;338178652;M;34;˜˜;0;2021-08-28;2022-02-12 11:58:59;0;LWR
3987;515547797;F;30;˜˜;925;2018-09-26;2018-09-27 11:29:17;˜˜˜˜˜˜˜˜˜˜ ˜˜˜;LWR
3988;374598383;F;44;˜˜;1851;2022-02-03;2022-02-08 17:55:55;˜ ˜˜˜˜˜˜;LWR
3989;778045715;F;43;˜˜;0;2019-01-09;2019-01-10 18:10:23;˜ ˜˜˜˜˜˜˜˜˜˜˜;LWR
3990;1051047044;F;25;˜˜;1111;2021-02-16;2021-02-16 07:58:22;˜˜˜˜˜˜˜˜˜˜˜ ˜˜˜;LWR
3991;539922216;M;16;˜˜;0;2022-06-07;2022-06-07 12:32:05;0;LWR
3992;843851185;M;53;˜˜;3500;2024-12-19;2025-01-15 10:11:17;˜˜˜˜˜˜˜˜˜˜˜ ˜˜˜;LWR
3993;1068625722;M;25;˜˜;1388;2021-09-03;2022-05-04 07:39:21;˜˜˜˜˜˜˜˜˜˜ ˜˜˜;LWR
3994;152935365;M;31;˜˜;740;2020-03-20;2020-03-21 20:16:18;˜˜˜˜˜˜˜˜˜˜ ˜˜˜;LWR
3995;790552198;M;39;˜˜;648;2023-06-24;2023-06-24 20:40:46;˜˜˜˜˜˜˜˜˜˜˜˜ ˜˜˜;LWR
3996;942594177;M;38;˜˜;0;2023-04-29;2023-04-29 21:59:39;˜˜˜˜˜˜˜ ˜˜˜;LWR
3997;792450226;M;31;˜˜˜˜˜˜˜˜;0;2023-03-02;2023-03-02 23:42:02;˜ ˜˜˜˜˜˜;LWR
3998;695811766;M;47;˜˜;462;2023-10-19;2023-10-19 21:28:07;˜˜˜˜˜˜˜˜˜˜ ˜˜˜;LWR
3999;265127215;M;32;˜˜;462;2022-04-25;2022-04-25 16:02:22;˜˜˜˜˜˜˜˜˜˜ ˜˜˜;LWR
4000;998977676;F;28;˜˜;0;2019-09-17;2019-09-18 14:53:50;˜˜˜˜˜˜˜˜˜˜ ˜˜˜;LWR
4001;909779947;M;47;˜˜;555;2015-03-16;2021-07-05 16:07:42;˜˜˜˜˜˜˜˜˜˜ ˜˜˜;LWR
4002;363956308;F;50;˜˜;555;2022-12-25;2022-12-27 15:42:29;˜˜˜˜˜˜˜˜˜˜˜˜˜ ˜˜˜˜;LWR
4003;938142447;F;45;˜˜;277;2024-02-16;2024-02-19 14:30:14;0;LWR
4004;617236632;M;25;˜˜;555;2023-04-13;2023-04-16 15:38:02;˜ ˜˜˜˜˜-˜˜˜˜˜˜˜˜˜;LWR
4005;542011332;M;21;˜˜;370;2022-09-20;2022-09-25 10:11:24;˜˜˜˜˜˜˜˜˜˜ ˜˜˜;LWR
4006;527390403;M;41;˜˜;0;2022-12-11;2022-12-13 07:41:48;0;LWR
4007;809945154;F;61;˜˜;370;2019-02-27;2024-09-06 12:00:14;˜˜˜˜ ˜˜˜˜;LWR
4008;693327161;M;21;˜˜˜˜˜˜˜˜˜˜;0;2023-10-01;2023-10-02 12:34:11;˜ ˜˜˜˜˜˜;LWR
4009;212219953;M;28;˜˜;0;2019-06-25;2019-12-05 15:25:28;˜˜˜˜˜˜˜˜˜ ˜˜˜;LWR
4010;909747976;M;35;˜˜;138;2019-10-23;2019-11-18 21:30:03;˜˜˜˜ ˜˜˜˜˜˜˜˜;LWR
4011;145196818;M;30;˜˜;1388;2024-12-19;2025-01-07 15:58:07;˜˜˜˜˜˜˜˜ ˜˜˜;LWR
4012;273734148;F;47;˜˜;925;2020-01-30;2023-12-03 17:14:09;˜˜˜˜ ˜˜˜˜˜˜˜˜˜;LWR
4013;231336267;M;38;˜˜;1111;2021-09-30;2021-09-30 14:05:27;˜˜˜˜˜-˜˜˜˜˜˜˜˜ ˜˜;LWR
4014;1023638381;F;45;˜˜;462;2017-09-28;2017-10-01 16:56:46;˜˜˜˜˜˜˜˜˜˜˜˜˜ ˜˜˜;LWR
4015;125009743;F;51;˜˜;925;2023-09-30;2023-09-30 12:11:28;˜˜˜˜˜-˜˜˜˜˜˜˜˜ ˜˜;LWR
4016;138892385;F;20;˜˜;0;2022-04-20;2022-04-25 14:07:37;0;LWR
4017;601784582;F;27;˜˜;277;2021-06-29;2022-02-08 07:52:58;˜˜˜˜˜˜˜˜˜˜˜˜ ˜˜˜˜;LWR
4018;1216735162;F;33;˜˜;157;2023-10-25;2023-10-11 11:11:20;˜˜˜˜˜˜˜˜˜˜˜ ˜˜˜;LWR
4019;158701958;M;49;˜˜;740;2021-12-03;2022-02-08 11:07:58;0;LWR
4020;161151171;M;53;˜˜;277;2023-04-20;2023-04-20 20:16:49;˜˜˜˜ ˜˜˜˜˜˜˜˜˜˜;LWR
4021;754760292;M;41;˜˜;0;2015-07-06;2015-07-08 12:58:41;˜˜˜˜ ˜˜˜˜˜˜˜˜˜;LWR
4022;1148366712;F;40;˜˜;2314;2021-06-29;2021-06-29 18:58:53;˜˜˜˜˜˜˜˜˜˜˜˜ ˜˜˜˜;LWR
4023;160899902;M;44;˜˜;0;2025-03-05;2025-03-05 09:32:11;0;LWR
4024;622627300;M;20;˜˜˜˜˜˜˜˜˜˜;0;2023-06-26;2023-06-27 13:15:54;˜ ˜˜˜˜˜-˜˜˜˜˜˜˜˜˜;LWR
4025;282008466;F;26;˜˜;2916;2023-09-05;2023-02-01 16:58:04;˜˜˜˜ ˜˜˜˜˜˜˜˜˜;LWR
4026;862429663;M;46;˜˜;2777;2022-12-19;2024-06-20 20:41:16;˜˜˜˜˜˜˜˜˜˜˜ ˜˜˜;LWR
4027;1079584132;M;37;˜˜;1388;2019-04-18;2019-04-24 13:16:24;˜ ˜˜˜˜˜˜;LWR
4028;746813119;F;45;˜˜;0;2012-02-09;2012-07-01 21:35:14;˜˜˜˜˜˜˜˜˜˜ ˜˜˜;LWR
4029;899747896;M;25;˜˜;1064;2021-05-28;2022-02-09 11:01:47;˜˜˜˜˜˜˜˜˜˜ ˜˜˜;LWR
4030;519263255;F;40;˜˜;345;2022-06-30;2022-06-30 15:55:05;0;MED
4031;1187431187;M;34;˜˜;0;2021-09-19;2022-02-11 18:05:03;0;LWR
4032;756845311;F;35;˜˜;370;2020-09-29;2020-09-19 06:41:40;˜˜˜˜˜˜˜˜˜˜˜˜ ˜˜˜;LWR
4033;423291662;M;20;˜˜;0;2022-06-04;2022-06-04 18:18:08;0;LWR
4034;329022559;M;23;˜˜˜˜˜˜˜˜;0;2019-09-04;2019-09-05 20:22:12;˜˜˜˜˜˜˜˜˜˜ ˜˜˜;LWR
4035;248293111;M;28;˜˜;277;2022-06-25;2022-06-25 15:55:54;0;LWR
4036;561442528;M;22;˜˜;601;2021-01-28;2021-01-30 19:15:52;0;LWR
4037;674443484;F;36;˜˜;0;2020-04-24;2020-04-25 11:46:00;˜ ˜˜˜˜˜˜;LWR
4038;262639609;F;52;˜˜;231;2022-10-05;2022-10-05 11:14:03;0;LWR
4039;210279759;F;35;˜˜;231;2022-06-13;2022-06-13 04:33:42;˜˜˜˜˜˜˜˜˜˜˜˜˜ ˜˜˜˜;LWR
4040;952580324;M;21;˜˜;0;2021-10-24;2022-02-09 03:56:05;˜˜˜˜˜˜˜˜˜ ˜˜˜˜˜˜˜˜˜˜ - ˜˜˜˜˜˜˜;LWR
4041;802963607;F;18;˜˜;694;2020-12-24;2020-12-24 20:43:40;0;LWR
4042;323020265;M;38;˜˜;740;2016-04-19;2016-06-23 19:16:40;˜˜˜˜˜˜˜˜˜˜˜˜ ˜˜˜˜;LWR
4043;856935171;M;64;˜˜;740;2023-04-16;2023-04-16 01:54:55;˜˜˜˜˜˜˜˜˜˜˜ ˜˜˜˜;LWR
4044;1058335075;F;48;˜˜;277;2023-02-19;2023-02-20 00:39:59;˜˜˜˜˜˜˜˜˜˜˜˜˜˜˜ ˜˜˜;LWR
4045;504898170;M;30;˜˜;0;2019-05-13;2019-05-14 13:38:24;˜˜˜˜˜˜˜˜˜ ˜˜˜;LWR
4046;1012136857;F;35;˜˜;648;2021-11-26;2022-02-11 04:37:54;˜˜˜˜ ˜˜˜˜˜˜˜;LWR
4047;755247706;F;53;˜˜;1851;2012-04-05;2015-11-11 13:35:24;˜˜˜˜˜˜;LWR
4048;1068605469;F;25;˜˜;231;2021-04-18;2021-07-30 13:25:48;˜˜˜˜˜˜˜˜˜˜˜˜˜ ˜˜˜;LWR
4049;760419929;M;41;˜˜;1250;2016-11-05;2019-06-11 07:51:48;˜˜˜˜ ˜˜˜˜˜;MED
4050;342129095;M;27;˜˜;2685;2019-10-17;2019-10-22 20:24:17;˜˜˜˜ ˜˜˜˜˜˜˜˜˜;LWR
4051;599169315;M;33;˜˜;1111;2017-11-17;2017-11-19 15:43:17;˜˜˜˜˜ ˜˜˜˜˜˜;LWR
4052;1034714765;F;37;˜˜;0;2020-05-24;2020-05-25 17:22:51;˜˜˜˜˜˜˜˜˜˜ ˜˜˜;LWR
4053;356709295;F;36;˜˜;0;2019-12-15;2019-12-20 11:00:21;0;LWR
4054;352496688;M;24;˜˜;0;2021-11-04;2022-02-16 19:22:18;˜˜˜˜ ˜˜˜˜;LWR
4055;908934375;M;34;˜˜;462;2020-11-15;2020-11-16 16:31:59;˜˜˜˜˜˜˜˜˜ ˜˜˜˜˜˜˜˜˜˜ - ˜˜˜˜˜˜˜;LWR
4056;1025905751;F;28;˜˜;1703;2021-08-21;2024-03-19 07:10:26;˜˜˜˜˜˜˜˜˜˜ ˜˜˜˜;LWR
4057;1051575226;F;20;˜˜;0;2021-09-23;2022-02-11 22:40:35;0;LWR
4058;867170786;M;63;˜˜;462;2017-12-25;2017-12-28 12:13:53;˜ ˜˜˜˜˜-˜˜˜˜˜˜˜˜˜;LWR
4059;518546658;F;20;˜˜;509;2020-10-09;2020-10-14 11:45:02;˜˜˜˜˜˜˜˜˜˜˜˜ ˜˜˜˜;LWR
4060;534649159;F;44;˜˜;0;2023-04-11;2023-04-13 09:15:04;˜ ˜˜˜˜˜˜;LWR
4061;1057283919;M;40;˜˜;601;2013-05-15;2016-03-22 13:49:54;˜˜˜˜˜˜˜˜ ˜˜˜;LWR
4062;106923950;M;33;˜˜;740;2018-01-30;2018-02-01 13:57:28;˜˜˜˜˜˜˜˜˜˜˜˜ ˜˜˜˜;LWR
4063;276543843;M;26;˜˜;833;2018-08-14;2021-02-21 10:58:46;˜˜˜˜˜˜˜˜˜˜˜ ˜˜˜;LWR
4064;561435659;M;35;˜˜;1759;2013-07-30;2019-07-01 08:48:51;˜ ˜˜˜˜˜˜;LWR
4065;219746235;F;31;˜˜;925;2019-10-15;2019-10-16 18:00:23;˜ ˜˜˜˜˜˜;LWR
4066;863119443;M;46;˜˜;925;2021-10-23;2022-02-08 17:32:39;˜˜˜˜ ˜˜˜˜˜˜˜˜˜;LWR
4067;684309729;F;28;˜˜;509;2020-10-28;2020-10-28 10:10:19;˜˜˜˜˜˜˜˜˜˜˜˜˜ ˜˜˜;LWR
4068;260604321;F;40;˜˜;833;2018-12-17;2021-04-02 10:07:41;˜˜˜˜˜˜˜˜ ˜˜˜˜;LWR
4069;260859042;M;47;˜˜;1574;2019-04-15;2019-04-22 20:48:23;˜˜˜˜˜˜˜˜˜˜˜˜˜ ˜˜˜˜;LWR
4070;1098435656;M;46;˜˜;3240;2016-02-03;2016-02-09 14:54:35;˜˜˜˜˜˜˜˜˜˜ ˜˜˜;LWR
4071;554166767;M;24;˜˜;740;2020-04-23;2020-04-23 09:53:10;˜˜˜˜˜˜˜˜˜˜ ˜˜˜;LWR
4072;154703056;F;15;˜˜;0;2025-02-11;2025-02-12 14:19:27;0;LWR
4073;370363818;M;38;˜˜;2777;2020-08-11;2020-08-11 16:45:23;˜˜˜˜˜-˜˜˜˜˜˜˜˜˜˜ ˜˜˜˜˜˜˜˜˜˜ ˜˜˜˜˜ - ˜˜˜˜ ˜˜;LWR
4074;424846566;F;62;˜˜;1634;2018-09-03;2018-09-21 06:21:43;˜˜˜˜˜˜˜˜˜˜˜˜˜ ˜˜˜;LWR
4075;755265551;M;33;˜˜;0;2025-03-01;2025-03-01 13:07:08;0;LWR
4076;646947301;M;55;˜˜;925;2015-04-30;2015-05-06 17:05:53;˜ ˜˜˜˜˜˜;LWR
4077;1072413003;M;39;˜˜;370;2018-06-30;2018-07-03 13:18:41;˜˜˜˜ ˜˜˜˜˜˜˜˜˜˜;LWR
4078;749899589;F;21;˜˜;509;2022-07-02;2022-07-05 18:29:14;˜ ˜˜˜˜˜˜;LWR
4079;398787734;M;35;˜˜;0;2017-05-12;2017-05-14 09:46:13;˜˜˜˜˜˜;LWR
4080;319049113;M;34;˜˜;1000;2019-01-29;2020-09-05 16:43:15;˜˜˜˜ ˜˜˜˜˜˜˜˜ ˜˜˜˜˜˜ - ˜˜˜˜˜˜;MED
4081;1058260684;M;38;˜˜;648;2019-12-15;2023-11-06 13:10:07;˜˜˜˜˜˜˜˜˜˜ ˜˜˜;LWR
4082;522827015;M;39;˜˜;787;2018-11-14;2018-11-16 16:47:41;˜˜˜˜ ˜˜˜˜˜˜˜˜˜;LWR
4083;600297372;F;22;˜˜;555;2022-09-03;2022-09-03 21:07:02;˜˜˜˜˜˜˜˜˜˜ ˜˜˜;LWR
4084;1042795080;M;36;˜˜;925;2021-11-05;2022-02-11 14:02:59;˜ ˜˜˜˜˜-˜˜˜˜˜˜˜˜˜;LWR
4085;910261297;F;28;˜˜;0;2021-10-25;2021-11-03 16:42:52;˜˜˜˜˜˜˜˜˜˜˜˜˜ ˜˜˜;LWR
4086;812941161;M;38;˜˜;2314;2021-07-24;2021-07-24 12:22:34;˜˜˜˜ ˜˜˜˜˜˜˜˜;LWR
4087;137069130;M;25;˜˜;740;2022-02-24;2022-02-24 08:18:33;˜˜˜˜ ˜˜˜˜˜˜˜˜˜˜;LWR
4088;373709866;M;44;˜˜;9240;2013-10-07;2024-03-21 02:23:28;˜˜˜˜ ˜˜˜˜ /˜˜˜˜˜˜/;LWR
4089;1208891830;F;33;˜˜;0;2023-04-07;2023-04-15 16:25:17;˜˜˜˜˜˜˜˜˜˜ ˜˜˜;LWR
4090;163349404;F;31;˜˜;0;2022-04-05;2022-04-06 08:23:27;˜ ˜˜˜˜˜˜;LWR
4091;653411259;F;29;˜˜;462;2022-06-03;2022-06-03 22:26:03;˜˜˜˜˜˜˜˜˜˜˜˜˜˜ ˜˜˜˜;LWR
4092;755014389;M;15;˜˜;0;2025-02-12;2025-02-12 13:05:46;0;LWR
4093;398000216;F;41;˜˜;435;2018-10-24;2021-03-26 14:22:16;˜ ˜˜˜˜˜-˜˜˜˜˜˜˜˜˜;LWR
4094;858918900;F;64;˜˜;0;2015-03-21;2015-03-24 22:37:44;˜ ˜˜˜˜˜˜;LWR
4095;976266970;M;20;˜˜;518;2022-08-10;2022-08-10 01:39:06;0;LWR
4096;330461662;M;36;˜˜;925;2019-09-19;2019-09-23 06:36:30;˜˜˜˜ ˜˜˜˜˜˜˜;LWR
4097;697135610;M;35;˜˜˜˜˜˜˜˜;763;2024-04-16;2024-06-19 19:26:03;˜ ˜˜˜˜˜˜;LWR
4098;756587851;M;50;˜˜;925;2017-08-23;2021-04-23 07:30:18;˜˜˜˜˜˜˜˜˜˜˜˜˜ ˜˜˜;LWR
4099;727303102;M;41;˜˜;1111;2021-10-25;2022-02-08 09:56:51;˜ ˜˜˜˜˜˜;LWR
4100;861801059;F;39;˜˜;1388;2022-08-10;2022-08-15 12:52:58;˜˜˜˜˜˜˜˜˜ ˜˜˜˜;LWR
4101;1198504419;F;52;˜˜;0;2022-03-11;2022-03-11 20:33:41;0;LWR
4102;952514207;F;26;˜˜;185;2021-07-13;2022-02-10 10:49:15;˜˜˜˜˜˜˜˜˜˜˜ ˜˜˜;LWR
4103;557302516;M;17;˜˜;0;2023-04-30;2023-04-30 17:17:24;0;LWR
4104;514411974;F;20;˜˜;555;2021-11-12;2022-04-04 06:05:49;˜˜˜˜˜˜˜˜˜ ˜˜˜;LWR
4105;530336439;F;36;˜˜;1574;2016-02-25;2017-07-04 11:38:55;˜˜˜˜˜˜˜˜˜˜˜˜˜ ˜˜˜˜;LWR
4106;992740143;F;38;˜˜;925;2024-12-19;2024-08-12 09:03:29;˜˜˜˜˜˜˜ ˜˜˜˜˜˜˜˜˜˜;LWR
4107;1863181;F;27;˜˜;462;2022-02-11;2022-09-25 11:15:44;˜˜˜˜ ˜˜˜˜˜˜˜˜˜;LWR
4108;1198803512;M;36;˜˜;4629;2012-04-17;2018-07-13 10:20:04;˜ ˜˜˜˜˜˜;LWR
4109;694785439;M;41;˜˜;0;2017-01-23;2020-02-21 17:18:22;˜ ˜˜˜˜˜˜;LWR
4110;849490560;F;34;˜˜;694;2012-04-11;2022-07-01 19:29:46;˜˜˜˜˜-˜˜˜˜˜˜˜˜˜˜ ˜˜˜˜˜˜˜˜˜˜ ˜˜˜˜˜ - ˜˜˜˜ ˜˜;LWR
4111;852580669;F;60;˜˜;509;2024-11-09;2024-11-10 10:47:59;˜˜˜˜˜˜˜˜˜˜˜ ˜˜˜;LWR
4112;283243466;M;41;˜˜;0;2018-02-14;2018-02-19 10:14:59;˜ ˜˜˜˜˜˜;LWR
4113;998401125;M;31;˜˜;574;2020-04-28;2024-08-27 11:02:44;˜˜˜˜˜˜˜˜˜˜˜ ˜˜˜;LWR
4114;946362201;F;25;˜˜;370;2022-03-19;2022-03-19 07:06:11;˜˜˜˜˜˜˜˜˜˜˜˜˜ ˜˜˜˜;LWR
4115;1045102044;M;24;˜˜;0;2022-02-05;2022-02-08 11:18:03;˜˜˜˜ ˜˜˜˜˜˜˜˜˜-˜˜˜˜˜˜˜˜˜˜;LWR
4116;2740925;M;30;˜˜;1574;2021-03-17;2021-03-17 13:29:12;˜˜˜˜˜˜˜˜ ˜˜˜;LWR
4117;901387490;F;28;˜˜;0;2022-10-12;2022-10-12 12:18:56;˜˜˜˜˜˜˜˜˜˜˜˜ ˜˜˜;LWR
4118;510724008;M;24;˜˜;0;2021-07-28;2022-02-09 00:00:08;0;LWR
4119;1013542095;M;26;˜˜;1851;2020-07-23;2020-07-25 21:41:30;˜˜˜˜˜˜˜˜˜˜˜˜˜ ˜˜˜;LWR
4120;1215685478;M;38;˜˜˜˜˜˜˜˜˜;833;2023-11-16;2023-11-16 22:20:07;˜˜˜˜˜˜ ˜˜˜;LWR
4121;1174010365;M;46;˜˜;833;2023-07-06;2023-07-06 04:34:47;˜˜˜˜˜˜˜˜ ˜˜˜;LWR
4122;701864733;M;44;˜˜;648;2022-08-09;2023-03-28 15:03:05;˜˜˜˜˜˜˜ ˜˜˜˜˜˜˜˜˜˜;LWR
4123;611010942;M;40;˜˜;0;2022-09-25;2022-09-25 14:00:49;0;LWR
4124;665309053;M;56;˜˜;0;2018-07-01;2018-08-03 13:20:18;˜˜˜˜˜˜˜˜˜˜˜˜˜ ˜˜˜˜;LWR
4125;800613920;F;21;˜˜;0;2022-04-24;2022-04-24 15:53:35;0;LWR
4126;542349444;M;35;˜˜;555;2017-10-03;2017-10-08 18:36:01;˜˜˜˜ ˜˜˜˜ /˜˜˜˜˜˜/;LWR
4127;1143334216;M;40;˜˜;833;2021-01-29;2021-02-03 08:18:46;˜˜˜˜˜˜˜˜˜˜˜ ˜˜˜˜˜˜˜ - ˜˜˜˜˜˜˜;LWR
4128;554626130;M;22;˜˜;3240;2021-05-20;2021-05-20 21:50:13;˜˜˜˜˜˜˜˜˜˜ ˜˜˜;LWR
4129;952400064;M;19;˜˜;0;2021-04-20;2021-04-22 18:54:54;0;LWR
4130;217286015;M;38;˜˜;0;2023-04-30;2023-05-04 18:59:18;˜˜˜˜˜˜˜˜˜ ˜˜˜˜˜˜˜˜˜˜ - ˜˜˜˜˜˜˜;LWR
4131;1163334411;M;38;˜˜;0;2022-03-01;2022-03-01 14:26:33;0;MED
4132;549814989;F;22;˜˜;324;2022-02-28;2022-02-28 16:17:45;˜˜˜˜˜˜˜˜˜˜˜˜ ˜˜˜˜;LWR
4133;907547495;M;52;˜˜;0;2012-06-22;2021-11-27 23:27:25;˜ ˜˜˜˜˜˜;LWR
4134;1051039797;F;26;˜˜;370;2022-03-02;2022-03-02 07:51:33;0;LWR
4135;268635009;F;36;˜˜;601;2022-11-29;2022-12-03 15:27:17;˜˜˜˜˜˜˜˜˜˜˜˜˜ ˜˜˜;LWR
4136;314580699;M;40;˜˜;1203;2023-11-07;2023-11-07 20:13:25;˜ ˜˜˜˜˜-˜˜˜˜˜˜˜˜˜;LWR
4137;869853106;M;19;˜˜;648;2022-02-13;2022-02-13 22:46:53;˜˜˜˜˜˜˜˜˜ ˜˜˜;LWR
4138;1175020469;M;66;˜˜;0;2017-09-01;2017-09-06 14:43:22;˜ ˜˜˜˜˜˜;LWR
4139;251721490;M;21;˜˜;925;2021-03-09;2021-04-06 19:36:59;˜˜˜˜ ˜˜˜˜˜˜˜˜˜;LWR
4140;815962868;F;21;˜˜;1111;2022-02-22;2022-02-22 21:59:32;˜ ˜˜˜˜˜-˜˜˜˜˜˜˜˜˜;LWR
4141;529385724;M;58;˜˜;1111;2022-06-17;2022-06-17 11:00:04;0;LWR
4142;567520019;M;33;˜˜;1388;2021-04-24;2021-05-13 18:45:33;˜˜˜˜˜˜˜˜˜˜ ˜˜˜;LWR
4143;797749320;F;42;˜˜;925;2016-02-12;2016-02-15 17:38:13;˜˜˜˜ ˜˜˜˜˜˜˜˜;LWR
4144;910489720;F;48;˜˜;1388;2019-08-20;2019-08-22 12:41:13;˜˜˜˜˜˜˜˜˜˜ ˜˜˜;LWR
4145;354090143;M;39;˜˜;416;2024-07-28;2024-09-18 07:09:46;˜˜˜˜ ˜˜˜˜˜˜˜˜ ˜˜˜˜˜˜ - ˜˜˜˜˜˜;LWR
4146;544862632;M;44;˜˜;277;2017-06-13;2017-06-19 18:23:35;˜˜˜˜ ˜˜˜˜˜˜˜˜˜;LWR
4147;898194532;F;30;˜˜;4814;2019-04-04;2022-04-01 10:40:23;˜˜˜˜˜˜˜˜˜˜ ˜˜˜;LWR
4148;625623934;M;25;˜˜;370;2022-10-16;2022-10-16 20:01:05;˜˜˜˜˜˜˜ ˜˜˜;LWR
4149;1221428130;M;45;˜˜;1851;2023-12-12;2023-12-21 09:43:50;0;LWR
4150;364931395;M;18;˜˜;185;2022-02-20;2022-10-30 11:21:22;˜˜˜˜˜˜˜˜˜˜ ˜˜˜;LWR
4151;381852605;M;50;˜˜;925;2024-03-06;2024-03-18 13:32:22;˜˜˜˜˜˜˜˜˜˜ ˜˜˜;LWR
4152;1221920881;F;35;˜˜;648;2012-10-26;2012-12-04 03:03:30;˜ ˜˜˜˜˜-˜˜˜˜˜˜˜˜˜;LWR
4153;606805905;F;49;˜˜;972;2022-06-27;2022-07-01 09:05:41;˜˜˜˜˜˜˜˜˜˜˜ ˜˜˜˜˜˜˜ - ˜˜˜˜˜˜˜;LWR
4154;724538926;M;42;˜˜;0;2016-09-02;2016-09-07 12:27:16;˜˜˜˜˜-˜˜˜˜˜˜˜˜˜˜ ˜˜˜˜˜˜˜˜˜˜ ˜˜˜˜˜ - ˜˜˜˜ ˜˜;LWR
4155;695649140;M;46;˜˜;1111;2021-12-09;2022-02-08 13:20:38;˜˜˜˜˜˜˜˜˜˜˜˜ ˜˜˜;LWR
4156;867902148;F;44;˜˜;0;2022-05-31;2022-06-02 08:58:12;0;LWR
4157;635373494;F;26;˜˜;694;2021-06-11;2021-06-27 16:46:58;˜˜˜˜˜˜˜˜˜˜˜˜˜ ˜˜˜;LWR
4158;337324618;M;16;˜˜;0;2023-02-18;2023-02-18 21:29:41;0;LWR
4159;362610804;M;41;˜˜;925;2019-10-08;2019-10-11 16:53:23;˜˜˜˜˜˜˜˜˜˜˜ ˜˜˜;LWR
4160;268084525;M;41;˜˜;0;2020-04-02;2020-04-02 11:56:51;˜˜˜˜˜˜˜˜˜˜˜˜˜ ˜˜˜˜;LWR
4161;221059855;F;28;˜˜;648;2019-09-12;2019-09-18 18:49:32;˜ ˜˜˜˜˜-˜˜˜˜˜˜˜˜˜;LWR
4162;1085804784;M;37;˜˜;1574;2020-04-23;2020-04-24 13:19:10;˜˜˜˜˜˜˜˜˜ ˜˜˜˜;MED
4163;741294819;M;31;˜˜;0;2021-03-05;2021-03-05 16:38:32;˜˜˜˜ ˜˜˜˜ /˜˜˜˜˜˜/;LWR
4164;865423868;M;26;˜˜;601;2022-08-29;2022-08-30 17:27:21;˜˜˜˜˜˜˜˜˜ ˜˜˜;LWR
4165;631313339;M;29;˜˜;1851;2016-01-30;2018-11-06 19:24:25;˜ ˜˜˜˜˜˜;LWR
4166;910020572;M;37;˜˜;1111;2021-06-23;2022-02-08 06:41:02;˜˜˜˜ ˜˜˜˜;LWR
4167;334538563;M;25;˜˜;694;2020-12-20;2020-12-20 20:08:49;˜ ˜˜˜˜˜-˜˜˜˜˜˜˜˜˜;LWR
4168;525394111;F;17;˜˜;0;2024-04-18;2024-04-19 14:52:13;0;LWR
4169;699281936;F;20;˜˜˜˜˜;0;2024-10-07;2024-12-20 21:03:02;˜ ˜˜˜˜˜-˜˜˜˜˜˜˜˜˜;LWR
4170;1003002329;M;18;˜˜;0;2021-03-14;2022-10-20 16:13:45;0;LWR
4171;338632773;F;22;˜˜;6018;2024-06-25;2024-06-25 19:02:48;˜ ˜˜˜˜˜-˜˜˜˜˜˜˜˜˜;LWR
4172;531389141;F;49;˜˜;3703;2021-04-05;2022-02-08 14:05:30;˜˜˜˜˜˜˜˜˜˜ ˜˜˜;LWR
4173;939159047;F;35;˜˜;0;2023-10-22;2023-10-23 14:24:05;0;MED
4174;125865182;M;35;˜˜;579;2017-06-30;2023-02-14 23:59:35;˜ ˜˜˜˜˜˜;LWR
4175;376289516;F;48;˜˜;6481;2023-11-09;2023-11-09 20:29:55;˜˜˜˜˜˜˜˜˜˜ ˜˜˜;LWR
4176;774382059;M;40;˜˜;0;2024-05-10;2024-05-10 21:17:27;0;LWR
4177;761611496;F;31;˜˜;0;2018-09-30;2018-10-03 23:16:30;˜˜˜˜˜˜˜˜˜˜ ˜˜˜;LWR
4178;244055222;F;41;˜˜;888;2018-10-01;2022-02-08 12:42:31;˜˜˜˜˜˜˜˜˜˜˜˜˜ ˜˜˜;LWR
4179;1061140875;F;21;˜˜˜˜˜˜˜˜˜;555;2022-04-26;2023-04-09 09:32:45;˜ ˜˜˜˜˜-˜˜˜˜˜˜˜˜˜;LWR
4180;556101845;M;53;˜˜;0;2021-02-10;2021-02-10 18:27:28;0;LWR
4181;996495406;M;40;˜˜;1018;2025-01-20;2025-01-22 18:56:01;˜˜˜˜˜˜˜˜˜˜ ˜˜˜;LWR
4182;852688440;F;49;˜˜;740;2019-06-03;2021-02-20 14:49:56;˜˜˜˜˜˜˜˜˜˜˜˜ ˜˜˜;LWR
4183;381144962;M;31;˜˜;740;2023-04-26;2023-04-26 07:52:16;˜˜˜˜ ˜˜˜˜˜˜˜˜˜˜˜˜;LWR
4184;1036621153;F;28;˜˜;462;2022-05-15;2022-05-15 13:22:23;˜˜˜˜˜˜˜˜˜ ˜˜˜˜˜˜˜˜˜˜ - ˜˜˜˜˜˜˜;LWR
4185;1013348923;F;35;˜˜;833;2019-06-02;2019-06-05 19:25:39;˜˜˜˜˜˜˜˜˜˜˜˜˜ ˜˜˜;LWR
4186;866296221;F;38;˜˜˜˜˜˜˜;736;2024-12-09;2024-10-07 23:51:29;˜˜˜˜˜˜˜˜˜˜˜˜˜ ˜˜˜;LWR
4187;162021457;M;31;˜˜;1111;2021-01-27;2021-01-29 14:09:26;˜˜˜˜˜˜˜˜˜˜˜˜ ˜˜˜;LWR
4188;593728696;M;22;˜˜;1851;2020-06-05;2020-06-06 14:46:30;˜ ˜˜˜˜˜˜;MED
4189;149276703;F;37;˜˜;0;2025-02-17;2025-02-20 14:52:04;0;LWR
4190;610513937;M;39;˜˜;2666;2016-11-07;2016-11-11 23:28:12;˜˜˜˜˜˜˜˜˜˜ ˜˜˜;LWR
4191;1036900354;M;20;˜˜;2314;2023-04-05;2023-04-05 22:20:26;˜˜˜˜˜˜˜˜˜ ˜˜˜;LWR
4192;546947680;M;36;˜˜;0;2021-06-30;2021-06-30 14:02:08;0;LWR
4193;1175948558;M;30;˜˜;1851;2019-09-03;2019-09-06 12:41:47;˜˜˜˜˜˜˜˜˜˜˜˜ ˜˜˜;LWR
4194;892214102;F;24;˜˜;462;2020-07-08;2020-07-09 10:10:48;˜˜˜˜˜˜˜˜ ˜˜˜;LWR
4195;868751257;M;32;˜˜;0;2020-09-24;2021-02-19 17:21:16;˜ ˜˜˜˜˜-˜˜˜˜˜˜˜˜˜;LWR
4196;1205922216;F;36;˜˜;0;2024-12-16;2024-12-16 15:30:46;0;LWR
4197;623028761;M;64;˜˜;1203;2022-06-01;2022-06-01 14:04:04;˜˜˜˜˜˜˜˜˜˜˜˜˜ ˜˜˜˜;LWR
4198;1196803879;F;42;˜˜;231;2017-10-31;2017-11-03 19:30:01;˜˜˜˜ ˜˜˜˜˜˜˜˜˜;LWR
4199;271842076;F;31;˜˜;0;2019-10-16;2019-10-17 14:00:17;˜ ˜˜˜˜˜-˜˜˜˜˜˜˜˜˜;LWR
4200;127294966;M;30;˜˜;0;2020-05-07;2020-05-12 09:09:35;˜˜˜˜˜˜˜˜˜˜ ˜˜˜;MED
4201;1033304792;M;26;˜˜;592;2021-08-03;2022-05-26 08:40:51;˜˜˜˜˜˜˜˜˜˜˜ ˜˜˜;LWR
4202;283424963;F;41;˜˜;0;2022-06-09;2022-06-09 11:45:08;˜˜˜˜˜˜˜˜˜˜ ˜˜˜;LWR
4203;1213730244;F;43;˜˜;0;2022-03-12;2022-03-12 20:03:53;0;LWR
4204;8966283;M;20;˜˜;138;2024-05-30;2024-05-30 10:45:31;˜ ˜˜˜˜˜˜;LWR
4205;134054569;M;46;˜˜;1111;2019-12-16;2019-12-19 06:00:17;˜˜˜˜˜˜˜˜˜˜ ˜˜˜˜;LWR
4206;696135613;M;36;˜˜;462;2021-12-23;2022-01-15 21:56:30;˜˜˜˜˜˜˜ ˜˜˜;LWR
4207;235756408;M;37;˜˜;231;2021-12-13;2022-02-11 20:19:40;˜˜˜˜˜˜˜˜ ˜˜˜;LWR
4208;260069752;F;63;˜˜;0;2024-12-19;2025-03-24 12:56:36;˜ ˜˜˜˜˜˜;LWR
4209;523833928;F;36;˜˜;462;2024-08-26;2024-08-29 13:39:43;˜˜˜˜˜ ˜˜˜˜˜˜;LWR
4210;945201826;M;44;˜˜;2777;2019-12-03;2019-12-04 15:10:14;˜ ˜˜˜˜˜-˜˜˜˜˜˜˜˜˜;LWR
4211;822305440;F;26;˜˜;287;2023-10-07;2023-10-07 09:37:45;˜˜˜˜˜˜˜˜˜˜˜˜˜ ˜˜˜;LWR
4212;167892116;F;28;˜˜;740;2017-12-10;2017-12-12 11:23:30;˜ ˜˜˜˜˜-˜˜˜˜˜˜˜˜˜;LWR
4213;624113080;F;37;˜˜;750;2023-11-30;2023-11-30 19:03:33;˜˜˜˜˜˜˜˜˜˜˜˜ ˜˜˜;LWR
4214;846637078;M;50;˜˜;462;2024-01-11;2024-01-11 12:16:42;˜˜˜˜˜˜˜˜˜˜˜˜ ˜˜˜˜;LWR
4215;68363554;F;55;˜˜;648;2015-08-25;2019-12-20 14:57:05;˜˜˜˜˜˜˜˜˜˜ ˜˜˜;LWR
4216;857791364;M;39;˜˜;0;2022-03-27;2022-03-28 19:26:46;0;LWR
4217;759266959;M;40;˜˜;1388;2025-02-06;2025-02-06 06:29:29;˜˜˜˜˜˜˜˜˜˜˜˜˜ ˜˜˜˜;LWR
4218;755026279;F;25;˜˜;0;2019-04-29;2019-10-11 13:23:49;˜ ˜˜˜˜˜˜;LWR
4219;281553416;F;21;˜˜;0;2021-09-29;2022-02-16 20:12:56;0;LWR
4220;206605009;F;32;˜˜;0;2018-01-31;2018-02-01 15:04:14;˜ ˜˜˜˜˜-˜˜˜˜˜˜˜˜˜;LWR
4221;1064462574;M;34;˜˜;0;2014-07-30;2014-08-01 11:33:19;˜˜˜ ˜˜˜˜˜˜˜˜˜˜˜;LWR
4222;647919230;M;35;˜˜;1388;2021-12-20;2022-01-16 21:03:58;˜˜˜˜˜˜˜˜˜˜˜˜˜ ˜˜˜˜;LWR
4223;261826923;F;22;˜˜;231;2021-08-16;2023-11-27 15:28:54;˜ ˜˜˜˜˜-˜˜˜˜˜˜˜˜˜;LWR
4224;862579121;M;33;˜˜˜˜˜˜˜˜˜˜˜;0;2024-10-08;2024-10-08 16:42:35;˜˜˜˜˜˜˜˜˜˜˜˜ ˜˜˜;LWR
4225;301457816;F;47;˜˜;0;2024-09-27;2024-09-30 11:54:37;0;LWR
4226;910487733;F;45;˜˜;833;2022-08-29;2022-08-29 09:20:49;˜˜˜˜˜˜˜˜˜˜˜ ˜˜˜;LWR
4227;308034475;F;57;˜˜;972;2024-01-09;2024-01-09 14:43:59;˜ ˜˜˜˜˜˜;LWR
4228;1046214180;M;29;˜˜;740;2021-10-30;2021-05-26 16:00:20;˜˜˜˜˜˜˜˜˜˜˜˜˜ ˜˜˜;LWR
4229;861845652;M;50;˜˜;250;2023-08-12;2023-08-12 12:29:52;˜˜˜˜˜˜˜˜˜˜˜˜ ˜˜˜;LWR
4230;993211321;F;25;˜˜;1851;2022-12-07;2022-12-07 17:59:34;˜˜˜˜˜˜˜˜˜˜˜˜˜ ˜˜˜˜;LWR
4231;751589769;F;21;˜˜;185;2022-02-14;2022-02-14 18:32:21;˜˜˜˜˜˜˜˜˜˜˜˜ ˜˜˜;LWR
4232;423600757;F;28;˜˜;1666;2021-05-04;2022-02-08 10:58:34;˜˜˜˜˜˜˜˜˜ ˜˜˜;LWR
4233;758570795;F;44;˜˜;787;2021-10-25;2022-02-11 15:04:04;˜˜˜˜˜˜˜˜˜˜ ˜˜˜;LWR
4234;894957052;F;29;˜˜˜˜˜˜˜;0;2024-12-22;2024-12-23 14:29:11;˜˜˜˜˜˜˜˜˜˜ ˜˜˜;LWR
4235;1160667546;M;25;˜˜;740;2021-06-26;2021-06-28 17:05:54;˜˜˜˜˜˜˜˜˜˜˜ ˜˜˜;LWR
4236;508553171;M;36;˜˜;925;2021-02-24;2022-02-08 22:04:14;˜ ˜˜˜˜˜-˜˜˜˜˜˜˜˜˜;LWR
4237;1076660767;M;36;˜˜;2037;2021-03-11;2021-03-25 16:35:31;˜˜˜˜˜˜˜˜˜˜˜ ˜˜˜˜˜˜˜ - ˜˜˜˜˜˜˜;LWR
4238;355658251;M;24;˜˜;879;2022-02-27;2022-02-27 14:10:33;˜˜˜˜˜˜˜˜˜˜˜˜˜ ˜˜˜˜;LWR
4239;218898156;M;47;˜˜;2546;2014-05-01;2017-06-06 12:15:04;˜˜˜˜˜˜˜˜˜ ˜˜˜;LWR
4240;1023196738;F;55;˜˜;740;2021-06-29;2022-02-09 14:47:43;˜ ˜˜˜˜˜˜;LWR
4241;254818966;F;36;˜˜;833;2020-01-14;2020-01-18 17:55:55;˜ ˜˜˜˜˜˜;LWR
4242;1214723117;F;32;˜˜;0;2023-11-15;2023-11-15 07:43:53;˜˜˜˜˜˜˜˜˜˜˜˜ ˜˜˜˜;LWR
4243;696223495;F;37;˜˜;740;2016-05-25;2016-05-30 14:10:15;˜˜˜˜ ˜˜˜˜˜˜˜˜˜˜˜˜˜;LWR
4244;760965643;M;32;˜˜;231;2017-07-28;2017-07-31 11:05:46;˜˜˜˜˜˜˜˜˜ ˜˜˜;LWR
4245;799827625;F;40;˜˜;555;2023-08-30;2023-08-30 16:08:44;˜˜˜˜˜˜˜˜˜˜ ˜˜˜;LWR
4246;1195570338;M;46;˜˜;444;2022-04-09;2022-04-09 08:56:14;˜˜˜˜˜˜˜˜˜ ˜˜˜;LWR
4247;851119314;M;24;˜˜;1481;2023-04-22;2023-05-07 06:25:43;0;LWR
4248;910017481;F;36;˜˜;462;2016-11-07;2022-02-24 23:27:27;˜˜˜˜˜˜˜˜˜˜˜ ˜˜˜;LWR
4249;1007143041;F;19;˜˜;0;2022-04-04;2022-06-02 16:56:55;0;LWR
4250;862515281;M;34;˜˜;666;2024-06-22;2024-06-22 11:46:57;˜˜˜˜ ˜˜˜˜;LWR
4251;910360563;F;23;˜˜;0;2021-01-25;2021-01-27 12:32:50;˜ ˜˜˜˜˜-˜˜˜˜˜˜˜˜˜;LWR
4252;546967031;M;34;˜˜;0;2019-10-30;2019-11-05 13:43:34;˜˜˜˜˜˜˜˜˜˜˜˜˜ ˜˜˜;LWR
4253;313695103;M;48;˜˜;1574;2017-02-03;2017-03-20 01:09:59;˜˜˜˜˜˜˜˜˜˜ ˜˜˜˜;MED
4254;125820803;F;23;˜˜˜˜˜;0;2022-05-13;2022-05-16 09:52:45;˜ ˜˜˜˜˜˜;LWR
4255;521572413;M;46;˜˜;0;2017-03-06;2017-03-09 21:24:40;˜˜˜˜˜˜;LWR
4256;696808507;F;34;˜˜;925;2016-08-02;2018-10-30 10:51:24;˜ ˜˜˜˜˜˜;LWR
4257;386535656;M;17;˜˜;0;2021-10-01;2022-02-08 12:27:21;0;LWR
4258;163539332;F;66;˜˜;601;2021-09-20;2021-09-21 15:22:24;˜ ˜˜˜˜˜-˜˜˜˜˜˜˜˜˜;LWR
4259;117482097;F;64;˜˜;648;2023-04-10;2023-02-04 13:03:46.312000;˜˜˜˜˜˜ ˜˜˜;LWR
4260;312968987;M;43;˜˜;740;2022-05-11;2022-05-11 17:54:04;˜˜˜˜˜˜˜˜ ˜˜˜˜;LWR
4261;156826633;F;31;˜˜;2777;2021-02-12;2021-02-12 15:52:23;˜˜˜ ˜˜˜˜˜˜˜˜˜˜;LWR
4262;267049268;M;22;˜˜;2314;2020-07-28;2022-02-26 10:22:59;˜˜˜˜˜˜˜˜˜˜ ˜˜˜;LWR
4263;958570678;F;69;˜˜;555;2021-01-21;2021-01-22 17:40:27;˜˜˜˜˜˜˜˜˜˜˜˜˜ ˜˜˜;LWR
4264;550405007;F;35;˜˜;833;2022-03-08;2022-03-08 22:25:37;˜˜˜˜ ˜˜˜˜˜ ˜˜;LWR
4265;329263470;F;45;˜˜;0;2024-10-10;2024-10-14 17:43:21;˜˜˜˜˜˜˜˜˜˜˜˜˜ ˜˜˜;LWR
4266;783686565;F;64;˜˜;0;2022-06-10;2022-06-10 18:35:29;0;LWR
4267;571816287;F;26;˜˜;1018;2021-05-21;2021-05-22 12:08:15;˜˜˜˜˜˜˜˜˜˜˜˜ ˜˜˜;LWR
4268;544900905;M;31;˜˜;1851;2021-01-28;2021-01-28 21:04:12;˜˜˜˜˜˜˜˜ ˜˜˜˜;LWR
4269;592485537;M;27;˜˜;0;2019-04-11;2019-04-12 15:02:07;˜˜˜˜˜˜˜˜˜˜ ˜˜˜;LWR
4270;1034154829;F;27;˜˜;740;2021-12-04;2024-01-10 11:20:26;˜˜˜˜˜˜˜˜˜˜˜˜˜ ˜˜˜;LWR
4271;762441099;F;28;˜˜;972;2016-07-08;2016-12-01 17:12:01;˜˜˜˜ ˜˜˜˜˜˜˜˜;LWR
4272;558817251;F;33;˜˜;648;2018-01-31;2018-02-02 16:39:07;˜˜˜˜˜˜˜˜˜˜˜˜ ˜˜˜˜;LWR
4273;95050124;F;69;˜˜;97;2016-12-06;2016-12-14 15:02:13;˜ ˜˜˜˜˜-˜˜˜˜˜˜˜˜˜;LWR
4274;341235597;F;48;˜˜;925;2014-04-30;2020-12-08 20:54:34;˜˜˜˜˜˜˜˜˜˜ ˜˜˜;LWR
4275;385082126;M;33;˜˜;1018;2023-04-02;2023-04-03 10:22:40;˜˜˜˜˜˜˜˜˜˜˜˜˜ ˜˜˜˜;LWR
4276;696647131;F;45;˜˜;1851;2024-03-13;2024-05-10 10:45:46;˜˜˜˜ ˜˜˜˜˜˜˜˜˜˜˜˜;LWR
4277;30244964;F;31;˜˜;555;2022-11-12;2022-11-12 22:08:02;˜˜˜˜˜˜˜˜˜˜ ˜˜˜;LWR
4278;773229019;M;38;˜˜;648;2017-12-05;2017-12-25 09:46:35;˜˜˜˜˜˜˜˜˜˜˜˜˜ ˜˜˜;LWR
4279;390846742;M;34;˜˜;0;2022-12-21;2022-12-21 05:51:22;˜˜˜˜˜˜˜˜˜ ˜˜˜˜;MED
4280;1006069494;F;22;˜˜;462;2022-12-17;2022-12-19 17:20:14;˜˜˜˜˜˜˜˜˜˜ ˜˜˜;LWR
4281;566220404;F;39;˜˜;0;2017-04-15;2017-04-17 21:22:58;˜˜˜˜˜˜;LWR
4282;1031855269;F;33;˜˜˜˜˜˜˜˜;0;2023-09-19;2023-09-19 09:04:29;˜˜˜˜˜˜˜˜˜˜ ˜˜˜;LWR
4283;402188176;F;40;˜˜;0;2024-08-09;2024-08-09 06:37:56;0;LWR
4284;253617633;M;21;˜˜;925;2021-10-07;2023-11-10 23:05:14;˜˜˜˜˜˜˜˜˜˜˜˜˜ ˜˜˜;LWR
4285;899963705;M;27;˜˜;925;2021-06-20;2021-06-20 13:32:40;˜˜˜˜˜˜˜ ˜˜˜;LWR
4286;1027575546;F;34;˜˜;370;2021-05-12;2021-05-13 18:24:47;˜˜˜˜˜˜˜˜˜˜˜˜ ˜˜˜;LWR
4287;749917201;M;35;˜˜;787;2021-10-23;2022-02-08 10:38:03;˜˜˜˜ ˜˜˜˜˜˜˜;LWR
4288;322180942;F;25;˜˜;416;2021-10-20;2022-07-19 19:59:36;˜˜˜˜˜˜˜˜˜˜˜˜˜˜ ˜˜˜˜;LWR
4289;266168555;F;45;˜˜;1064;2019-05-23;2019-06-17 14:11:33;˜˜˜˜˜˜˜˜˜˜˜˜ ˜˜˜;LWR
4290;1042938709;F;34;˜˜;787;2023-09-21;2023-09-21 12:49:47;˜˜˜˜˜˜˜˜˜ ˜˜˜;LWR
4291;270570303;F;45;˜˜;1046;2017-07-12;2017-07-21 17:13:42;˜˜˜˜˜˜˜˜˜˜˜˜˜ ˜˜˜˜;LWR
4292;1013451968;F;57;˜˜;416;2024-12-19;2024-12-26 17:31:10;˜˜˜˜˜˜˜˜˜˜˜˜ ˜˜˜˜;LWR
4293;534005431;F;54;˜˜;1388;2014-11-08;2014-11-27 21:14:23;˜˜˜˜˜˜˜˜˜˜˜˜˜ ˜˜˜;LWR
4294;753641240;M;21;˜˜;555;2021-10-27;2021-11-01 12:32:20;˜˜˜˜˜˜˜˜˜˜˜˜˜ ˜˜˜;LWR
4295;352834631;M;44;˜˜;453;2021-09-21;2022-02-08 08:11:15;˜˜˜˜˜˜˜˜˜˜˜˜˜ ˜˜˜;LWR
4296;396667981;M;35;˜˜;370;2022-03-18;2022-06-09 04:32:17;˜˜˜˜ ˜˜˜˜˜˜˜;LWR
4297;570152284;F;27;˜˜;833;2023-06-19;2023-06-19 14:13:09;˜˜˜˜˜˜˜˜ ˜˜˜;LWR
4298;1285078569;M;35;˜˜˜˜˜˜˜˜˜˜;0;2021-11-04;2022-02-09 17:58:45;˜˜˜˜˜˜˜˜˜˜˜˜˜ ˜˜˜;LWR
4299;539919147;M;24;˜˜;0;2021-06-04;2021-06-04 19:36:16;0;LWR
4300;1146858332;M;36;˜˜;694;2015-12-22;2022-06-14 23:42:47;˜˜˜˜ ˜˜˜˜˜˜˜˜˜;LWR
4301;864248597;F;34;˜˜;740;2021-04-02;2024-01-13 09:46:38;˜˜˜˜ ˜˜˜˜˜˜˜˜˜;LWR
4302;944995782;M;48;˜˜;1666;2024-12-19;2025-01-31 13:00:36;˜˜˜˜˜˜˜˜˜ ˜˜˜;LWR
4303;1017946919;F;24;˜˜;0;2023-01-31;2023-01-31 18:59:56;0;LWR
4304;766134915;M;29;˜˜˜˜˜˜˜˜;1481;2022-08-29;2022-08-29 06:16:32;0;LWR
4305;645565033;F;39;˜˜;648;2016-09-12;2016-12-09 13:04:51;˜˜˜˜˜˜˜˜˜˜ ˜˜˜;LWR
4306;846650003;F;38;˜˜;462;2015-11-25;2015-11-26 12:11:33;˜˜˜˜˜˜˜˜˜˜ ˜˜˜;LWR
4307;817768616;F;36;˜˜;1851;2021-10-20;2022-02-09 01:36:51;˜˜˜˜ ˜˜˜˜ /˜˜˜˜˜˜/;LWR
4308;699176995;M;22;˜˜;925;2020-12-18;2023-08-05 14:33:05;˜˜˜˜˜˜˜˜˜˜ ˜˜˜;LWR
4309;696790222;F;41;˜˜;555;2024-03-19;2024-03-19 14:30:02;˜˜˜˜˜˜˜˜˜˜˜ ˜˜˜;LWR
4310;727919874;M;54;˜˜;185;2019-09-05;2023-06-09 19:55:01;˜˜˜˜˜˜˜˜˜ ˜˜˜;LWR
4311;729867881;F;32;˜˜;277;2023-05-19;2022-06-15 09:19:24;˜˜˜˜˜-˜˜˜˜˜˜˜˜˜˜ ˜˜˜˜˜˜˜˜˜˜ ˜˜˜˜˜ - ˜˜˜˜;LWR
4312;302775387;F;43;˜˜;462;2023-11-11;2023-11-22 09:19:30;0;LWR
4313;701876019;M;32;˜˜;694;2023-07-17;2023-07-17 05:55:38;˜˜˜˜˜˜˜˜ ˜˜˜;LWR
4314;522841306;F;27;˜˜;92;2020-03-28;2020-03-29 20:48:52;˜˜˜˜˜˜˜˜˜˜˜ ˜˜˜;LWR
4315;890028083;M;42;˜˜;1111;2020-12-14;2020-12-16 15:48:44;˜˜˜˜˜˜ ˜˜˜;LWR
4316;403777525;F;25;˜˜;740;2021-06-25;2022-02-09 12:26:25;˜˜˜˜˜˜˜˜˜˜ ˜˜˜;LWR
4317;284140765;M;49;˜˜;537;2019-04-23;2019-04-29 11:31:55;˜˜˜˜ ˜˜˜˜˜˜˜;LWR
4318;207935154;F;36;˜˜;0;2020-10-17;2020-10-20 14:45:45;˜ ˜˜˜˜˜˜;LWR
4319;550924488;F;54;˜˜;0;2022-02-10;2022-02-10 15:22:57;0;LWR
4320;506954653;M;70;˜˜;0;2022-05-19;2022-05-21 10:35:05;0;LWR
4321;1000093032;F;40;˜˜;462;2018-10-31;2018-11-03 10:44:49;˜˜˜˜˜˜˜˜˜˜˜˜˜ ˜˜˜;LWR
4322;754937211;M;48;˜˜˜˜˜˜˜˜˜˜;0;2023-05-01;2023-05-01 12:32:12;0;LWR
4323;548600307;M;39;˜˜;740;2024-10-11;2024-10-12 21:40:39;˜˜˜˜˜˜˜˜˜˜˜˜ ˜˜˜;LWR
4324;648582123;F;37;˜˜;0;2018-01-22;2018-01-25 15:58:15;˜˜˜˜˜˜˜˜˜˜ ˜˜˜;LWR
4325;164271106;F;25;˜˜;398;2022-03-08;2022-03-08 18:23:46;0;LWR
4326;554167563;F;45;˜˜;555;2014-05-18;2023-01-21 04:31:29;˜˜˜˜˜˜˜˜˜˜˜ ˜˜˜˜;LWR
4327;1040055005;F;31;˜˜;1388;2021-02-07;2021-02-07 17:33:29;˜˜˜˜˜˜˜˜˜˜˜˜˜ ˜˜˜˜;LWR
4328;298550153;F;32;˜˜;0;2019-05-28;2019-05-30 16:20:07;˜˜˜˜˜˜˜˜˜˜˜˜ ˜˜˜;LWR
4329;625995193;F;32;˜˜;1111;2023-12-14;2023-12-14 18:53:11;˜˜˜˜˜-˜˜˜˜˜˜˜˜˜˜ ˜˜˜˜˜˜˜˜˜˜ ˜˜˜˜˜ - ˜˜˜˜ ˜˜;LWR
4330;525767761;M;42;˜˜;0;2022-12-09;2022-12-10 10:39:15;0;LWR
4331;514378723;F;39;˜˜;462;2019-06-10;2019-12-17 11:10:55;˜ ˜˜˜˜˜˜;LWR
4332;756414903;F;22;˜˜;1851;2023-05-03;2025-02-01 07:20:54;˜˜˜˜˜˜˜˜˜ ˜˜˜;LWR
4333;857218773;M;41;˜˜;0;2021-05-28;2021-05-31 13:04:28;˜˜˜˜˜˜˜˜˜˜ ˜˜˜;LWR
4334;534288200;M;37;˜˜;1203;2020-06-19;2020-06-22 01:43:03;˜ ˜˜˜˜˜-˜˜˜˜˜˜˜˜˜;LWR
4335;1155889020;M;60;˜˜;648;2018-10-14;2019-03-26 15:57:22;˜˜˜˜˜˜˜˜˜˜˜˜ ˜˜˜;LWR
4336;843239478;M;39;˜˜;833;2016-02-20;2022-06-09 10:27:41;˜˜˜˜˜˜˜˜˜˜˜˜ ˜˜˜;LWR
4337;759309102;M;48;˜˜˜˜˜˜˜˜˜˜;0;2021-06-10;2021-06-26 23:02:34;˜ ˜˜˜˜˜-˜˜˜˜˜˜˜˜˜;LWR
4338;539150739;F;46;˜˜;2777;2017-04-23;2019-12-23 15:54:43;˜˜˜˜˜˜˜˜˜˜˜˜˜ ˜˜˜˜;LWR
4339;1010304060;M;47;˜˜;0;2025-03-21;2025-03-24 13:16:09;˜ ˜˜˜˜˜˜;LWR
4340;771740409;F;23;˜˜;185;2021-08-03;2021-08-16 00:38:19;˜˜˜˜˜˜˜˜˜˜˜˜˜ ˜˜˜;LWR
4341;507897531;F;27;˜˜;462;2021-06-25;2021-06-26 00:28:37;0;LWR
4342;846635154;M;48;˜˜;0;2014-04-03;2014-04-10 12:41:55;˜˜˜ ˜˜˜˜˜˜˜˜˜;LWR
4343;565660896;F;62;˜˜;0;2022-03-10;2022-03-13 08:21:46;0;LWR
4344;284178483;M;37;˜˜;0;2024-05-11;2024-05-11 19:08:01;0;LWR
4345;284277028;F;26;˜˜;509;2022-01-05;2022-02-08 14:22:10;˜˜˜˜˜˜˜˜˜˜ ˜˜˜;LWR
4346;536517570;M;35;˜˜;1481;2014-01-14;2015-03-30 16:44:43;˜˜˜˜˜˜˜˜˜˜˜˜˜ ˜˜˜;LWR
4347;609959211;F;67;˜˜;324;2017-04-15;2020-04-21 12:52:19;˜˜˜˜˜˜˜˜˜˜ ˜˜˜;LWR
4348;1216644883;F;25;˜˜;879;2023-05-23;2023-01-05 18:18:07.736000;˜˜˜˜˜˜˜˜˜˜ ˜˜˜;LWR
4349;1059676708;M;27;˜˜;0;2020-10-29;2021-04-03 11:32:34;˜˜˜˜˜˜˜˜˜˜ ˜˜˜;LWR
4350;751211564;F;63;˜˜;0;2025-02-11;2025-02-12 11:14:59;˜ ˜˜˜˜˜˜;LWR
4351;565380629;F;53;˜˜;0;2022-03-05;2022-03-05 13:14:58;˜ ˜˜˜˜˜˜;LWR
4352;706284445;F;30;˜˜;462;2021-06-21;2022-04-14 15:01:03;˜˜˜˜˜˜˜˜˜ ˜˜˜;LWR
4353;759261674;M;43;˜˜;0;2022-06-06;2022-06-14 16:30:03;0;LWR
4354;1212318509;F;48;˜˜;1851;2024-04-22;2024-04-26 15:10:38;˜˜˜˜˜˜˜˜˜˜˜˜˜ ˜˜˜˜;LWR
4355;939674212;M;25;˜˜;0;2022-02-28;2022-03-01 13:06:11;˜ ˜˜˜˜˜˜;LWR
4356;809947277;F;82;˜˜;92;2024-11-02;2024-11-06 12:38:01;0;LWR
4357;1197435811;F;19;˜˜;555;2020-07-16;2020-07-17 11:38:34;0;LWR
4358;233553340;F;30;˜˜;0;2021-08-16;2022-02-07 22:25:34;˜ ˜˜˜˜˜-˜˜˜˜˜˜˜˜˜;LWR
4359;782417142;M;38;˜˜;814;2021-12-01;2022-02-08 16:31:24;˜˜˜˜˜˜˜˜˜ ˜˜˜˜˜˜˜˜˜˜ - ˜˜˜˜˜˜˜;LWR
4360;161326773;F;38;˜˜;0;2024-12-04;2024-12-04 08:31:14;0;LWR
4361;546164283;F;32;˜˜;1250;2019-11-24;2019-11-25 18:33:39;˜˜˜˜˜˜˜˜˜˜˜ ˜˜˜;LWR
4362;311587120;F;44;˜˜;2777;2017-01-31;2022-02-09 14:19:19;˜ ˜˜˜˜˜˜;LWR
4363;869825882;F;47;˜˜;324;2017-08-24;2017-09-08 21:39:24;˜˜˜˜˜˜˜˜ ˜˜˜;LWR
4364;307537387;F;32;˜˜;1851;2019-08-20;2019-11-15 07:08:52;˜˜˜˜˜˜˜˜˜˜˜˜ ˜˜˜;LWR
4365;273470674;F;48;˜˜;1111;2022-12-16;2022-12-16 22:14:21;˜ ˜˜˜˜˜˜;LWR
4366;646986418;F;25;˜˜;277;2024-04-17;2024-04-28 10:06:14;˜˜˜˜˜˜˜˜˜˜˜ ˜˜˜;LWR
4367;261092168;F;44;˜˜;555;2017-11-30;2017-12-01 12:04:25;˜˜˜˜˜˜˜˜˜˜˜ ˜˜˜;LWR
4368;607358360;M;19;˜˜;138;2022-06-07;2022-06-07 15:19:34;˜˜˜˜˜˜˜˜˜˜ ˜˜˜˜;LWR
4369;218999263;F;49;˜˜;740;2020-09-07;2020-08-15 20:47:36;˜˜˜˜ ˜˜˜˜˜˜˜;LWR
4370;748262736;F;19;˜˜;1388;2023-12-25;2023-12-25 22:27:50;0;LWR
4371;308669696;M;41;˜˜;0;2017-05-27;2017-05-29 21:33:56;˜ ˜˜˜˜˜˜;LWR
4372;343471949;M;43;˜˜;500;2019-02-17;2019-02-19 17:07:19;˜ ˜˜˜˜˜˜;LWR
4373;379305794;M;41;˜˜;601;2019-04-12;2019-11-13 16:56:44;˜˜˜˜˜˜˜˜˜˜˜ ˜˜˜;MED
4374;152209419;M;17;˜˜;0;2022-12-10;2022-12-10 15:31:50;0;LWR
4375;820015392;F;47;˜˜;555;2024-02-02;2024-08-28 14:28:25;˜˜˜˜˜˜˜˜˜˜˜˜˜ ˜˜˜;LWR
4376;757413571;M;24;˜˜˜˜˜;185;2022-01-18;2022-10-11 13:36:47;˜˜˜˜˜˜˜˜˜˜ ˜˜˜;LWR
4377;936919795;F;37;˜˜;500;2022-10-09;2022-10-09 10:57:30;˜˜˜˜˜˜˜˜˜˜˜˜˜ ˜˜˜;LWR
4378;1053888990;F;20;˜˜;370;2023-08-23;2023-08-23 15:21:35;˜ ˜˜˜˜˜˜;LWR
4379;273937656;M;36;˜˜;1851;2024-10-20;2024-10-20 18:09:54;˜˜˜˜˜˜˜˜˜ ˜˜˜;LWR
4380;901190443;M;31;˜˜;2129;2018-01-07;2018-01-08 16:38:56;˜ ˜˜˜˜˜˜;LWR
4381;775286291;M;28;˜˜;833;2018-09-07;2018-09-20 15:21:11;˜˜˜˜˜˜˜˜˜˜ ˜˜˜;LWR
4382;1017332317;F;19;˜˜;833;2021-10-06;2021-10-06 16:46:06;˜˜˜˜˜˜˜˜˜˜ ˜˜˜;LWR
4383;534361732;F;19;˜˜;972;2023-10-10;2023-10-14 08:31:25;˜˜˜˜ ˜˜˜˜˜˜˜˜˜˜˜˜;LWR
4384;634134685;F;48;˜˜;2314;2018-05-24;2018-06-07 10:36:51;˜˜˜˜˜˜˜˜˜˜˜˜˜˜˜ ˜˜˜;LWR
4385;665649102;M;53;˜˜;1851;2013-08-26;2013-08-27 16:05:53;˜˜˜˜˜˜˜˜˜˜˜ ˜˜˜;LWR
4386;328982577;M;40;˜˜;925;2021-05-04;2021-05-05 06:00:36;˜˜˜˜ ˜˜˜˜˜˜˜˜;LWR
4387;283227596;F;41;˜˜;925;2014-11-06;2023-08-13 08:28:15;˜˜˜˜˜˜˜˜˜˜ ˜˜˜;LWR
4388;641379524;F;49;˜˜;490;2019-11-27;2019-11-30 14:59:13;˜˜˜˜˜˜˜˜˜˜˜˜˜ ˜˜˜;LWR
4389;427412504;M;20;˜˜;46;2020-01-05;2022-02-08 08:25:44;˜˜˜˜˜˜˜˜˜˜˜ ˜˜˜;LWR
4390;521876342;M;35;˜˜;2870;2021-04-18;2022-02-08 06:49:00;˜˜˜˜˜˜˜˜˜˜˜˜˜ ˜˜˜˜;LWR
4391;382601876;F;39;˜˜;2777;2019-03-29;2019-04-13 16:32:06;˜˜˜˜˜˜˜˜˜˜ ˜˜˜;LWR
4392;375301425;F;26;˜˜;0;2021-06-30;2022-02-09 11:21:31;0;LWR
4393;235723013;F;49;˜˜;324;2024-10-09;2024-10-09 10:39:09;˜˜˜˜˜˜˜˜˜˜˜ ˜˜˜;LWR
4394;1073044354;F;32;˜˜;1018;2017-11-07;2017-11-09 18:10:00;˜˜˜˜˜˜˜˜˜˜ ˜˜˜;LWR
4395;259895906;F;33;˜˜;1851;2024-02-05;2024-02-07 15:01:27;˜ ˜˜˜˜˜˜;LWR
4396;386134817;F;33;˜˜;324;2022-05-19;2022-05-19 17:20:01;˜˜˜˜ ˜˜˜˜˜˜˜˜˜˜˜˜;LWR
4397;754022363;F;23;˜˜;138;2024-06-30;2024-07-04 16:08:10;0;LWR
4398;1077685633;F;52;˜˜;527;2019-11-26;2019-11-30 19:22:05;˜˜˜˜˜˜˜˜˜˜ ˜˜˜;MED
4399;424461782;M;43;˜˜;1851;2016-07-31;2016-12-07 18:51:20;˜˜˜˜˜˜˜˜˜˜˜˜ ˜˜˜˜;LWR
4400;673472625;F;53;˜˜;370;2022-11-06;2022-11-06 12:26:32;˜˜˜˜˜˜˜˜˜˜˜˜˜ ˜˜˜˜;LWR
4401;1059491519;F;40;˜˜;231;2021-06-23;2021-07-03 14:06:05;˜˜˜˜˜˜˜˜˜ ˜˜˜;LWR
4402;375464287;M;37;˜˜;2592;2021-11-15;2022-10-12 15:38:19;˜˜˜˜˜˜˜˜˜˜˜˜ ˜˜˜;MED
4403;1038330169;F;38;˜˜;1467;2021-06-22;2021-06-27 00:11:38;˜˜˜˜˜˜˜˜˜˜˜˜˜ ˜˜˜;LWR
4404;907062826;M;42;˜˜;648;2016-06-18;2016-06-21 13:10:14;˜ ˜˜˜˜˜-˜˜˜˜˜˜˜˜˜;LWR
4405;288790678;F;70;˜˜;555;2024-03-14;2024-03-14 16:01:14;˜˜˜˜˜˜˜˜˜˜˜˜˜˜ ˜˜˜˜;LWR
4406;277020761;M;21;˜˜˜˜˜˜˜˜˜;1018;2022-05-30;2022-09-08 20:34:03;˜˜˜˜˜˜˜˜˜˜˜˜˜ ˜˜˜˜;LWR
4407;728961867;M;23;˜˜;925;2021-06-28;2021-08-30 17:26:45;˜˜˜˜˜˜˜˜˜˜ ˜˜˜;LWR
4408;1173350171;F;41;˜˜;648;2013-03-27;2022-08-08 15:24:55;˜˜˜˜˜˜˜˜˜˜˜˜ ˜˜˜;LWR
4409;696359385;M;32;˜˜;648;2021-11-29;2020-11-12 19:31:06;˜˜˜˜ ˜˜˜˜˜˜˜˜˜˜˜˜;LWR
4410;345901752;M;35;˜˜;1851;2017-07-18;2017-08-20 14:34:58;˜ ˜˜˜˜˜-˜˜˜˜˜˜˜˜˜;LWR
4411;894009994;M;31;˜˜;740;2023-08-20;2024-04-12 08:24:06;˜˜˜˜ ˜˜˜˜˜˜˜˜ ˜˜˜˜˜˜˜˜;LWR
4412;1156563452;F;39;˜˜;0;2023-12-31;2023-12-31 17:51:27;˜˜˜˜˜˜˜˜˜˜˜˜ ˜˜˜;LWR
4413;207786909;M;42;˜˜;1388;2023-04-18;2023-04-18 07:08:47;˜˜˜˜˜˜˜ ˜˜˜;LWR
4414;865459007;F;23;˜˜;925;2021-02-27;2023-09-04 12:01:56;˜˜˜˜˜˜˜˜˜ ˜˜˜;LWR
4415;370029832;F;26;˜˜;833;2018-02-05;2022-02-09 06:39:50;˜˜˜˜˜˜˜˜˜ ˜˜˜;LWR
4416;941189492;M;47;˜˜;925;2021-04-11;2021-09-27 16:33:42;˜ ˜˜˜˜˜˜;LWR
4417;811147849;F;40;˜˜;0;2022-12-18;2022-12-18 12:51:14;0;LWR
4418;3295061;F;31;˜˜;0;2024-09-04;2024-09-06 15:43:33;0;LWR
4419;344966631;F;19;˜˜;694;2025-01-06;2025-03-11 20:47:08;˜ ˜˜˜˜˜-˜˜˜˜˜˜˜˜˜;LWR
4420;358047787;F;24;˜˜;370;2021-07-09;2022-05-05 16:04:57;˜˜˜˜˜˜˜˜˜˜˜ ˜˜˜;LWR
4421;582688520;F;26;˜˜;0;2017-04-12;2017-04-13 20:04:07;˜ ˜˜˜˜˜˜;LWR
4422;668512202;F;21;˜˜;925;2023-08-07;2022-09-04 11:48:48;˜ ˜˜˜˜˜˜;LWR
4423;554210786;F;45;˜˜;0;2025-01-31;2025-02-09 10:05:13;˜˜˜˜˜˜˜˜˜˜˜ ˜˜˜˜;LWR
4424;739434342;F;43;˜˜;925;2022-05-30;2022-03-06 17:26:44;˜ ˜˜˜˜˜˜;LWR
4425;211042735;F;58;˜˜;462;2020-12-09;2021-03-24 10:47:50;˜˜˜˜ ˜˜˜˜˜˜˜˜˜˜˜˜;LWR
4426;117152111;F;30;˜˜;0;2020-02-27;2020-02-29 18:20:43;˜˜˜˜ ˜˜˜˜˜˜˜˜˜;LWR
4427;265861839;F;39;˜˜;925;2018-08-23;2020-12-25 06:50:30;˜˜˜˜˜˜˜˜˜˜˜˜˜ ˜˜˜˜;LWR
4428;1003947234;F;48;˜˜;3898;2024-11-11;2024-09-23 12:32:27;˜ ˜˜˜˜˜-˜˜˜˜˜˜˜˜˜;LWR
4429;308069358;M;30;˜˜;0;2019-07-17;2019-07-19 15:40:34;˜˜˜˜˜˜˜˜˜˜˜˜˜ ˜˜˜;LWR
4430;788994387;F;50;˜˜;648;2021-10-28;2022-02-08 15:05:24;˜˜˜˜˜˜˜˜˜˜˜ ˜˜˜;LWR
4431;771609592;F;40;˜˜;1111;2021-10-30;2022-02-12 11:23:16;˜˜˜˜˜˜˜˜˜˜˜˜ ˜˜˜;LWR
4432;946504125;M;36;˜˜;537;2020-02-13;2020-07-08 10:15:53;˜˜˜˜˜˜˜˜ ˜˜˜;LWR
4433;598106755;F;33;˜˜;0;2021-07-30;2022-02-08 11:07:52;0;LWR
4434;645386194;M;31;˜˜;2962;2021-01-07;2021-01-09 10:34:31;˜ ˜˜˜˜˜˜;LWR
4435;162346651;M;34;˜˜;1388;2018-05-29;2018-06-02 14:40:45;˜ ˜˜˜˜˜˜;LWR
4436;278234185;F;49;˜˜;1388;2012-10-22;2021-02-20 16:12:21;˜˜˜˜˜˜˜˜˜˜ ˜˜˜;LWR
4437;519949328;F;61;˜˜;0;2024-05-28;2024-06-02 08:54:25;˜ ˜˜˜˜˜˜;LWR
4438;1081082569;M;53;˜˜;925;2019-12-21;2019-12-23 11:51:15;˜˜˜˜˜˜˜˜˜˜ ˜˜˜;LWR
4439;367749358;M;25;˜˜;1388;2019-04-11;2019-04-12 19:08:28;˜ ˜˜˜˜˜˜;LWR
4440;1017757361;F;48;˜˜;324;2022-11-30;2022-11-30 02:11:02.600000;0;LWR
4441;1194623603;F;47;˜˜;833;2022-07-07;2022-07-07 14:40:23;˜˜˜˜˜˜˜˜˜˜ ˜˜˜;MED
4442;871008522;F;28;˜˜;740;2023-07-12;2023-07-12 21:24:29;˜˜˜˜˜-˜˜˜˜˜˜˜˜ ˜˜;LWR
4443;164082148;M;31;˜˜;462;2015-02-11;2018-04-29 13:57:43;˜˜˜˜˜˜˜˜˜˜ ˜˜˜;LWR
4444;133499674;F;33;˜˜;740;2021-06-26;2022-02-14 17:40:44;˜˜˜˜ ˜˜˜˜˜˜˜˜˜˜˜˜;LWR
4445;676223467;M;36;˜˜;833;2017-02-03;2017-02-06 13:33:00;˜˜˜˜˜˜˜˜˜ ˜˜˜;LWR
4446;1039230423;F;49;˜˜;833;2023-01-26;2023-01-26 12:25:43;˜˜˜˜˜˜˜˜˜˜˜˜ ˜˜˜;LWR
4447;784086615;F;59;˜˜;0;2024-12-25;2024-12-25 20:18:43;0;LWR
4448;867405129;M;28;˜˜;648;2021-02-14;2021-02-18 13:05:07;˜ ˜˜˜˜˜˜;LWR
4449;852227892;M;33;˜˜;648;2023-09-17;2023-09-17 11:03:23;˜˜˜˜˜˜˜˜˜˜ ˜˜˜;LWR
4450;251807868;M;35;˜˜;925;2021-03-27;2021-03-27 12:55:16;˜˜˜˜˜˜ ˜˜˜;LWR
4451;430766315;F;18;˜˜;925;2021-04-03;2021-06-30 22:39:52;˜˜˜˜˜˜ ˜˜˜;LWR
4452;298861052;F;24;˜˜;648;2021-03-11;2021-03-19 12:42:30;˜˜˜˜˜˜˜˜˜˜˜˜ ˜˜˜;LWR
4453;355045186;F;35;˜˜;1851;2020-08-07;2020-08-07 22:05:18;˜˜˜˜˜˜˜˜˜˜˜˜˜ ˜˜˜˜;LWR
4454;792172273;M;41;˜˜;925;2022-03-13;2022-03-13 08:45:39;˜˜˜˜˜˜˜˜˜˜˜˜˜ ˜˜˜˜;LWR
4455;1198518966;M;32;˜˜;555;2023-07-07;2023-07-07 21:15:52;˜˜˜˜˜˜˜˜˜˜˜˜˜ ˜˜˜;LWR
4456;327749064;M;22;˜˜;462;2021-02-13;2021-02-13 18:30:22;˜˜˜˜˜˜˜˜˜˜˜ ˜˜˜;LWR
4457;260568508;M;36;˜˜;1388;2017-07-22;2017-08-13 15:01:59;˜ ˜˜˜˜˜-˜˜˜˜˜˜˜˜˜;LWR
4458;1000604743;M;46;˜˜;462;2024-09-27;2024-09-27 20:04:00;˜˜˜˜˜˜˜˜˜˜˜˜ ˜˜˜;LWR
4459;696008142;M;32;˜˜;185;2022-01-11;2022-02-08 22:46:08;˜˜˜˜˜˜˜˜˜˜˜˜ ˜˜˜;LWR
4460;145781156;F;22;˜˜;833;2022-01-05;2022-02-16 21:45:50;˜˜˜˜˜˜˜˜˜ ˜˜˜;LWR
4461;297216166;F;32;˜˜;925;2019-05-15;2019-05-20 12:21:33;˜ ˜˜˜˜˜˜;LWR
4462;903347778;M;35;˜˜;740;2018-08-07;2018-08-08 18:42:42;˜˜˜˜˜˜˜˜˜˜˜˜˜ ˜˜˜;LWR
4463;1052203243;M;68;˜˜;0;2021-01-06;2021-01-10 21:26:10;0;LWR
4464;791553792;M;37;˜˜;0;2017-07-26;2017-07-27 16:37:09;˜˜˜˜˜˜˜˜˜˜˜˜˜ ˜˜˜;LWR
4465;756611332;M;42;˜˜;6481;2019-05-18;2021-03-21 05:13:39;˜˜˜˜˜˜˜˜˜˜˜ ˜˜˜˜˜˜˜ - ˜˜˜˜˜˜˜;LWR
4466;779408050;F;25;˜˜;694;2021-02-08;2021-02-08 14:54:46;˜˜˜˜˜˜˜˜˜˜˜˜˜ ˜˜˜;LWR
4467;367462801;F;48;˜˜;1388;2023-07-05;2023-07-05 19:03:13;˜˜˜˜ ˜˜˜˜˜˜˜˜˜;LWR
4468;1208018245;F;21;˜˜;370;2023-04-12;2023-04-13 11:10:08;˜˜˜˜˜˜˜˜˜˜˜˜˜ ˜˜˜;LWR
4469;896446475;M;30;˜˜;2592;2021-10-28;2021-12-05 18:49:09;0;LWR
4470;266815313;M;38;˜˜;5092;2016-12-19;2017-02-15 14:36:35;˜˜˜˜˜˜˜˜˜˜˜˜ ˜˜˜;LWR
4471;33867412;M;21;˜˜;925;2022-05-21;2022-05-21 15:42:50;˜˜˜˜˜˜˜˜˜˜˜˜ ˜˜˜˜;LWR
4472;1156042769;M;23;˜˜;277;2022-07-08;2022-07-10 11:57:48;˜˜˜˜˜˜˜˜˜˜˜˜˜ ˜˜˜;LWR
4473;606077474;F;28;˜˜;648;2022-10-14;2022-10-22 19:51:06;˜˜˜˜˜˜˜˜˜˜˜˜˜ ˜˜˜˜;LWR
4474;299266424;F;21;˜˜;0;2022-06-09;2022-06-09 14:16:05;˜˜˜˜ ˜˜˜˜˜˜˜;LWR
4475;1154999387;M;52;˜˜;2342;2024-12-05;2024-12-07 13:23:04;0;LWR
4476;157721811;F;39;˜˜;1388;2017-10-20;2017-11-01 06:27:40;˜˜˜˜˜˜˜˜ ˜˜˜˜;LWR
4477;321903621;F;37;˜˜;0;2021-07-24;2022-03-29 10:29:21;0;LWR
4478;403626353;M;45;˜˜;2314;2020-04-22;2020-05-13 05:10:02;˜˜˜˜˜˜˜˜˜˜˜˜˜ ˜˜˜;LWR
4479;206030183;M;43;˜˜;740;2023-12-14;2023-12-14 22:45:41;˜˜˜˜˜˜˜˜˜˜˜˜˜ ˜˜˜;LWR
4480;300381041;F;18;˜˜;0;2023-05-10;2023-05-10 12:02:10;0;LWR
4481;427062206;M;37;˜˜;0;2024-09-18;2024-09-19 16:22:49;˜˜˜˜˜˜˜˜˜ ˜˜˜;LWR
4482;610490931;F;27;˜˜;1018;2020-02-13;2019-12-04 17:14:51;˜˜˜˜˜˜ ˜˜˜;LWR
4483;399365326;F;22;˜˜;740;2020-03-08;2022-01-15 21:45:56;˜˜˜˜˜˜˜˜ ˜˜˜;LWR
4484;862296749;F;43;˜˜;555;2020-09-05;2020-09-07 16:56:32;˜˜˜˜ ˜˜˜˜˜˜˜˜˜-˜˜˜˜˜˜˜˜˜˜;LWR
4485;742353531;F;40;˜˜;0;2022-06-13;2022-06-14 18:03:18;0;LWR
4486;859454059;F;38;˜˜;0;2025-02-04;2025-02-07 17:06:13;0;LWR
4487;779733595;F;40;˜˜;925;2022-03-02;2022-03-06 05:36:29;˜˜˜˜˜˜˜˜˜˜ ˜˜˜˜;MED
4488;1037208731;F;30;˜˜˜˜˜˜˜;0;2023-02-27;2023-02-27 01:22:48;˜ ˜˜˜˜˜˜;LWR
4489;975408386;M;42;˜˜;0;2020-04-17;2020-04-20 11:04:11;0;LWR
4490;765662584;M;33;˜˜;0;2022-11-16;2022-11-19 09:47:09;0;LWR
4491;149739851;M;49;˜˜;555;2018-11-10;2018-11-13 13:44:27;˜˜˜˜˜˜˜˜˜˜˜˜ ˜˜˜;LWR
4492;674417215;M;22;˜˜;0;2022-05-12;2022-05-12 15:44:42;˜ ˜˜˜˜˜-˜˜˜˜˜˜˜˜˜;LWR
4493;902019754;F;28;˜˜;0;2022-06-02;2022-06-06 10:12:43;˜ ˜˜˜˜˜˜;LWR
4494;289058796;F;33;˜˜;2379;2023-01-29;2023-01-29 17:15:42;˜˜˜˜˜˜˜˜ ˜˜˜;MED
4495;120662620;M;16;˜˜;0;2024-08-05;2024-08-07 15:04:30;0;LWR
4496;648456422;F;40;˜˜;1388;2015-03-02;2015-05-09 16:35:11;˜˜˜˜˜˜˜˜˜˜˜˜ ˜˜˜;LWR
4497;507909384;M;46;˜˜;0;2023-12-09;2023-12-09 15:08:11;˜ ˜˜˜˜˜˜;LWR
4498;763945364;F;50;˜˜;1620;2019-03-28;2021-02-04 16:22:36;˜˜˜˜˜˜˜˜˜˜˜˜ ˜˜˜˜;LWR
4499;255575066;M;20;˜˜;0;2024-11-08;2024-11-08 16:45:41;0;LWR
4500;895410988;F;37;˜˜;833;2021-10-27;2021-12-09 16:46:34;˜˜˜˜˜˜˜˜˜˜˜˜˜˜˜ ˜˜˜;LWR
4501;1000577639;M;41;˜˜;0;2023-05-30;2023-06-06 19:10:15;˜˜˜˜˜˜˜˜˜˜ ˜˜˜;LWR
4502;556974738;M;36;˜˜;370;2023-05-23;2024-12-27 12:41:17;˜ ˜˜˜˜˜˜;LWR
4503;649824985;M;41;˜˜;1388;2023-06-29;2024-10-17 12:18:33;˜˜˜˜˜˜˜˜˜˜˜˜ ˜˜˜˜;LWR
4504;968832182;F;37;˜˜;398;2022-11-16;2022-11-19 12:39:21;˜˜˜˜˜-˜˜˜˜˜˜˜˜˜˜ ˜˜˜˜˜˜˜˜˜˜ ˜˜˜˜˜ - ˜˜˜˜ ˜˜;MED
4505;891640455;M;21;˜˜;694;2023-01-17;2023-01-17 19:57:01;˜˜˜˜˜˜˜˜˜˜ ˜˜˜;LWR
4506;160906860;F;35;˜˜;0;2020-11-29;2020-11-29 15:31:47;˜ ˜˜˜˜˜-˜˜˜˜˜˜˜˜˜;LWR
4507;275085688;M;21;˜˜;0;2021-06-24;2022-02-08 03:36:15;0;LWR
4508;908421309;M;21;˜˜;296;2022-03-10;2022-03-11 21:05:15;˜˜˜˜ ˜˜˜˜˜˜˜˜˜˜;LWR
4509;423740046;F;50;˜˜;370;2018-12-17;2018-12-19 21:55:45;˜˜˜˜˜˜˜˜˜˜˜˜˜ ˜˜˜;MED
4510;936664138;M;24;˜˜;0;2024-01-15;2024-01-17 18:49:32;0;LWR
4511;550435042;F;40;˜˜;2314;2022-11-07;2022-11-15 11:49:09;˜˜˜˜˜˜˜˜˜˜˜˜˜ ˜˜˜;LWR
4512;28116859;M;32;˜˜;1111;2024-08-01;2024-04-09 01:58:41;˜˜˜˜˜˜˜˜˜˜ ˜˜˜˜;LWR
4513;322773850;F;18;˜˜;0;2023-04-09;2023-04-11 21:49:35;0;LWR
4514;998142929;M;34;˜˜;925;2022-12-04;2022-07-10 21:12:12;˜˜˜˜˜˜˜˜˜˜˜˜ ˜˜˜;LWR
4515;627933013;M;47;˜˜;1388;2025-03-04;2025-03-04 21:52:30;˜ ˜˜˜˜˜-˜˜˜˜˜˜˜˜˜;LWR
4516;703667156;F;40;˜˜;462;2021-02-12;2021-03-15 12:43:46;˜˜˜˜˜˜˜˜˜˜˜˜˜ ˜˜˜;LWR
4517;571486992;F;57;˜˜;0;2019-12-05;2019-12-08 12:54:22;˜˜˜˜˜˜˜˜˜˜˜˜˜ ˜˜˜;LWR
4518;996690595;M;53;˜˜;1666;2019-06-13;2019-06-17 06:26:03;˜˜˜˜˜˜˜˜˜ ˜˜˜;LWR
4519;21540283;F;47;˜˜;0;2023-11-28;2023-11-28 17:24:38;˜ ˜˜˜˜˜-˜˜˜˜˜˜˜˜˜;LWR
4520;605672802;M;37;˜˜;2314;2020-02-14;2020-02-15 12:50:14;˜ ˜˜˜˜˜-˜˜˜˜˜˜˜˜˜;LWR
4521;808462078;F;46;˜˜;1388;2019-03-19;2019-03-22 00:29:56;˜ ˜˜˜˜˜˜;LWR
4522;271994490;F;35;˜˜;648;2020-03-18;2022-10-11 15:47:37;˜ ˜˜˜˜˜˜;LWR
4523;1099613022;M;36;˜˜;0;2024-10-12;2024-10-15 12:32:55;˜ ˜˜˜˜˜-˜˜˜˜˜˜˜˜˜;LWR
4524;852824864;M;30;˜˜;648;2019-09-04;2022-02-08 07:00:08;˜˜˜˜ ˜˜˜˜˜˜˜˜˜;LWR
4525;940360950;F;28;˜˜;555;2022-09-14;2022-09-14 19:11:28;˜ ˜˜˜˜˜˜;LWR
4526;558552866;M;27;˜˜;1296;2019-07-29;2019-07-30 13:35:08;˜ ˜˜˜˜˜-˜˜˜˜˜˜˜˜˜;LWR
4527;864444332;M;25;˜˜;277;2022-04-25;2022-04-28 08:50:01;˜˜˜˜˜˜˜ ˜˜˜;LWR
4528;909498835;M;45;˜˜;490;2019-10-27;2020-04-24 16:13:03;˜˜˜˜˜˜ ˜˜˜;LWR
4529;749178235;M;32;˜˜˜˜˜˜˜;0;2022-09-05;2022-09-05 22:30:06;˜ ˜˜˜˜˜˜;LWR
4530;523164330;F;32;˜˜;925;2021-06-27;2021-06-27 02:46:52;˜˜˜˜˜˜˜˜˜˜ ˜˜˜;LWR
4531;863607842;M;54;˜˜;129;2018-03-27;2022-12-10 14:15:14;˜˜˜˜ ˜˜˜˜˜˜˜˜˜;LWR
4532;973835498;M;34;˜˜;1388;2020-03-24;2020-03-24 21:04:57;˜ ˜˜˜˜˜˜;LWR
4533;824904902;M;53;˜˜;1851;2011-06-28;2014-07-01 17:34:54;˜˜˜˜˜˜˜˜˜˜ ˜˜˜;LWR
4534;783663392;F;51;˜˜;1481;2023-10-10;2022-04-10 12:44:35;˜˜˜˜˜˜˜˜˜˜˜˜ ˜˜˜;LWR
4535;355348714;M;19;˜˜;555;2019-06-19;2020-04-18 13:52:44;˜ ˜˜˜˜˜-˜˜˜˜˜˜˜˜˜;LWR
4536;50824440;F;47;˜˜;0;2025-02-07;2025-02-11 14:37:38;˜˜˜˜˜˜˜˜˜˜˜ ˜˜˜;LWR
4537;894777982;M;36;˜˜;2685;2016-04-05;2020-05-27 06:43:39;˜˜˜˜˜˜˜˜˜˜˜˜ ˜˜˜˜;LWR
4538;1012132897;F;29;˜˜;555;2018-07-03;2019-05-27 12:39:51;˜˜˜˜˜˜˜˜˜˜˜˜˜ ˜˜˜;LWR
4539;1048755219;M;49;˜˜;4166;2014-05-28;2020-03-22 19:37:17;˜ ˜˜˜˜˜˜;LWR
4540;430536905;F;37;˜˜;0;2018-04-10;2018-04-12 19:22:22;˜˜˜˜˜˜˜˜ ˜˜˜˜;LWR
4541;1011059678;F;27;˜˜;370;2021-06-25;2022-02-08 07:56:44;˜˜˜˜˜˜˜˜˜˜˜˜˜ ˜˜˜;LWR
4542;1060530861;M;44;˜˜;925;2025-01-27;2025-01-29 11:31:08;˜˜˜˜˜˜˜˜˜˜ ˜˜˜˜;LWR
4543;958127211;M;21;˜˜;370;2021-05-29;2022-02-11 11:13:41;0;LWR
4544;364798091;F;48;˜˜;0;2022-05-06;2022-05-06 14:15:59;0;LWR
4545;254543501;F;60;˜˜;277;2022-10-29;2022-10-29 15:07:23;˜˜˜˜˜˜˜˜˜˜˜˜˜ ˜˜˜;LWR
4546;572308469;F;47;˜˜;1574;2024-10-04;2024-10-09 11:04:43;˜˜˜˜˜˜˜˜˜˜˜˜ ˜˜˜˜;LWR
4547;1025157540;F;37;˜˜;0;2022-11-11;2022-11-11 14:06:46;0;LWR
4548;1192715666;F;59;˜˜;0;2024-11-04;2024-11-04 11:56:27;0;LWR
4549;369889987;M;59;˜˜;0;2015-01-31;2015-02-02 13:35:22;˜˜˜ ˜˜˜˜˜˜˜˜˜˜˜˜˜˜˜;LWR
4550;908839897;F;18;˜˜;0;2022-05-26;2022-05-26 13:53:49;˜˜˜˜˜˜˜˜˜ ˜˜˜;LWR
4551;749569464;M;39;˜˜;694;2021-05-18;2022-02-10 09:51:54;0;LWR
4552;546940994;M;38;˜˜;0;2024-12-03;2024-12-03 10:08:00;0;LWR
4553;1166455722;M;47;˜˜;6481;2015-04-09;2015-04-13 19:20:38;˜˜˜˜˜˜˜˜˜˜ ˜˜˜;LWR
4554;232555846;F;65;˜˜;231;2022-06-26;2022-06-26 12:01:10;0;LWR
4555;404382837;F;35;˜˜;601;2023-08-21;2023-08-21 13:56:08;˜˜˜˜˜˜˜ ˜˜˜;LWR
4556;759279266;M;34;˜˜;2777;2020-02-29;2020-02-29 11:08:52;˜˜˜˜˜˜˜˜ ˜˜˜;LWR
4557;893675567;M;55;˜˜;0;2022-11-23;2022-11-23 21:25:24;0;LWR
4558;1019701891;F;65;˜˜;0;2025-01-15;2025-01-15 13:46:04;0;LWR
4559;278579868;F;26;˜˜;740;2021-04-06;2021-04-07 14:12:54;˜ ˜˜˜˜˜˜;LWR
4560;697004818;M;24;˜˜;694;2022-04-02;2022-04-02 22:25:54;˜ ˜˜˜˜˜˜;LWR
4561;347538940;F;39;˜˜;2314;2022-03-11;2022-03-15 05:23:43;˜˜˜˜˜˜˜˜˜ ˜˜˜;LWR
4562;1210253541;M;29;˜˜;1388;2024-09-10;2024-09-12 09:59:30;˜˜˜˜˜˜˜˜˜˜˜ ˜˜˜˜˜˜˜ - ˜˜˜˜˜˜˜;LWR
4563;564795784;F;49;˜˜;925;2022-11-04;2022-11-04 11:49:54;˜˜˜˜˜˜˜˜˜ ˜˜˜;LWR
4564;754506594;M;35;˜˜;851;2022-01-31;2022-02-09 08:51:04;0;LWR
4565;952577502;F;36;˜˜;555;2024-10-30;2024-11-10 10:36:17;˜˜˜˜˜˜˜˜˜˜˜˜ ˜˜˜;LWR
4566;552985468;F;40;˜˜;462;2021-06-29;2022-02-08 17:59:17;˜˜˜˜˜˜˜˜˜˜˜˜ ˜˜˜;LWR
4567;1074977681;F;41;˜˜;1314;2022-07-12;2023-06-22 19:03:32;˜˜˜˜ ˜˜˜˜˜˜˜˜˜;LWR
4568;428839580;F;25;˜˜;0;2022-05-09;2022-05-09 12:37:20;0;LWR
4569;1210610623;F;29;˜˜;925;2021-02-11;2021-02-11 19:34:43;˜˜˜˜˜˜˜˜˜˜˜˜ ˜˜˜;LWR
4570;1167311863;M;47;˜˜;0;2020-10-26;2023-12-28 20:59:52;˜˜˜˜˜˜˜˜˜˜ ˜˜˜;LWR
4571;1006097861;F;36;˜˜;925;2018-03-06;2018-06-13 15:46:13;˜˜˜˜˜˜˜˜˜˜˜˜˜ ˜˜˜;LWR
4572;1039510285;M;27;˜˜;2592;2016-10-17;2021-08-04 09:45:29;˜˜˜˜˜˜˜˜˜˜ ˜˜˜;LWR
4573;231176537;F;32;˜˜;0;2020-03-14;2020-03-16 13:10:03;˜ ˜˜˜˜˜-˜˜˜˜˜˜˜˜˜;LWR
4574;695308424;M;28;˜˜;462;2021-10-24;2022-02-17 06:44:58;˜˜˜˜˜˜˜˜˜˜˜˜ ˜˜˜;LWR
4575;1204754817;F;22;˜˜;370;2021-05-17;2023-12-18 12:09:19;˜˜˜˜˜˜˜˜˜˜ ˜˜˜;LWR
4576;789323971;F;43;˜˜;555;2023-01-07;2023-01-07 10:07:57;0;LWR
4577;380885862;F;59;˜˜;0;2024-01-10;2024-01-10 18:32:13;˜ ˜˜˜˜˜˜;LWR
4578;1032660434;M;37;˜˜;1388;2022-07-09;2021-02-01 09:10:29;˜˜˜˜˜˜˜˜˜˜˜˜˜ ˜˜˜;LWR
4579;1000903579;F;18;˜˜;648;2024-10-02;2024-10-02 10:34:19;0;LWR
4580;860578368;F;23;˜˜;1203;2020-02-06;2020-02-07 21:38:16;˜ ˜˜˜˜˜˜;LWR
4581;1005810035;F;26;˜˜˜˜˜˜˜˜˜˜;0;2023-04-04;2023-04-04 21:59:37;˜ ˜˜˜˜˜˜;LWR
4582;646245787;F;20;˜˜;0;2021-04-17;2021-04-21 10:20:44;˜˜˜˜ ˜˜˜˜˜˜˜˜˜˜˜˜;LWR
4583;693978438;M;28;˜˜;925;2016-03-18;2020-09-26 15:27:14;˜˜˜˜˜˜˜˜˜˜˜˜ ˜˜˜;LWR
4584;675458943;F;50;˜˜;833;2022-02-18;2022-02-18 22:06:31;0;LWR
4585;850389399;F;29;˜˜;324;2023-08-18;2023-08-22 12:26:52;˜ ˜˜˜˜˜-˜˜˜˜˜˜˜˜˜;LWR
4586;620086925;M;30;˜˜;370;2023-06-21;2023-06-21 17:16:59;˜˜˜˜˜˜˜˜˜˜˜˜ ˜˜˜;LWR
4587;856491951;F;74;˜˜;277;2007-10-01;2015-12-14 17:15:46;˜˜˜˜˜˜˜˜ ˜˜˜;LWR
4588;1046566001;F;33;˜˜;833;2021-05-19;2021-02-05 15:17:52;˜˜˜˜˜˜˜˜˜˜˜˜˜ ˜˜˜;LWR
4589;1170058095;F;14;˜˜;0;2024-10-18;2024-10-22 16:35:41;0;LWR
4590;852825786;M;30;˜˜;0;2020-02-01;2020-02-03 18:56:08;˜˜˜˜˜˜˜˜˜˜˜˜˜ ˜˜˜;MED
4591;109539131;M;22;˜˜;740;2020-01-24;2021-02-06 16:40:57;˜ ˜˜˜˜˜˜;LWR
4592;154961717;M;38;˜˜;555;2022-10-20;2022-10-21 06:51:30;˜˜˜˜˜˜˜˜˜ ˜˜˜;LWR
4593;343474115;M;24;˜˜;1388;2022-08-24;2022-08-24 20:27:09;˜˜˜˜˜˜˜˜˜˜˜ ˜˜˜;LWR
4594;958062380;M;36;˜˜;0;2013-06-16;2013-09-29 14:16:21;˜˜˜˜˜-˜˜˜˜˜˜˜˜˜;LWR
4595;703250203;M;41;˜˜;648;2019-11-13;2019-11-14 09:24:57;˜˜˜˜˜˜˜˜˜˜˜˜ ˜˜˜;LWR
4596;741091185;F;53;˜˜;1296;2022-06-30;2022-06-30 16:22:04;˜ ˜˜˜˜˜˜;LWR
4597;756523110;F;43;˜˜;462;2021-07-01;2021-07-01 22:45:18;˜ ˜˜˜˜˜-˜˜˜˜˜˜˜˜˜;LWR
4598;1021870883;M;43;˜˜;2314;2012-04-11;2022-12-29 17:16:00.444000;˜˜˜˜˜˜˜˜˜˜˜˜˜ ˜˜˜;LWR
4599;808465454;M;27;˜˜;555;2022-07-16;2022-07-16 10:58:36;˜˜˜˜˜˜˜˜˜˜ ˜˜˜;LWR
4600;246939361;F;38;˜˜;462;2020-09-21;2021-05-26 13:33:13;˜˜˜˜ ˜˜˜˜˜˜˜˜˜˜˜˜;LWR
4601;134314657;M;28;˜˜;675;2021-04-30;2021-04-30 22:14:43;˜ ˜˜˜˜˜˜;LWR
4602;121298294;M;50;˜˜;925;2017-02-22;2017-10-20 13:42:02;˜˜˜˜˜˜˜˜˜˜˜˜ ˜˜˜;LWR
4603;1178763230;F;23;˜˜;370;2022-05-11;2022-05-14 16:43:24;0;LWR
4604;1180112012;F;34;˜˜;0;2022-05-29;2022-05-29 12:41:49;˜˜˜˜˜˜˜˜˜˜ ˜˜˜;LWR
4605;741401130;F;25;˜˜;1018;2020-09-03;2020-09-03 19:58:38;˜ ˜˜˜˜˜˜;LWR
4606;1065240709;M;44;˜˜;648;2018-01-06;2018-01-15 13:18:07;˜˜˜˜ ˜˜˜˜˜˜˜˜˜˜˜˜;LWR
4607;1007979666;F;40;˜˜;1388;2019-11-08;2019-11-10 15:20:30;˜˜˜˜˜˜˜˜˜˜˜˜˜ ˜˜˜;LWR
4608;851091287;F;20;˜˜;0;2022-03-01;2022-03-01 21:39:21;0;LWR
4609;595175458;M;19;˜˜˜˜˜˜˜˜˜˜˜;0;2025-01-10;2025-01-17 16:29:54;˜ ˜˜˜˜˜˜;LWR
4610;966938985;F;24;˜˜;0;2021-06-29;2022-02-10 09:30:25;0;LWR
4611;904848212;M;24;˜˜˜˜˜˜˜˜˜;0;2021-05-02;2021-05-04 14:43:17;˜˜˜˜ ˜˜˜˜˜˜˜˜˜;LWR
4612;937323704;F;20;˜˜;462;2023-07-23;2023-07-23 23:15:41;˜˜˜˜˜˜˜˜˜ ˜˜˜;LWR
4613;1157965689;M;49;˜˜;1388;2021-12-26;2022-02-08 07:06:48;˜˜˜˜˜˜˜˜˜˜˜ ˜˜˜;LWR
4614;1210901915;M;61;˜˜;1296;2024-08-14;2024-08-14 13:05:26;˜˜˜˜˜˜˜˜˜˜ ˜˜˜;LWR
4615;2135066;F;31;˜˜;502;2020-06-29;2021-01-19 17:35:50;˜˜˜˜˜˜˜˜˜˜˜ ˜˜˜;MED
4616;279154823;F;17;˜˜;18;2021-10-28;2022-02-11 09:15:23;˜˜˜˜ ˜˜˜˜ /˜˜˜˜˜˜/;LWR
4617;428080649;F;17;˜˜;0;2023-11-08;2023-11-08 23:12:39;˜ ˜˜˜˜˜˜;LWR
4618;1068274376;M;23;˜˜;3240;2020-05-29;2020-05-30 09:57:48;˜˜˜˜ ˜˜˜˜˜˜˜˜˜˜˜˜;LWR
4619;642868597;M;39;˜˜˜˜˜˜˜˜˜;0;2024-03-29;2024-03-31 13:59:21;˜˜˜˜ ˜˜˜˜˜˜˜˜˜;LWR
4620;266592513;F;21;˜˜;277;2022-02-27;2022-03-04 07:29:58;˜˜˜˜˜˜˜˜ ˜˜˜;LWR
4621;542047794;M;34;˜˜;925;2021-10-03;2022-02-10 06:54:30;˜˜˜˜˜˜˜˜˜˜ ˜˜˜˜;LWR
4622;906152918;M;50;˜˜;1388;2020-10-01;2022-02-09 11:20:15;˜˜˜˜˜˜˜˜˜˜ ˜˜˜;LWR
4623;704862829;M;43;˜˜;1388;2020-06-01;2020-06-05 12:54:02;˜˜˜˜˜˜˜˜˜˜˜˜˜ ˜˜˜;LWR
4624;1191164400;M;42;˜˜;1574;2019-08-22;2019-08-23 11:16:08;˜ ˜˜˜˜˜˜;LWR
4625;257151936;F;78;˜˜;185;2022-02-21;2024-04-27 19:33:40;˜˜˜˜˜˜˜˜ ˜˜˜;LWR
4626;282454896;F;50;˜˜;0;2016-10-18;2017-01-20 07:13:06;˜˜˜˜˜˜;LWR
4627;1038950333;F;31;˜˜;462;2022-04-16;2022-03-30 21:57:00;˜˜˜˜˜˜˜˜˜˜˜˜˜˜˜ ˜˜˜;LWR
4628;864766170;F;21;˜˜;0;2024-09-09;2024-09-11 12:58:35;˜˜˜˜˜˜˜˜˜˜ ˜˜˜;LWR
4629;380160322;F;15;˜˜;0;2024-09-21;2024-09-21 15:54:10;0;LWR
4630;624473426;M;43;˜˜˜˜˜˜˜˜;740;2023-03-07;2023-03-07 19:07:12;˜˜˜˜˜˜˜˜˜˜ ˜˜˜;LWR
4631;1206541247;F;40;˜˜;1388;2020-11-02;2020-11-16 08:45:53;˜˜˜˜˜˜˜˜˜˜˜˜˜ ˜˜˜;LWR
4632;567825456;F;48;˜˜;2777;2017-04-09;2017-10-24 20:22:27;˜˜˜˜˜˜˜˜ ˜˜˜˜;LWR
4633;1017554773;F;51;˜˜;0;2013-07-16;2013-08-22 11:15:18;˜˜˜˜ ˜˜˜˜˜˜˜˜˜˜˜˜˜;LWR
4634;892163511;F;24;˜˜;324;2022-08-11;2022-08-11 13:38:35;˜˜˜˜˜˜˜˜ ˜˜˜;LWR
4635;909563979;M;22;˜˜;555;2021-10-19;2021-10-20 17:36:00;0;LWR
4636;1285571477;M;51;˜˜;833;2015-05-12;2019-03-20 10:46:28;˜ ˜˜˜˜˜-˜˜˜˜˜˜˜˜˜;LWR
4637;799293900;M;43;˜˜;462;2017-12-09;2017-12-16 14:14:01;˜˜˜˜˜˜˜˜˜˜˜˜ ˜˜˜;LWR
4638;237081574;M;42;˜˜;925;2020-01-14;2023-05-29 16:28:28;˜˜˜˜˜˜˜˜˜˜˜˜˜ ˜˜˜;LWR
4639;1072908633;F;38;˜˜;1018;2017-08-22;2017-08-25 11:36:49;˜ ˜˜˜˜˜˜;LWR
4640;154871635;M;27;˜˜;740;2020-04-04;2020-04-09 20:09:06;˜˜˜˜ ˜˜˜˜˜˜˜˜˜;LWR
4641;802181354;F;44;˜˜;3240;2016-02-06;2016-02-07 16:26:40;˜ ˜˜˜˜˜˜;LWR
4642;868865050;F;52;˜˜;277;2023-04-04;2023-04-04 09:29:02;˜˜˜˜˜˜˜˜˜˜ ˜˜˜;LWR
4643;643720191;F;24;˜˜;231;2021-09-16;2021-09-16 01:58:32;˜˜˜˜ ˜˜˜˜˜ ˜˜;LWR
4644;1209009824;M;21;˜˜;0;2024-11-16;2024-11-16 22:47:52;0;LWR
4645;251719327;M;43;˜˜;833;2021-06-20;2022-02-15 18:51:08;˜˜˜˜˜˜˜˜˜˜˜˜˜ ˜˜˜˜;LWR
4646;164079045;M;26;˜˜;1111;2022-11-07;2024-12-03 16:07:20;˜˜˜˜˜˜˜˜˜˜˜˜˜ ˜˜˜;LWR
4647;209953374;F;31;˜˜;648;2018-03-13;2018-03-15 07:35:11;˜˜˜˜˜˜˜ ˜˜˜;LWR
4648;851951062;F;29;˜˜˜˜˜;0;2024-02-27;2024-02-28 16:27:01;˜ ˜˜˜˜˜˜;LWR
4649;360355971;M;26;˜˜˜˜˜˜˜˜˜;370;2024-10-31;2024-11-02 09:36:27;˜˜˜˜ ˜˜˜˜˜˜˜˜˜˜˜˜;LWR
4650;628883593;M;33;˜˜;1111;2023-08-30;2023-08-30 13:32:52;˜˜˜˜˜˜˜˜˜˜ ˜˜˜;LWR
4651;599513152;F;24;˜˜;0;2022-11-21;2022-11-23 10:13:34;0;LWR
4652;774355195;M;36;˜˜;462;2023-03-18;2023-03-18 18:59:18;˜˜˜˜˜˜˜˜˜˜˜˜ ˜˜˜;LWR
4653;546911843;F;27;˜˜;555;2021-09-26;2021-10-20 23:38:06;˜˜˜˜ ˜˜˜˜˜˜˜˜˜;LWR
4654;320265223;M;42;˜˜;845;2013-04-04;2013-04-05 18:12:17;˜ ˜˜˜˜˜˜;LWR
4655;1041274531;M;42;˜˜;0;2021-06-28;2021-06-30 20:14:00;˜ ˜˜˜˜˜˜;LWR
4656;894811372;F;29;˜˜;648;2019-12-30;2021-04-23 14:34:41;˜˜˜˜˜˜˜˜˜˜˜ ˜˜˜˜˜˜˜ - ˜˜˜˜˜˜˜;LWR
4657;133361350;M;35;˜˜;925;2022-02-25;2022-02-25 14:43:24;˜˜˜˜˜˜˜˜˜ ˜˜˜;LWR
4658;304743831;M;28;˜˜;925;2019-11-21;2021-04-20 22:55:57;˜˜˜˜˜˜˜˜˜˜˜˜˜ ˜˜˜˜;LWR
4659;610552980;M;47;˜˜;2314;2015-04-04;2015-04-06 14:54:13;˜˜˜ ˜˜˜˜˜˜˜˜˜˜;LWR
4660;868754333;F;23;˜˜˜˜˜˜˜˜˜;0;2022-06-20;2022-06-20 18:02:44;0;LWR
4661;618183249;F;29;˜˜;416;2021-07-25;2021-04-13 23:07:45;˜˜˜˜˜˜˜˜˜˜˜˜˜ ˜˜˜˜;LWR
4662;1056614558;M;25;˜˜;1388;2024-07-26;2024-07-26 13:19:55;˜˜˜˜˜˜˜˜˜˜ ˜˜˜;LWR
4663;697574123;F;35;˜˜;1361;2017-05-22;2017-05-24 20:49:06;˜ ˜˜˜˜˜˜;LWR
4664;273228986;F;46;˜˜;0;2024-08-12;2024-08-13 14:49:53;˜˜˜˜˜˜˜˜˜˜˜˜˜˜ ˜˜˜˜;LWR
4665;1006335528;M;46;˜˜˜˜˜˜˜˜˜˜;462;2023-04-09;2023-04-09 20:28:01;˜˜˜˜˜˜˜˜˜˜˜˜ ˜˜˜;LWR
4666;867717560;M;23;˜˜;856;2025-02-11;2025-02-11 22:56:49;˜˜˜˜ ˜˜˜˜˜˜˜˜˜;LWR
4667;165039121;M;26;˜˜;2314;2020-03-12;2020-03-29 13:11:43;˜˜˜˜˜˜˜˜˜˜˜ ˜˜˜;LWR
4668;1024241562;F;68;˜˜;1388;2022-08-12;2022-09-07 09:51:09;0;LWR
4669;752344462;F;61;˜˜;925;2023-12-20;2023-12-25 15:49:13;˜˜˜˜˜˜˜˜˜˜˜˜˜ ˜˜˜˜;LWR
4670;362896859;M;57;˜˜;0;2022-06-26;2022-06-30 15:33:56;0;LWR
4671;970374134;F;35;˜˜;777;2020-11-30;2023-04-10 20:25:46;˜ ˜˜˜˜˜˜;LWR
4672;1200899047;F;59;˜˜;0;2020-01-06;2020-01-08 20:42:32;0;LWR
4673;1056192834;F;37;˜˜;462;2022-04-27;2022-04-27 06:13:23;˜˜˜˜ ˜˜˜˜˜˜˜˜˜;LWR
4674;1005200065;M;36;˜˜;462;2018-10-15;2018-10-30 14:30:26;˜˜˜˜˜˜˜˜˜˜ ˜˜˜;LWR
4675;261698254;M;17;˜˜;0;2023-04-08;2023-04-08 15:37:46;0;LWR
4676;940867716;F;31;˜˜;925;2019-08-20;2019-08-26 11:40:51;˜˜˜˜˜˜˜˜˜˜˜˜˜˜ ˜˜˜˜;LWR
4677;728964414;M;36;˜˜;0;2024-10-17;2024-10-19 11:49:37;˜˜˜˜˜˜˜˜˜˜˜˜˜ ˜˜˜;LWR
4678;798096250;M;62;˜˜;0;2025-03-04;2025-03-04 19:16:37;0;LWR
4679;92407628;F;48;˜˜;740;2020-06-24;2020-07-23 11:07:12;˜ ˜˜˜˜˜-˜˜˜˜˜˜˜˜˜;LWR
4680;391671148;F;20;˜˜;648;2024-03-06;2024-03-09 18:45:52;˜˜˜˜˜˜˜˜˜˜ ˜˜˜;LWR
4681;638511118;F;30;˜˜;2314;2019-10-03;2019-10-04 12:38:02;˜˜˜˜˜˜˜˜˜˜ ˜˜˜;LWR
4682;1158073631;F;37;˜˜;0;2020-04-30;2020-05-01 19:24:51;˜˜˜˜ ˜˜˜˜˜˜˜˜˜;LWR
4683;1041579829;M;29;˜˜;4629;2017-10-11;2017-10-14 18:30:27;˜ ˜˜˜˜˜˜;LWR
4684;363944366;M;75;˜˜˜˜˜˜˜;0;2025-03-11;2025-03-11 15:14:48;˜˜˜˜˜˜˜˜˜˜˜˜˜ ˜˜˜˜;LWR
4685;340087854;F;60;˜˜;0;2024-04-23;2024-04-25 09:13:20;0;LWR
4686;1038282253;F;54;˜˜;1388;2018-06-19;2018-06-20 14:13:00;˜˜˜˜˜˜˜˜˜˜˜˜˜ ˜˜˜;LWR
4687;865195947;F;37;˜˜;1203;2019-12-21;2019-12-24 09:26:32;˜˜˜˜ ˜˜˜˜˜˜˜;LWR
4688;859871760;F;27;˜˜;462;2022-12-07;2022-12-07 12:55:56;0;LWR
4689;372121326;F;27;˜˜;555;2019-05-23;2019-05-25 04:06:55;˜˜˜˜˜˜˜˜˜˜˜ ˜˜˜˜;LWR
4690;756423112;F;23;˜˜;0;2021-06-24;2021-07-26 21:11:22;˜ ˜˜˜˜˜˜;LWR
4691;374286146;F;36;˜˜;1388;2023-01-14;2021-04-09 14:45:47;˜˜˜˜˜˜˜˜˜ ˜˜˜;LWR
4692;999924703;F;35;˜˜;462;2013-09-10;2015-07-20 19:10:28;˜˜˜ ˜˜˜˜˜˜˜˜˜˜˜;LWR
4693;639229856;M;40;˜˜;2314;2021-10-26;2022-02-11 12:34:46;˜ ˜˜˜˜˜˜;LWR
4694;379147503;M;21;˜˜;55;2021-10-19;2022-02-08 09:43:11;0;LWR
4695;754096901;M;32;˜˜;2777;2012-05-24;2018-05-12 16:02:23;˜ ˜˜˜˜˜˜;LWR
4696;303598584;M;53;˜˜;1388;2012-03-11;2015-06-19 08:06:11;˜ ˜˜˜˜˜-˜˜˜˜˜˜˜˜˜;LWR
4697;898664205;F;45;˜˜;787;2021-02-07;2021-02-09 10:30:46;˜˜˜˜ ˜˜˜˜˜˜˜;LWR
4698;951996664;M;20;˜˜;0;2022-10-12;2022-10-12 18:13:49;0;LWR
4699;695914216;F;38;˜˜;0;2022-03-18;2022-03-18 12:41:19;˜ ˜˜˜˜˜-˜˜˜˜˜˜˜˜˜;LWR
4700;1059762355;M;36;˜˜;1666;2022-01-13;2022-02-09 10:25:00;˜˜˜˜˜˜˜˜˜ ˜˜˜;LWR
4701;337388854;M;35;˜˜;555;2024-05-02;2024-05-02 15:04:10;˜˜˜˜˜˜˜˜˜˜ ˜˜˜;LWR
4702;1162443017;F;22;˜˜;0;2019-11-14;2019-11-15 21:33:58;˜ ˜˜˜˜˜˜;LWR
4703;761065353;F;39;˜˜;490;2024-02-17;2024-02-17 13:39:57;˜˜˜˜˜˜˜˜ ˜˜˜;LWR
4704;1003193645;M;34;˜˜;925;2017-02-20;2022-02-08 07:01:23;˜˜˜˜˜˜˜˜˜˜˜˜ ˜˜˜;LWR
4705;602727809;M;45;˜˜;925;2018-03-14;2018-03-16 14:43:08;˜˜˜˜˜˜˜˜˜˜ ˜˜˜;LWR
4706;375490373;M;57;˜˜;648;2022-06-03;2022-06-06 17:18:58;˜˜˜˜˜˜˜˜˜˜˜˜˜ ˜˜˜;LWR
4707;546949361;M;57;˜˜;2592;2020-02-10;2020-03-02 14:54:05;˜ ˜˜˜˜˜˜;LWR
4708;1481350;F;41;˜˜;1388;2021-01-25;2021-01-27 12:57:11;˜ ˜˜˜˜˜˜;LWR
4709;567521876;M;38;˜˜;555;2021-05-26;2021-05-26 17:23:35;˜˜˜˜˜˜˜˜˜ ˜˜˜;LWR
4710;1063386286;F;41;˜˜;648;2024-12-06;2024-12-28 04:31:58;˜˜˜˜˜˜˜˜˜˜˜ ˜˜˜˜;LWR
4711;1284072107;F;22;˜˜;1111;2022-10-05;2022-10-16 10:34:17;˜˜˜˜˜˜˜˜˜˜ ˜˜˜;LWR
4712;862787469;M;21;˜˜;925;2023-05-04;2023-05-05 10:07:16;0;LWR
4713;543566998;M;23;˜˜;1388;2019-07-24;2022-09-09 15:46:36;˜˜˜˜˜˜˜˜˜˜˜˜ ˜˜˜;LWR
4714;1007217024;M;20;˜˜;509;2020-11-10;2020-11-12 14:00:30;˜˜˜˜˜˜˜˜˜˜˜˜˜ ˜˜˜;LWR
4715;2479314;F;26;˜˜;0;2018-09-03;2022-02-15 13:58:08;˜˜˜˜˜˜˜˜˜˜ ˜˜˜;LWR
4716;1021644712;F;28;˜˜;648;2022-03-21;2022-03-21 13:24:18;˜˜˜˜˜˜˜˜˜˜˜ ˜˜˜;LWR
4717;946264941;F;15;˜˜;0;2024-06-02;2024-06-02 20:27:35;0;LWR
4718;608166788;M;21;˜˜;277;2023-10-06;2023-10-09 13:35:01;˜˜˜˜˜˜˜˜ ˜˜˜;LWR
4719;553330185;F;50;˜˜;1851;2018-06-12;2018-06-13 16:38:49;˜ ˜˜˜˜˜˜;LWR
4720;1044953996;M;35;˜˜;925;2022-11-24;2022-11-29 18:11:31;˜˜˜˜˜˜˜˜˜˜˜˜ ˜˜˜;LWR
4721;244467448;M;35;˜˜;740;2017-12-20;2020-09-13 11:06:56;˜ ˜˜˜˜˜˜;LWR
4722;612060411;F;35;˜˜;925;2023-08-21;2023-08-21 15:55:11;˜ ˜˜˜˜˜˜;LWR
4723;1061548536;F;23;˜˜;0;2025-01-24;2025-01-26 13:07:19;0;LWR
4724;273815027;M;37;˜˜;861;2019-07-03;2019-07-04 11:32:01;˜˜˜˜˜˜˜˜˜˜ ˜˜˜;LWR
4725;1010121357;M;41;˜˜;2777;2018-09-06;2018-09-29 21:37:32;˜˜˜˜˜˜˜˜˜˜˜ ˜˜˜;LWR
4726;945478770;F;35;˜˜;370;2019-09-19;2019-09-21 11:38:35;˜˜˜˜˜˜˜˜˜˜˜ ˜˜˜;LWR
4727;845993050;M;55;˜˜;925;2020-12-28;2020-12-28 15:29:46;˜˜˜˜˜˜˜˜˜˜ ˜˜˜;LWR
4728;1163183056;M;49;˜˜;1703;2021-03-22;2021-03-26 17:43:00;˜˜˜˜˜˜˜˜˜˜ ˜˜˜;LWR
4729;428082558;F;25;˜˜;0;2019-07-02;2024-09-13 10:09:43;˜ ˜˜˜˜˜˜;LWR
4730;697119924;M;31;˜˜;0;2024-03-27;2024-03-28 09:28:24;˜˜˜˜˜˜˜˜˜˜ ˜˜˜;LWR
4731;863054863;F;47;˜˜;0;2024-03-01;2024-03-03 13:20:19;0;LWR
4732;731033448;M;53;˜˜;925;2024-03-12;2024-03-16 18:12:21;˜˜˜˜˜˜˜˜˜˜˜˜ ˜˜˜;LWR
4733;589202858;M;38;˜˜;0;2024-04-25;2024-04-25 23:22:23;0;LWR
4734;372757189;M;24;˜˜;925;2021-10-30;2022-02-10 04:07:48;˜ ˜˜˜˜˜˜;LWR
4735;777651113;F;38;˜˜;462;2011-11-15;2022-03-07 14:39:10;˜˜˜˜˜˜˜˜˜˜˜˜˜ ˜˜˜;LWR
4736;235368183;M;42;˜˜;0;2024-01-18;2024-01-18 11:06:58;˜˜˜˜˜˜˜˜ ˜˜˜;LWR
4737;866336842;M;27;˜˜;740;2022-06-15;2022-06-15 17:55:44;˜ ˜˜˜˜˜-˜˜˜˜˜˜˜˜˜;LWR
4738;758507536;M;26;˜˜;1231;2020-01-10;2020-01-12 14:23:25;˜ ˜˜˜˜˜˜;LWR
4739;131438371;F;59;˜˜;1666;2019-09-11;2022-08-22 10:17:58;˜˜˜˜˜˜˜˜˜˜˜˜˜ ˜˜˜;LWR
4740;517031696;F;48;˜˜;740;2022-03-02;2025-01-23 15:08:33;˜˜˜˜˜˜˜˜˜˜˜˜˜ ˜˜˜;LWR
4741;1179663663;F;43;˜˜;1111;2020-08-15;2020-08-15 14:15:11;˜˜˜˜˜˜˜˜˜˜˜˜˜ ˜˜˜;MED
4742;223388546;F;43;˜˜;740;2024-07-11;2024-07-16 12:37:39;˜˜˜˜˜˜˜˜˜˜˜˜˜ ˜˜˜;LWR
4743;1036467489;M;33;˜˜;1851;2020-08-06;2022-03-26 14:30:16;˜˜˜˜˜˜˜˜˜˜˜˜ ˜˜˜˜;LWR
4744;964460641;M;37;˜˜;2314;2020-12-10;2022-02-09 16:33:28;˜˜˜˜˜˜˜˜˜˜ ˜˜˜;LWR
4745;208632628;F;39;˜˜;925;2021-04-19;2021-05-17 05:00:27;0;LWR
4746;132528949;M;29;˜˜;925;2021-04-08;2021-04-08 12:50:17;˜˜˜˜˜˜˜˜˜˜˜˜˜ ˜˜˜;LWR
4747;722308089;M;55;˜˜;1574;2019-03-15;2022-02-14 22:16:16;˜˜˜˜˜˜˜˜˜˜ ˜˜˜;LWR
4748;652229528;F;50;˜˜;0;2021-10-27;2022-02-27 07:30:15;0;LWR
4749;820710320;F;35;˜˜;0;2016-12-21;2016-12-27 15:50:05;˜ ˜˜˜˜˜-˜˜˜˜˜˜˜˜˜;LWR
4750;783672361;F;21;˜˜;555;2022-09-13;2022-09-13 16:27:35;˜˜˜˜˜˜˜˜˜˜˜˜ ˜˜˜;LWR
4751;1041536707;F;57;˜˜;231;2021-06-25;2022-02-08 19:10:02;˜ ˜˜˜˜˜˜;LWR
4752;651799593;M;23;˜˜;1666;2021-01-21;2021-01-28 18:42:40;˜˜˜˜˜˜˜˜ ˜˜˜;LWR
4753;865109825;F;30;˜˜;1851;2017-01-11;2017-01-13 16:43:56;˜ ˜˜˜˜˜˜;LWR
4754;116990554;M;44;˜˜;370;2021-09-12;2022-02-09 19:15:25;0;LWR
4755;1266973630;F;27;˜˜;462;2019-04-11;2019-04-15 12:50:11;˜˜˜˜ ˜˜˜˜˜˜˜˜˜;LWR
4756;973310143;F;20;˜˜;0;2021-07-28;2022-02-08 18:02:04;˜˜˜˜˜˜˜˜˜˜˜˜˜ ˜˜˜;LWR
4757;256308096;F;48;˜˜;0;2019-09-23;2019-09-27 20:27:56;0;LWR
4758;846334815;F;50;˜˜;462;2022-05-07;2022-05-07 17:51:01;˜˜˜˜˜˜˜˜˜ ˜˜˜;LWR
4759;54611485;M;36;˜˜;925;2024-04-18;2024-04-18 09:25:17;˜˜˜˜˜˜˜˜˜˜ ˜˜˜;LWR
4760;868348670;M;17;˜˜;185;2021-08-08;2021-08-19 03:48:29;˜ ˜˜˜˜˜-˜˜˜˜˜˜˜˜˜;LWR
4761;308882154;F;36;˜˜;0;2019-04-08;2019-04-10 09:18:11;˜˜˜˜˜˜˜˜˜˜˜˜ ˜˜˜;LWR
4762;944256819;F;34;˜˜;1759;2017-12-12;2017-12-18 22:51:16;˜˜˜˜˜˜˜˜˜˜ ˜˜˜;LWR
4763;899871361;F;39;˜˜;0;2021-02-06;2021-02-06 16:59:04;˜˜˜˜˜˜˜˜˜˜˜˜˜ ˜˜˜;LWR
4764;397754056;F;51;˜˜;0;2021-06-22;2022-02-08 17:47:34;˜˜˜˜ ˜˜˜˜˜˜˜˜˜;LWR
4765;756073496;F;21;˜˜;0;2023-09-25;2023-09-25 12:24:09;0;LWR
4766;863493079;F;23;˜˜;0;2025-01-10;2025-01-10 22:32:48;˜ ˜˜˜˜˜-˜˜˜˜˜˜˜˜˜;LWR
4767;943163874;M;32;˜˜;555;2023-04-03;2023-04-03 09:13:49;˜˜˜˜˜˜˜˜˜˜˜˜˜ ˜˜˜;LWR
4768;1194303075;F;25;˜˜;324;2021-11-10;2021-11-17 16:58:53;˜˜˜˜˜˜˜˜˜ ˜˜˜;LWR
4769;555778029;M;38;˜˜;555;2021-03-10;2024-04-19 09:29:37;˜˜˜˜˜˜˜˜˜˜ ˜˜˜;LWR
4770;607760134;M;67;˜˜;3240;2020-04-03;2020-04-06 14:32:01;˜˜˜˜˜˜˜˜˜˜˜˜˜ ˜˜˜;LWR
4771;265025345;M;23;˜˜;0;2022-07-13;2022-07-13 13:35:26;0;LWR
4772;341499688;M;30;˜˜;0;2019-08-14;2019-08-15 14:57:45;˜ ˜˜˜˜˜˜;LWR
4773;1188320273;M;44;˜˜;925;2021-04-19;2021-04-19 12:47:09;˜˜˜˜˜˜˜˜˜ ˜˜˜;LWR
4774;1058062441;F;38;˜˜;231;2022-10-27;2022-10-27 10:18:15;˜˜˜˜˜˜˜˜˜˜ ˜˜˜;LWR
4775;279198814;F;26;˜˜˜˜˜˜˜˜;0;2022-07-07;2022-07-07 22:01:31;˜ ˜˜˜˜˜˜;LWR
4776;237644846;M;43;˜˜;925;2019-04-22;2019-04-25 09:10:59;˜ ˜˜˜˜˜-˜˜˜˜˜˜˜˜˜;LWR
4777;605592114;M;54;˜˜;0;2022-06-16;2022-06-16 09:14:42;0;LWR
4778;586715054;M;42;˜˜;601;2019-04-02;2020-04-13 12:15:43;˜˜˜˜˜˜˜˜˜˜˜ ˜˜˜;LWR
4779;249580242;M;25;˜˜;601;2022-04-16;2022-04-16 21:44:37;˜ ˜˜˜˜˜˜;LWR
4780;1199624705;F;47;˜˜;0;2017-01-31;2017-03-10 23:55:51;˜ ˜˜˜˜˜˜;LWR
4781;695065479;M;28;˜˜;555;2018-10-23;2018-10-24 12:07:27;˜ ˜˜˜˜˜-˜˜˜˜˜˜˜˜˜;LWR
4782;665007736;F;52;˜˜;740;2022-05-23;2022-05-23 16:12:50;˜˜˜˜˜˜˜˜˜˜ ˜˜˜;LWR
4783;561415542;M;27;˜˜˜˜˜;0;2024-08-19;2024-08-20 13:04:59;˜ ˜˜˜˜˜-˜˜˜˜˜˜˜˜˜;LWR
4784;623042324;M;31;˜˜;2500;2017-03-03;2017-03-20 15:13:11;˜˜˜˜˜˜˜˜˜ ˜˜˜;LWR
4785;645972562;F;21;˜˜;0;2021-11-15;2024-03-27 09:55:03;˜˜˜˜˜˜˜˜˜˜˜˜˜˜˜ ˜˜˜;LWR
4786;254181708;F;65;˜˜;0;2018-01-22;2018-01-28 14:19:14;˜ ˜˜˜˜˜˜;LWR
4787;552680875;M;34;˜˜;1481;2021-10-18;2023-03-07 09:02:58;˜˜˜˜˜˜˜˜˜˜ ˜˜˜;LWR
4788;218299407;M;39;˜˜;925;2011-01-24;2019-07-31 15:22:12;˜˜˜˜˜˜˜˜˜˜˜˜˜ ˜˜˜;LWR
4789;375503024;F;40;˜˜;0;2023-02-08;2023-02-09 00:06:28;0;LWR
4790;301022216;F;44;˜˜;3703;2020-03-30;2020-03-30 08:32:00;˜˜˜˜˜˜˜˜ ˜˜˜;LWR
4791;389369859;F;35;˜˜;648;2021-04-08;2021-04-08 21:04:37;˜˜˜˜˜˜˜˜˜˜ ˜˜˜;LWR
4792;750612927;F;37;˜˜;462;2021-04-02;2021-04-02 09:55:52;˜˜˜˜˜˜˜˜˜˜˜˜˜ ˜˜˜;LWR
4793;1143315347;M;45;˜˜;1666;2023-03-24;2023-03-26 10:42:01;˜˜˜˜˜˜˜˜˜˜˜˜˜ ˜˜˜˜;LWR
4794;1029118548;M;41;˜˜;925;2013-04-04;2013-05-07 01:25:12;˜ ˜˜˜˜˜˜;LWR
4795;904454466;M;40;˜˜;1111;2022-04-27;2022-04-27 14:48:24;˜˜˜˜˜˜˜˜˜ ˜˜˜;LWR
4796;1154444119;F;40;˜˜;0;2023-08-30;2023-08-30 21:19:18;˜ ˜˜˜˜˜-˜˜˜˜˜˜˜˜˜;LWR
4797;723382314;F;38;˜˜;1388;2024-06-07;2024-06-09 12:49:06;˜˜˜˜ ˜˜˜˜˜˜˜˜˜˜˜˜;LWR
4798;274351920;F;41;˜˜;0;2022-03-02;2022-03-02 14:23:25;˜ ˜˜˜˜˜-˜˜˜˜˜˜˜˜˜;LWR
4799;734156238;F;18;˜˜;185;2025-02-16;2025-02-16 12:59:08;0;LWR
4800;745394026;M;40;˜˜;416;2019-06-06;2022-04-26 16:00:55;˜˜˜˜˜˜˜˜˜˜˜˜ ˜˜˜;LWR
4801;748501430;M;61;˜˜;324;2023-07-15;2023-07-20 16:17:51;0;LWR
4802;611055901;F;56;˜˜;648;2021-02-14;2021-04-03 21:24:57;˜ ˜˜˜˜˜˜;LWR
4803;346507716;M;43;˜˜;0;2018-09-16;2018-09-19 11:49:53;˜˜˜˜˜˜˜˜˜˜˜˜ ˜˜˜˜;LWR
4804;771843946;F;21;˜˜;0;2019-12-17;2019-12-18 13:49:23;˜ ˜˜˜˜˜˜;LWR
4805;245835517;F;25;˜˜;555;2022-09-20;2022-02-12 16:13:50;˜˜˜˜˜˜˜˜˜˜˜˜˜ ˜˜˜˜;LWR
4806;754371661;F;37;˜˜;1111;2018-11-27;2018-12-03 21:06:45;˜˜˜˜˜˜˜˜˜˜ ˜˜˜;LWR
4807;151484638;F;36;˜˜;787;2024-05-21;2024-05-21 16:43:46;˜˜˜˜˜˜˜˜˜˜˜˜˜˜ ˜˜˜˜;LWR
4808;939319256;M;27;˜˜;796;2019-10-14;2019-10-16 11:55:27;˜˜˜˜˜˜˜˜˜˜˜˜˜ ˜˜˜;LWR
4809;1037201141;F;53;˜˜;277;2017-03-29;2024-11-25 22:00:38;˜˜˜˜˜˜;LWR
4810;696032889;M;31;˜˜;0;2024-10-01;2024-10-03 17:02:56;˜˜˜˜˜˜˜ ˜˜˜;LWR
4811;212949764;F;40;˜˜;185;2023-01-25;2023-01-31 10:29:39;˜˜˜˜˜˜˜˜˜˜˜˜˜ ˜˜˜˜;LWR
4812;692646231;F;46;˜˜;1296;2021-03-29;2021-03-29 12:59:32;˜˜˜˜˜˜˜˜˜˜˜˜ ˜˜˜;LWR
4813;156785315;M;40;˜˜;1388;2019-02-08;2019-02-13 11:07:15;˜˜˜˜˜˜˜˜˜ ˜˜˜;LWR
4814;560269378;M;35;˜˜;462;2018-12-08;2018-12-13 15:52:39;˜˜˜˜˜˜˜˜˜˜ ˜˜˜;LWR
4815;282065314;M;42;˜˜;1851;2022-02-20;2022-02-22 07:13:06;˜˜˜˜˜˜˜˜˜˜˜˜˜ ˜˜˜;LWR
4816;653325775;F;33;˜˜;555;2024-03-03;2024-03-06 10:29:53;˜˜˜˜˜˜˜˜˜˜˜˜˜ ˜˜˜;LWR
4817;1216504273;F;24;˜˜;185;2022-07-24;2020-11-23 20:13:59;˜˜˜˜˜˜˜˜˜˜˜ ˜˜˜;LWR
4818;1040212940;F;17;˜˜;0;2022-07-02;2022-07-02 11:58:58;0;LWR
4819;365892602;M;37;˜˜;648;2023-08-14;2022-02-24 14:37:23;˜˜˜˜˜˜˜˜ ˜˜˜;LWR
4820;281947803;F;36;˜˜;277;2019-09-27;2019-09-30 10:03:35;˜˜˜˜˜˜˜˜˜˜˜˜ ˜˜˜;LWR
4821;807858117;F;42;˜˜;1111;2022-06-15;2022-06-14 21:23:35;˜ ˜˜˜˜˜˜;LWR
4822;128011699;F;39;˜˜;497;2013-06-03;2022-02-08 14:59:37;˜˜˜˜˜˜˜˜˜˜˜˜˜ ˜˜˜˜;LWR
4823;759279713;M;20;˜˜;1388;2020-03-12;2021-09-08 06:41:28;˜˜˜˜ ˜˜˜˜˜˜˜˜˜;LWR
4824;290770416;M;56;˜˜;555;2018-06-22;2018-06-23 22:57:43;˜ ˜˜˜˜˜˜;LWR
4825;757127475;M;32;˜˜;0;2024-11-21;2024-11-24 09:01:19;0;LWR
4826;349545956;F;18;˜˜;0;2022-08-11;2022-08-11 16:22:13;0;LWR
4827;743824406;M;36;˜˜;1111;2017-09-08;2017-09-11 17:01:12;˜˜˜˜˜˜˜˜˜˜˜˜˜ ˜˜˜;LWR
4828;535008686;F;25;˜˜;925;2020-12-01;2020-12-01 17:27:01;˜˜˜˜˜˜˜˜˜˜˜˜ ˜˜˜;LWR
4829;270760808;F;36;˜˜;648;2018-09-14;2023-09-13 16:32:34;˜˜˜˜˜˜˜˜˜˜˜˜ ˜˜˜˜;LWR
4830;250421380;F;48;˜˜;740;2017-06-09;2024-07-22 11:15:38;˜˜˜˜˜˜˜˜˜˜ ˜˜˜;LWR
4831;318462784;M;34;˜˜;1111;2024-06-19;2024-06-19 13:06:24;˜˜˜˜˜˜˜˜˜ ˜˜˜;LWR
4832;764575938;M;20;˜˜;462;2022-09-01;2022-09-05 17:46:39;˜˜˜˜˜˜˜˜˜˜˜ ˜˜˜;LWR
4833;362897413;F;34;˜˜;370;2020-06-29;2020-06-29 11:23:27;˜˜˜˜˜˜˜ ˜˜˜;LWR
4834;942707697;M;25;˜˜;601;2021-05-02;2022-02-11 22:23:06;˜ ˜˜˜˜˜˜;LWR
4835;1069521761;M;30;˜˜;416;2023-07-17;2023-07-17 06:03:35;˜˜˜˜˜˜˜˜˜˜˜˜˜ ˜˜˜;LWR
4836;700910325;F;44;˜˜;1388;2022-02-05;2022-02-11 07:27:09;˜˜˜˜˜˜˜˜˜˜ ˜˜˜;LWR
4837;1078673162;F;42;˜˜;1203;2013-05-08;2023-06-11 12:11:23;˜˜˜˜˜˜˜˜˜˜˜˜˜˜ ˜˜˜˜;LWR
4838;906419055;F;26;˜˜;555;2022-02-05;2022-02-08 09:01:28;˜˜˜˜˜˜˜˜˜ ˜˜˜;LWR
4839;1202379936;M;27;˜˜;1388;2022-02-21;2022-02-22 11:51:04;0;LWR
4840;750338211;M;56;˜˜;1851;2015-01-30;2019-03-12 17:26:57;˜˜˜˜ ˜˜˜˜˜˜˜˜˜;LWR
4841;1000137738;F;52;˜˜;416;2015-05-29;2020-09-06 10:27:02;˜˜˜˜ ˜˜˜˜˜˜˜;LWR
4842;511591096;F;35;˜˜;462;2018-11-07;2018-11-23 21:14:13;˜˜˜˜ ˜˜˜˜˜˜˜˜˜;LWR
4843;392012104;F;39;˜˜;0;2023-09-13;2023-09-13 20:03:30;0;LWR
4844;1193468780;F;50;˜˜;925;2017-07-25;2017-08-17 22:53:51;˜˜˜˜˜˜˜˜˜˜˜˜ ˜˜˜;LWR
4845;393996410;F;40;˜˜;231;2024-12-06;2024-12-16 16:16:03;˜˜˜˜˜˜˜˜˜˜˜ ˜˜˜;LWR
4846;1217392786;M;33;˜˜;0;2018-12-18;2020-04-13 16:18:38;˜˜˜˜˜˜˜˜˜˜˜˜˜ ˜˜˜;LWR
4847;1056202055;M;46;˜˜;1203;2016-01-25;2022-03-25 20:32:58;˜ ˜˜˜˜˜˜;LWR
4848;615284305;F;46;˜˜;370;2020-10-24;2024-07-10 09:27:09;˜ ˜˜˜˜˜˜;LWR
4849;256956162;F;39;˜˜;0;2022-06-01;2022-06-01 14:30:09;0;LWR
4850;521852937;F;43;˜˜;787;2019-09-13;2019-12-03 10:53:18;˜˜˜˜˜˜˜˜˜˜˜˜˜ ˜˜˜;LWR
4851;564847975;M;36;˜˜;555;2019-03-25;2021-06-02 20:58:20;˜˜˜˜˜˜˜˜˜˜˜˜˜˜˜ ˜˜˜;LWR
4852;381681542;M;61;˜˜;1851;2024-01-06;2024-01-10 05:34:47;0;LWR
4853;268533327;M;42;˜˜;537;2023-10-02;2023-10-02 13:06:58;˜˜˜˜˜˜˜˜ ˜˜˜;LWR
4854;697561515;M;23;˜˜;1111;2019-03-14;2019-03-18 15:30:40;˜˜˜˜˜˜˜˜˜˜˜˜ ˜˜˜;LWR
4855;957181981;M;26;˜˜;324;2021-03-10;2021-03-15 14:17:39;˜˜˜˜˜˜˜˜˜˜˜˜˜ ˜˜˜;LWR
4856;815986139;F;60;˜˜;462;2023-01-18;2023-01-18 21:16:42;˜˜˜˜˜˜˜˜˜ ˜˜˜;LWR
4857;390142560;F;48;˜˜;0;2019-06-28;2022-02-13 13:55:24;˜˜˜˜ ˜˜˜˜˜˜˜;LWR
4858;375111831;M;31;˜˜;833;2018-10-09;2018-01-26 09:41:34;˜ ˜˜˜˜˜-˜˜˜˜˜˜˜˜˜;LWR
4859;1001182792;F;39;˜˜;344;2024-07-04;2024-07-04 13:19:24;˜˜˜˜˜˜˜˜˜ ˜˜˜;LWR
4860;393286750;F;24;˜˜;0;2019-09-02;2019-09-05 11:59:25;˜˜˜˜˜˜˜˜˜˜˜˜˜ ˜˜˜˜;LWR
4861;550125274;M;45;˜˜;925;2023-03-12;2023-03-12 12:53:49;˜˜˜˜ ˜˜˜˜ /˜˜˜˜˜˜/;LWR
4862;278289363;F;21;˜˜;462;2020-10-29;2020-10-29 19:44:58;˜˜˜˜ ˜˜˜˜˜˜˜˜˜˜;LWR
4863;1198301362;M;41;˜˜;648;2021-09-08;2022-02-08 07:22:55;˜˜˜˜ ˜˜˜˜ /˜˜˜˜˜˜/;LWR
4864;680154250;M;41;˜˜;138;2020-07-27;2020-07-27 12:42:48;˜˜˜˜˜˜˜˜˜˜˜˜˜ ˜˜˜;LWR
4865;37967381;M;35;˜˜;1388;2019-07-02;2019-07-04 12:57:42;˜ ˜˜˜˜˜-˜˜˜˜˜˜˜˜˜;LWR
4866;150205739;F;21;˜˜;231;2020-09-20;2020-09-21 05:49:42;˜ ˜˜˜˜˜˜;LWR
4867;970045464;F;32;˜˜;0;2025-02-22;2025-02-22 14:05:49;˜ ˜˜˜˜˜˜;LWR
4868;746447723;F;67;˜˜;1174;2014-03-24;2023-01-12 13:04:39;˜˜˜˜˜˜˜˜˜ ˜˜˜;LWR
4869;276729992;M;20;˜˜;92;2023-04-09;2023-04-09 23:02:03;˜˜˜˜˜˜˜˜˜˜˜˜ ˜˜˜;LWR
4870;896395883;M;21;˜˜;925;2020-03-13;2021-10-24 12:19:56;˜˜˜˜ ˜˜˜˜˜ ˜˜;LWR
4871;513919303;M;41;˜˜;185;2017-08-30;2017-09-08 12:18:03;˜˜˜˜ ˜˜˜˜˜˜˜˜ ˜˜˜˜˜˜ - ˜˜˜˜˜˜;LWR
4872;235574908;M;39;˜˜;1851;2023-03-22;2023-03-22 11:43:36;˜˜˜˜˜˜˜˜˜˜˜˜˜ ˜˜˜;LWR
4873;155859657;M;50;˜˜;9259;2018-01-31;2018-02-02 18:30:09;˜˜˜˜ ˜˜˜˜˜˜˜˜;LWR
4874;895219196;M;22;˜˜;462;2022-01-21;2022-02-07 22:53:17;˜˜˜˜˜˜˜˜˜˜ ˜˜˜;LWR
4875;313736003;F;51;˜˜;0;2018-12-03;2018-12-19 15:52:52;˜˜˜˜˜˜˜˜˜˜ ˜˜˜;LWR
4876;691910703;F;32;˜˜;481;2021-04-08;2021-04-09 11:03:22;˜˜˜˜˜˜˜˜˜˜˜ ˜˜˜;LWR
4877;893903922;F;47;˜˜;1203;2018-12-14;2023-11-06 19:50:24;0;LWR
4878;1042140200;M;33;˜˜;250;2021-11-01;2022-02-08 10:34:23;˜˜˜˜˜˜˜˜˜˜˜˜ ˜˜˜;LWR
4879;762853851;M;31;˜˜;2777;2019-05-08;2019-05-13 11:27:41;˜ ˜˜˜˜˜˜;LWR
4880;693330778;F;23;˜˜;833;2022-03-07;2022-03-09 12:09:38;˜ ˜˜˜˜˜˜;LWR
4881;393029366;F;33;˜˜;1280;2013-11-12;2017-12-16 10:44:30;˜˜˜˜˜˜˜˜˜˜˜˜ ˜˜˜;LWR
4882;367192821;M;41;˜˜;0;2015-03-28;2015-03-30 17:13:59;˜˜˜˜˜˜;LWR
4883;1170064741;M;45;˜˜;1018;2020-05-04;2020-05-06 19:06:58;˜ ˜˜˜˜˜˜;LWR
4884;329382991;M;43;˜˜;1851;2024-07-19;2024-07-19 11:27:11;˜ ˜˜˜˜˜˜;LWR
4885;961268848;M;30;˜˜;379;2019-01-27;2019-02-09 16:34:24;˜˜˜˜˜˜˜˜˜ ˜˜˜;LWR
4886;896801843;F;23;˜˜;18;2020-01-21;2020-01-22 16:15:07;˜˜˜˜˜˜˜˜˜ ˜˜˜;LWR
4887;164913118;F;29;˜˜;1296;2021-08-22;2023-11-14 19:56:18;˜˜˜˜˜˜˜˜˜˜ ˜˜˜;LWR
4888;372676682;M;38;˜˜;2592;2019-12-24;2020-01-02 18:11:49;˜˜˜˜˜˜˜˜˜˜ ˜˜˜;LWR
4889;971427097;F;22;˜˜;555;2021-04-24;2021-04-26 16:49:57;˜˜˜˜˜˜˜˜˜ ˜˜˜;LWR
4890;958048386;M;38;˜˜;925;2023-03-21;2023-03-23 00:01:30;˜˜˜˜˜˜˜˜˜˜˜˜˜ ˜˜˜˜;LWR
4891;863467927;M;32;˜˜;0;2022-12-22;2022-12-22 10:14:21;˜˜˜˜˜˜˜˜˜˜˜ ˜˜˜;LWR
4892;235595223;M;45;˜˜;833;2017-06-16;2017-06-20 14:58:19;˜ ˜˜˜˜˜-˜˜˜˜˜˜˜˜˜;LWR
4893;674748694;F;38;˜˜;4166;2021-12-28;2023-09-27 17:30:12;˜ ˜˜˜˜˜˜;MED
4894;295923729;F;41;˜˜;0;2019-05-13;2023-11-08 08:55:28;˜˜˜˜˜-˜˜˜˜˜˜˜˜˜˜ ˜˜˜˜˜˜˜˜˜˜ ˜˜˜˜˜ - ˜˜˜˜ ˜˜;LWR
4895;1013904128;F;41;˜˜;0;2023-09-13;2023-09-13 10:27:01;0;LWR
4896;160701260;M;34;˜˜;1111;2015-03-12;2015-03-16 14:51:37;˜˜˜˜˜˜˜˜˜˜˜˜˜ ˜˜˜;LWR
4897;628563272;M;33;˜˜;1388;2020-05-26;2020-05-28 13:02:45;˜˜˜˜ ˜˜˜˜˜˜˜˜;LWR
4898;1196078453;M;31;˜˜;555;2019-08-23;2019-09-03 16:23:32;˜˜˜˜˜˜˜˜˜˜˜˜˜ ˜˜˜;LWR
4899;995494817;F;38;˜˜;962;2021-09-04;2022-02-17 09:41:50;˜ ˜˜˜˜˜˜;LWR
4900;731415737;F;55;˜˜;648;2024-10-22;2024-10-22 11:57:13;˜˜˜˜˜˜˜˜˜˜˜˜ ˜˜˜˜;LWR
4901;385629280;M;25;˜˜;416;2018-06-17;2018-06-19 11:17:40;˜ ˜˜˜˜˜˜;LWR
4902;159407121;M;24;˜˜;740;2020-03-26;2020-04-01 16:03:09;˜˜˜˜˜˜˜˜˜ ˜˜˜;LWR
4903;141641528;M;46;˜˜;0;2019-05-26;2019-06-01 06:32:41;˜˜˜˜˜˜˜˜˜˜˜˜˜ ˜˜˜;LWR
4904;597514300;F;43;˜˜;0;2020-05-13;2020-05-14 15:16:26;˜˜˜˜˜˜˜˜˜˜˜˜ ˜˜˜;LWR
4905;396970526;M;23;˜˜;462;2022-08-03;2022-08-04 00:02:46;˜˜˜˜˜˜˜˜˜˜ ˜˜˜;LWR
4906;820716298;F;44;˜˜;925;2017-04-27;2017-04-28 16:56:43;˜˜˜˜˜˜˜˜˜˜˜˜˜ ˜˜˜;LWR
4907;1068533192;M;43;˜˜;0;2020-10-04;2021-03-26 13:57:47;˜˜˜˜ ˜˜˜˜˜˜˜˜˜;LWR
4908;353282336;M;29;˜˜;0;2018-06-09;2018-06-11 12:37:29;˜ ˜˜˜˜˜˜;LWR
4909;767805018;M;62;˜˜;509;2023-02-23;2023-02-24 23:13:34;˜ ˜˜˜˜˜˜;LWR
4910;1171759967;M;24;˜˜;1388;2020-11-25;2025-01-15 12:41:28;˜˜˜˜˜˜˜˜˜˜˜˜˜ ˜˜˜˜;LWR
4911;847097206;F;37;˜˜;0;2018-12-26;2018-12-28 11:51:12;˜˜˜˜˜˜˜˜˜ ˜˜˜˜˜˜˜˜˜˜ - ˜˜˜˜˜˜˜;LWR
4912;995028654;M;30;˜˜;277;2021-12-15;2022-03-01 18:17:03;˜˜˜˜˜˜˜˜˜ ˜˜˜;LWR
4913;641564572;F;44;˜˜˜˜˜˜˜;0;2022-01-03;2022-02-10 13:11:59;0;LWR
4914;901418677;F;42;˜˜;462;2024-05-27;2024-05-27 15:40:52;˜˜˜˜˜˜˜˜˜˜ ˜˜˜;LWR
4915;396006569;F;50;˜˜;740;2022-08-09;2022-08-09 10:04:16;0;LWR
4916;762820791;M;46;˜˜;1111;2023-12-01;2023-12-01 03:02:09;˜˜˜˜˜˜˜˜˜˜˜˜˜ ˜˜˜;LWR
4917;1063715459;M;40;˜˜;2314;2024-12-17;2024-12-03 08:50:08;˜˜˜˜˜˜˜˜˜˜˜˜˜˜ ˜˜˜˜;LWR
4918;823950998;M;49;˜˜;462;2023-01-31;2023-02-05 13:51:34;˜˜˜˜˜˜˜˜˜˜˜˜ ˜˜˜;LWR
4919;722311999;M;26;˜˜;1851;2021-05-14;2021-05-31 05:31:37;˜˜˜˜˜˜˜˜˜˜˜˜˜ ˜˜˜;LWR
4920;1162255396;M;51;˜˜;0;2023-09-16;2023-09-16 10:16:53;0;LWR
4921;952236194;F;29;˜˜;277;2021-06-15;2022-02-08 23:33:43;˜˜˜˜˜˜˜˜˜ ˜˜˜;LWR
4922;426743819;M;24;˜˜;925;2024-11-30;2024-12-02 18:07:11;˜˜˜˜ ˜˜˜˜˜˜˜˜;LWR
4923;956509664;F;35;˜˜;462;2023-04-14;2023-05-05 16:59:22;˜˜˜˜˜˜˜˜ ˜˜˜;LWR
4924;544580271;F;39;˜˜;833;2014-10-12;2021-06-03 06:25:08;˜˜˜˜˜˜˜˜˜˜˜˜ ˜˜˜˜;LWR
4925;250251740;F;31;˜˜;324;2022-06-09;2022-06-09 10:26:14;˜˜˜˜˜˜˜˜˜˜˜˜˜ ˜˜˜;LWR
4926;1182404186;F;41;˜˜;0;2022-06-16;2023-01-11 17:02:50;˜ ˜˜˜˜˜˜;LWR
4927;239688095;F;18;˜˜;324;2025-03-01;2023-02-24 11:10:59.843000;˜˜˜˜˜˜˜˜˜˜˜ ˜˜˜;LWR
4928;811615888;M;18;˜˜;0;2023-08-12;2023-08-14 15:13:07;0;LWR
4929;753690892;M;28;˜˜˜˜˜˜˜˜˜˜˜;0;2023-04-29;2023-05-01 11:36:59;˜˜˜˜˜˜˜˜˜˜ ˜˜˜;LWR
4930;262992734;M;39;˜˜;1111;2017-12-08;2017-12-14 14:30:41;˜˜˜˜˜˜˜˜˜˜˜˜˜ ˜˜˜;LWR
4931;908444250;M;24;˜˜;694;2021-02-09;2021-02-11 10:40:51;˜˜˜˜˜˜˜ ˜˜˜;LWR
4932;517033614;M;38;˜˜;1388;2015-06-12;2022-02-08 16:53:26;˜˜˜˜ ˜˜˜˜˜˜˜˜˜;LWR
4933;345701011;F;34;˜˜;92;2020-10-14;2020-10-26 06:54:39;˜˜˜˜ ˜˜˜˜ /˜˜˜˜˜˜/;LWR
4934;686193230;F;48;˜˜;555;2021-03-04;2021-03-04 10:32:12;˜˜˜˜˜˜˜˜˜˜ ˜˜˜;LWR
4935;549989198;F;21;˜˜;462;2022-05-18;2022-05-18 15:33:57;˜˜˜˜˜-˜˜˜˜˜˜˜˜˜˜ ˜˜˜˜˜˜˜˜˜˜ ˜˜˜˜˜ - ˜˜˜˜ ˜˜;LWR
4936;249980328;M;26;˜˜;1851;2020-08-31;2020-09-01 18:13:34;˜˜˜˜˜˜˜˜˜ ˜˜˜;LWR
4937;538719536;M;51;˜˜;0;2022-09-25;2022-09-27 19:34:08;0;LWR
4938;1045933062;M;19;˜˜;925;2019-06-29;2021-06-23 19:17:13;˜˜˜˜˜˜˜˜ ˜˜˜;LWR
4939;951577378;F;16;˜˜;0;2025-02-13;2025-02-14 12:56:25;˜ ˜˜˜˜˜˜;LWR
4940;1063663330;M;27;˜˜;462;2019-02-08;2019-10-24 17:34:57;˜˜˜˜˜˜˜˜˜˜˜˜ ˜˜˜;LWR
4941;302084674;M;22;˜˜;268;2022-10-05;2022-10-06 09:25:02;˜˜˜˜˜˜˜˜˜˜˜ ˜˜˜;LWR
4942;815179862;F;43;˜˜;324;2020-07-21;2020-07-21 15:19:35;˜˜˜˜˜˜˜˜˜˜˜˜˜ ˜˜˜;LWR
4943;1049243449;F;33;˜˜;231;2023-08-21;2023-08-23 09:52:44;˜˜˜˜˜˜ ˜˜˜;LWR
4944;769868312;M;38;˜˜;555;2016-08-13;2016-08-16 15:35:18;˜˜˜˜˜-˜˜˜˜˜˜˜˜˜;LWR
4945;335679355;M;42;˜˜;1388;2018-12-10;2018-12-23 14:54:26;˜ ˜˜˜˜˜˜;LWR
4946;972757158;M;43;˜˜;462;2024-05-10;2024-05-10 20:57:31;˜˜˜˜˜˜˜˜˜˜˜˜˜ ˜˜˜;LWR
4947;1178489180;F;33;˜˜;0;2023-01-23;2023-01-23 09:14:24;˜˜˜˜˜˜˜˜˜˜˜ ˜˜˜˜;LWR
4948;891815666;F;32;˜˜;2129;2019-07-23;2019-07-25 16:00:00;˜ ˜˜˜˜˜˜;LWR
4949;394071460;M;39;˜˜;833;2017-09-07;2017-09-09 11:24:05;˜˜˜˜˜˜ ˜˜˜;LWR
4950;253983006;M;42;˜˜;2314;2022-01-05;2024-02-17 13:59:04;˜˜˜˜ ˜˜˜˜˜˜˜˜˜˜˜˜;LWR
4951;362624912;M;26;˜˜;1157;2017-12-05;2018-06-20 04:43:00;˜˜˜˜˜-˜˜˜˜˜˜˜˜˜˜ ˜˜˜˜˜˜˜˜˜˜ ˜˜˜˜˜ - ˜˜˜˜ ˜˜;LWR
4952;144803027;F;50;˜˜;1388;2018-03-20;2019-05-17 10:00:42;˜˜˜˜˜˜˜˜˜˜ ˜˜˜;LWR
4953;747275994;M;43;˜˜;1851;2019-01-25;2019-02-07 11:42:49;˜˜˜˜ ˜˜˜˜˜˜˜˜˜;LWR
4954;531175399;M;56;˜˜;416;2019-03-02;2019-04-02 17:51:48;˜˜˜˜˜˜˜˜˜˜˜ ˜˜˜;LWR
4955;617757563;M;23;˜˜;324;2019-12-11;2023-01-23 12:35:22;˜˜˜˜˜˜˜˜˜˜ ˜˜˜;LWR
4956;741041750;F;40;˜˜;0;2023-12-20;2023-12-22 13:19:56;0;LWR
4957;124507858;M;33;˜˜;1064;2022-07-05;2022-07-05 12:04:12;˜˜˜˜ ˜˜˜˜;LWR
4958;125535036;M;33;˜˜;462;2021-10-25;2022-02-08 13:25:43;˜˜˜˜˜˜˜˜˜ ˜˜˜˜˜˜˜˜˜˜ - ˜˜˜˜˜˜˜;LWR
4959;25318719;F;32;˜˜;1111;2022-02-22;2022-02-24 23:59:18;˜˜˜˜˜˜˜˜˜˜˜˜˜ ˜˜˜˜;LWR
4960;611078126;F;24;˜˜;740;2019-05-31;2020-12-07 00:41:32;˜˜˜˜˜-˜˜˜˜˜˜˜˜˜˜ ˜˜˜˜˜˜˜˜˜˜ ˜˜˜˜˜ - ˜˜˜˜ ˜˜;LWR
4961;1146166080;M;48;˜˜;0;2017-08-26;2017-08-29 14:03:39;˜˜˜˜˜˜˜˜˜˜˜ ˜˜˜;LWR
4962;1012899126;M;29;˜˜;461;2023-11-07;2023-11-07 14:05:22;˜˜˜˜˜˜˜˜˜˜ ˜˜˜;LWR
4963;763498468;M;25;˜˜;925;2019-06-16;2019-06-19 14:57:42;˜˜˜˜˜˜˜˜˜˜˜˜ ˜˜˜;LWR
4964;808940799;F;65;˜˜;0;2023-10-21;2023-11-07 08:19:39;0;LWR
4965;115083610;F;40;˜˜;448;2018-03-21;2022-02-11 15:53:20;˜˜˜˜ ˜˜˜˜˜˜˜˜˜;LWR
4966;890053208;M;34;˜˜;1388;2022-04-27;2022-06-18 09:49:31;˜˜˜˜˜˜˜˜˜˜˜˜ ˜˜˜˜;LWR
4967;60359963;M;21;˜˜;0;2022-02-01;2022-02-09 12:02:48;0;LWR
4968;25194430;F;37;˜˜;0;2022-11-30;2022-12-03 17:10:47;0;LWR
4969;1155986415;F;63;˜˜;462;2021-09-01;2022-02-18 09:58:14;˜˜˜˜˜˜˜˜˜˜˜ ˜˜˜;LWR
4970;999934939;F;31;˜˜˜˜˜˜˜˜˜;0;2022-06-01;2022-06-01 21:24:58;˜ ˜˜˜˜˜˜;LWR
4971;891037936;F;41;˜˜;2592;2024-10-19;2024-10-10 08:57:51;˜ ˜˜˜˜˜˜;LWR
4972;964901906;F;48;˜˜;740;2015-08-20;2015-08-21 13:19:40;˜˜˜˜˜˜˜˜˜˜˜˜˜ ˜˜˜;LWR
4973;602212215;M;21;˜˜;535;2021-07-08;2021-10-13 23:52:59;˜˜˜˜˜˜˜˜˜˜ ˜˜˜;LWR
4974;754994138;M;40;˜˜;1851;2020-09-22;2020-09-23 11:41:20;˜˜˜˜˜˜˜˜˜˜ ˜˜˜;LWR
4975;724813904;F;61;˜˜;1342;2024-03-17;2024-03-21 18:38:48;˜ ˜˜˜˜˜˜˜˜˜˜˜;LWR
4976;850490939;F;30;˜˜;831;2023-05-24;2023-05-29 08:56:52;˜˜˜˜˜˜˜˜˜ ˜˜˜;LWR
4977;675716114;M;47;˜˜;666;2020-09-29;2020-10-05 12:03:46;˜˜˜˜˜˜˜˜˜˜˜˜˜ ˜˜˜˜;LWR
4978;133156262;F;34;˜˜;1851;2021-06-04;2022-02-07 22:41:29;˜˜˜˜˜˜˜˜˜˜˜˜˜ ˜˜˜˜;LWR
4979;368929808;M;31;˜˜;277;2023-06-27;2023-07-01 10:38:47;˜˜˜˜˜˜˜˜˜˜˜˜˜ ˜˜˜˜;LWR
4980;639242480;F;38;˜˜;462;2022-10-25;2022-10-25 22:57:50;0;LWR
4981;595929604;F;19;˜˜;0;2022-05-07;2022-05-07 18:46:06;0;LWR
